ts,direction,zone_id,reason,session,price,stop_distance,atr15,bars_to_retest,retest_completed
2015-03-03 13:30:00+00:00,-1,26,stop_too_wide,overlap,1206.326,8.034,1.673,,
2015-03-03 19:00:00+00:00,-1,26,retest_expired,newyork,1203.7635,,,13.0,False
2015-03-04 20:15:00+00:00,-1,21,stop_too_wide,newyork,1199.262,7.56,1.469,,
2015-03-31 03:15:00+00:00,-1,40,stop_too_wide,off,1183.0065,5.697,1.066,,
2015-03-31 06:00:00+00:00,-1,40,retest_expired,off,1182.3690000000001,,,13.0,False
2015-04-01 01:30:00+00:00,-1,40,retest_expired,off,1186.1905,,,13.0,False
2015-04-01 11:45:00+00:00,-1,40,retest_expired,london,1185.1045,,,13.0,False
2015-04-23 06:00:00+00:00,-1,39,stop_too_wide,off,1188.491,5.086,0.992,,
2015-04-23 11:00:00+00:00,-1,42,stop_too_wide,london,1189.7350000000001,7.244,1.183,,
2015-04-23 12:00:00+00:00,-1,42,stop_too_wide,overlap,1190.202,6.828,1.286,,
2015-04-23 13:00:00+00:00,-1,42,stop_too_wide,overlap,1188.8125,8.368,1.587,,
2015-04-23 14:00:00+00:00,-1,42,retest_expired,overlap,1187.377,,,13.0,False
2015-04-24 14:15:00+00:00,-1,42,retest_expired,overlap,1177.415,,,13.0,False
2015-04-24 17:00:00+00:00,-1,40,retest_expired,newyork,1176.836,,,13.0,False
2015-04-27 06:15:00+00:00,-1,40,stop_too_wide,off,1181.6145000000001,6.977,0.843,,
2015-04-27 07:00:00+00:00,-1,40,retest_expired,london,1182.3295,,,13.0,False
2015-04-27 08:00:00+00:00,-1,40,stop_too_wide,london,1182.289,6.36,0.958,,
2015-04-27 08:15:00+00:00,-1,40,stop_too_wide,london,1182.216,6.432,0.957,,
2015-04-27 10:15:00+00:00,-1,40,stop_too_wide,london,1182.897,5.733,0.922,,
2015-04-27 10:45:00+00:00,-1,40,retest_expired,london,1185.0505,,,13.0,False
2015-05-08 02:15:00+00:00,-1,40,stop_too_wide,off,1183.8345,4.797,0.924,,
2015-05-08 03:00:00+00:00,-1,40,stop_too_wide,off,1183.4155,5.189,0.87,,
2015-05-08 03:30:00+00:00,-1,40,stop_too_wide,off,1183.3265000000001,5.261,0.837,,
2015-05-08 04:15:00+00:00,-1,40,retest_expired,off,1184.4144999999999,,,13.0,False
2015-05-08 08:45:00+00:00,-1,47,stop_too_wide,london,1186.5,4.349,0.998,,
2015-05-08 09:45:00+00:00,-1,47,stop_too_wide,london,1186.345,4.521,1.032,,
2015-05-18 00:00:00+00:00,1,42,retest_expired,off,1222.9885,,,1918.0,False
2015-05-18 08:45:00+00:00,1,56,stop_too_wide,london,1228.8005,4.345,1.054,,
2015-05-18 09:00:00+00:00,1,56,retest_expired,london,1230.591,,,13.0,False
2015-05-22 10:15:00+00:00,1,26,stop_too_wide,london,1214.44,9.28,1.163,,
2015-05-22 11:00:00+00:00,1,26,stop_too_wide,london,1212.925,7.765,1.164,,
2015-05-22 12:15:00+00:00,1,26,stop_too_wide,overlap,1213.2065,8.118,1.307,,
2015-05-22 13:15:00+00:00,1,26,retest_expired,overlap,1204.51,,,13.0,False
2015-06-01 09:45:00+00:00,-1,47,stop_too_wide,london,1186.7579999999998,4.08,0.976,,
2015-06-01 10:00:00+00:00,-1,52,retest_expired,london,1186.078,,,13.0,False
2015-06-01 10:30:00+00:00,-1,47,retest_expired,london,1185.5755,,,13.0,False
2015-06-01 17:15:00+00:00,-1,60,retest_expired,newyork,1188.4485,,,13.0,False
2015-06-01 18:15:00+00:00,-1,48,retest_expired,newyork,1189.0845,,,13.0,False
2015-06-01 19:45:00+00:00,-1,52,stop_too_wide,newyork,1188.925,7.025,1.605,,
2015-06-01 20:00:00+00:00,-1,52,stop_too_wide,newyork,1188.774,7.175,1.601,,
2015-06-01 20:15:00+00:00,-1,52,retest_expired,newyork,1189.1745,,,13.0,False
2015-06-02 02:15:00+00:00,-1,47,stop_too_wide,off,1186.705,4.13,0.97,,
2015-06-03 11:15:00+00:00,-1,52,retest_expired,london,1190.1264999999999,,,13.0,False
2015-06-03 16:15:00+00:00,-1,52,stop_too_wide,newyork,1188.101,7.854,1.614,,
2015-06-03 18:45:00+00:00,-1,52,retest_expired,newyork,1185.6245,,,13.0,False
2015-06-04 12:00:00+00:00,-1,62,retest_expired,overlap,1183.0535,,,13.0,False
2015-06-05 01:15:00+00:00,-1,53,stop_too_wide,off,1177.612,4.996,0.856,,
2015-06-05 01:30:00+00:00,-1,53,stop_too_wide,off,1177.3795,5.225,0.849,,
2015-06-05 02:30:00+00:00,-1,53,stop_too_wide,off,1177.6455,4.937,0.805,,
2015-06-05 03:00:00+00:00,-1,53,stop_too_wide,off,1177.8935000000001,4.663,0.752,,
2015-06-05 03:15:00+00:00,-1,53,retest_expired,off,1177.645,,,13.0,False
2015-06-05 09:30:00+00:00,-1,53,retest_expired,london,1176.029,,,13.0,False
2015-06-09 06:15:00+00:00,-1,53,stop_too_wide,off,1176.755,5.887,0.923,,
2015-06-09 06:45:00+00:00,-1,53,stop_too_wide,off,1177.3535000000002,5.296,0.938,,
2015-06-09 07:15:00+00:00,-1,53,stop_too_wide,london,1176.5500000000002,6.131,1.001,,
2015-06-09 08:45:00+00:00,-1,53,retest_expired,london,1180.319,,,13.0,False
2015-06-09 09:30:00+00:00,-1,54,stop_too_wide,london,1180.9385,5.717,1.345,,
2015-06-09 13:45:00+00:00,-1,54,stop_too_wide,overlap,1177.515,9.248,1.561,,
2015-06-09 15:45:00+00:00,-1,54,retest_expired,newyork,1178.3785,,,13.0,False
2015-06-09 18:45:00+00:00,-1,53,stop_too_wide,newyork,1177.73,4.916,0.932,,
2015-06-09 19:00:00+00:00,-1,53,stop_too_wide,newyork,1177.25,5.384,0.908,,
2015-06-09 22:45:00+00:00,-1,53,retest_expired,off,1177.12,,,13.0,False
2015-06-10 04:30:00+00:00,-1,53,retest_expired,off,1180.0104999999999,,,13.0,False
2015-06-11 12:00:00+00:00,-1,62,retest_expired,overlap,1178.3535000000002,,,111.0,False
2015-06-11 19:45:00+00:00,-1,54,stop_too_wide,newyork,1181.666,4.868,1.102,,
2015-06-11 20:45:00+00:00,-1,54,retest_expired,newyork,1182.065,,,13.0,False
2015-06-12 08:30:00+00:00,-1,54,stop_too_wide,london,1179.8445000000002,6.606,0.936,,
2015-06-12 11:15:00+00:00,-1,54,retest_expired,london,1180.6950000000002,,,13.0,False
2015-06-12 16:30:00+00:00,-1,54,stop_too_wide,newyork,1180.37,6.254,1.283,,
2015-06-12 17:15:00+00:00,-1,54,stop_too_wide,newyork,1180.26,6.315,1.184,,
2015-06-12 18:30:00+00:00,-1,54,retest_expired,newyork,1180.175,,,13.0,False
2015-06-12 20:15:00+00:00,-1,54,stop_too_wide,newyork,1181.2795,5.124,0.842,,
2015-06-15 04:00:00+00:00,-1,62,retest_expired,off,1181.4955,,,18.0,False
2015-06-15 10:30:00+00:00,-1,62,retest_expired,london,1176.2804999999998,,,13.0,False
2015-06-15 10:45:00+00:00,-1,54,retest_expired,london,1175.9315,,,13.0,False
2015-06-15 10:45:00+00:00,-1,68,retest_expired,london,1175.9315,,,13.0,False
2015-06-16 16:00:00+00:00,-1,52,retest_expired,newyork,1180.427,,,93.0,False
2015-06-16 19:45:00+00:00,-1,68,stop_too_wide,newyork,1181.8395,4.056,0.967,,
2015-06-16 20:30:00+00:00,-1,68,stop_too_wide,newyork,1182.279,3.581,0.894,,
2015-06-16 20:45:00+00:00,-1,68,stop_too_wide,newyork,1182.095,3.744,0.854,,
2015-06-16 22:30:00+00:00,-1,68,stop_too_wide,off,1182.135,3.654,0.752,,
2015-06-16 22:45:00+00:00,-1,68,stop_too_wide,off,1181.915,3.858,0.721,,
2015-06-16 23:15:00+00:00,-1,68,stop_too_wide,off,1181.9450000000002,3.795,0.655,,
2015-06-16 23:45:00+00:00,-1,68,retest_expired,off,1182.2710000000002,,,13.0,False
2015-06-17 00:15:00+00:00,-1,68,stop_too_wide,off,1181.2345,4.525,0.695,,
2015-06-17 01:45:00+00:00,-1,54,stop_too_wide,off,1181.1095,5.262,0.777,,
2015-06-17 02:15:00+00:00,-1,54,stop_too_wide,off,1181.1745,5.201,0.785,,
2015-06-17 02:45:00+00:00,-1,54,stop_too_wide,off,1180.2735,6.111,0.804,,
2015-06-17 03:15:00+00:00,-1,68,retest_expired,off,1179.9095,,,13.0,False
2015-06-17 04:00:00+00:00,-1,54,stop_too_wide,off,1180.3049999999998,6.05,0.744,,
2015-06-17 04:15:00+00:00,-1,54,retest_expired,off,1180.3139999999999,,,13.0,False
2015-06-17 17:45:00+00:00,-1,53,retest_expired,newyork,1178.9834999999998,,,13.0,False
2015-06-22 09:15:00+00:00,1,52,stop_too_wide,london,1195.5700000000002,6.658,0.997,,
2015-06-22 09:45:00+00:00,1,52,stop_too_wide,london,1195.5645,6.732,1.156,,
2015-06-22 10:30:00+00:00,1,52,stop_too_wide,london,1194.2815,5.514,1.287,,
2015-06-22 11:45:00+00:00,1,52,stop_too_wide,london,1193.99,5.172,1.185,,
2015-06-22 12:00:00+00:00,1,52,retest_expired,overlap,1193.71,,,13.0,False
2015-07-01 14:30:00+00:00,-1,64,stop_too_wide,overlap,1169.5355,8.63,1.676,,
2015-07-01 15:15:00+00:00,-1,64,retest_expired,overlap,1170.155,,,13.0,False
2015-07-02 01:45:00+00:00,-1,67,stop_too_wide,off,1167.8094999999998,5.274,0.712,,
2015-07-02 02:15:00+00:00,-1,67,stop_too_wide,off,1167.7555,5.314,0.685,,
2015-07-02 03:15:00+00:00,-1,67,stop_too_wide,off,1168.156,4.881,0.621,,
2015-07-02 03:30:00+00:00,-1,67,stop_too_wide,off,1167.7755,5.264,0.625,,
2015-07-02 04:00:00+00:00,-1,67,stop_too_wide,off,1167.8055,5.233,0.624,,
2015-07-02 04:15:00+00:00,-1,67,retest_expired,off,1168.106,,,13.0,False
2015-07-02 09:00:00+00:00,-1,67,retest_expired,london,1165.0529999999999,,,13.0,False
2015-07-03 06:45:00+00:00,-1,67,stop_too_wide,off,1168.0165000000002,5.113,0.806,,
2015-07-03 07:00:00+00:00,-1,67,stop_too_wide,london,1167.595,5.525,0.785,,
2015-07-03 07:45:00+00:00,-1,67,retest_expired,london,1168.0149999999999,,,13.0,False
2015-07-03 15:00:00+00:00,-1,67,stop_too_wide,overlap,1167.2334999999998,6.013,1.039,,
2015-07-06 01:00:00+00:00,-1,64,stop_too_wide,off,1169.879,8.199,1.502,,
2015-07-06 03:45:00+00:00,-1,64,retest_expired,off,1168.3915,,,13.0,False
2015-07-06 07:15:00+00:00,-1,67,stop_too_wide,london,1167.5185000000001,5.715,1.014,,
2015-07-06 08:45:00+00:00,-1,67,retest_expired,london,1165.005,,,13.0,False
2015-07-06 22:45:00+00:00,-1,64,retest_expired,off,1169.626,,,13.0,False
2015-07-07 04:15:00+00:00,-1,67,stop_too_wide,off,1167.27,5.83,0.746,,
2015-07-07 05:15:00+00:00,-1,67,stop_too_wide,off,1167.396,5.695,0.727,,
2015-07-07 06:45:00+00:00,-1,67,retest_expired,off,1168.5355,,,13.0,False
2015-07-07 09:15:00+00:00,-1,67,stop_too_wide,london,1166.1390000000001,7.075,0.974,,
2015-07-07 10:15:00+00:00,-1,67,stop_too_wide,london,1166.6885,6.546,1.014,,
2015-07-07 10:45:00+00:00,-1,67,retest_expired,london,1165.7205,,,13.0,False
2015-07-13 08:45:00+00:00,-1,74,stop_too_wide,london,1155.003,7.422,1.55,,
2015-07-14 01:00:00+00:00,-1,74,stop_too_wide,off,1155.7530000000002,4.298,0.841,,
2015-07-14 01:15:00+00:00,-1,74,stop_too_wide,off,1155.205,4.855,0.858,,
2015-07-14 03:00:00+00:00,-1,74,stop_too_wide,off,1156.0495,3.948,0.734,,
2015-07-14 03:15:00+00:00,-1,74,stop_too_wide,off,1155.5,4.495,0.728,,
2015-07-14 03:30:00+00:00,-1,74,retest_expired,off,1156.13,,,13.0,False
2015-07-14 06:00:00+00:00,-1,74,stop_too_wide,off,1155.145,4.924,0.876,,
2015-07-14 07:30:00+00:00,-1,74,retest_expired,london,1154.745,,,13.0,False
2015-07-14 19:45:00+00:00,-1,74,retest_expired,newyork,1155.319,,,13.0,False
2015-07-15 01:45:00+00:00,-1,74,stop_too_wide,off,1155.7620000000002,4.179,0.62,,
2015-07-15 02:00:00+00:00,-1,74,stop_too_wide,off,1155.5345000000002,4.408,0.622,,
2015-07-15 03:30:00+00:00,-1,74,retest_expired,off,1155.571,,,13.0,False
2015-07-15 16:15:00+00:00,-1,80,retest_expired,newyork,1147.124,,,13.0,False
2015-07-16 08:45:00+00:00,-1,78,stop_too_wide,london,1145.5430000000001,4.541,0.983,,
2015-07-16 11:00:00+00:00,-1,78,retest_expired,london,1144.4515000000001,,,13.0,False
2015-07-16 16:30:00+00:00,-1,78,retest_expired,newyork,1145.125,,,13.0,False
2015-07-16 18:00:00+00:00,-1,78,stop_too_wide,newyork,1145.6705,4.479,1.114,,
2015-07-16 19:30:00+00:00,-1,78,stop_too_wide,newyork,1145.4095,4.653,0.94,,
2015-07-16 20:30:00+00:00,-1,78,retest_expired,newyork,1145.2995,,,13.0,False
2015-07-17 15:45:00+00:00,-1,82,retest_expired,newyork,1131.845,,,13.0,False
2015-09-24 16:30:00+00:00,1,103,retest_expired,newyork,1153.2845,,,13.0,False
2015-09-25 10:15:00+00:00,1,103,stop_too_wide,london,1144.2060000000001,5.14,1.198,,
2015-09-25 11:15:00+00:00,1,103,stop_too_wide,london,1144.0815,4.992,1.15,,
2015-10-05 07:30:00+00:00,1,107,stop_too_wide,london,1136.8355,6.094,0.939,,
2015-10-05 13:00:00+00:00,1,107,stop_too_wide,overlap,1136.675,7.233,1.617,,
2015-10-05 13:15:00+00:00,1,107,stop_too_wide,overlap,1139.5455000000002,9.965,1.836,,
2015-10-05 14:45:00+00:00,1,113,retest_expired,overlap,1136.5465,,,13.0,False
2015-10-05 22:45:00+00:00,1,107,stop_too_wide,off,1136.3899999999999,5.793,1.228,,
2015-10-16 00:00:00+00:00,1,107,retest_expired,off,1182.6509999999998,,,741.0,False
2015-11-19 20:30:00+00:00,-1,140,retest_expired,newyork,1082.03,,,13.0,False
2015-12-02 16:30:00+00:00,-1,147,retest_expired,newyork,1055.5055,,,13.0,False
2015-12-03 23:15:00+00:00,-1,147,stop_too_wide,off,1063.0065,7.08,1.757,,
2015-12-04 03:45:00+00:00,-1,147,stop_too_wide,off,1062.357,7.592,1.482,,
2015-12-04 04:30:00+00:00,-1,147,retest_expired,off,1061.851,,,13.0,False
2015-12-21 00:00:00+00:00,-1,143,retest_expired,off,1064.97,,,944.0,False
2015-12-23 23:15:00+00:00,-1,150,stop_too_wide,off,1070.53,6.329,0.6,,
2016-01-25 06:15:00+00:00,1,164,retest_expired,off,1100.675,,,13.0,False
2016-01-25 06:45:00+00:00,1,164,stop_too_wide,off,1101.304,5.828,0.721,,
2016-01-25 09:45:00+00:00,1,164,retest_expired,london,1104.529,,,13.0,False
2016-01-26 03:00:00+00:00,1,163,stop_too_wide,off,1111.54,4.746,1.007,,
2016-01-26 06:00:00+00:00,1,163,retest_expired,off,1113.383,,,13.0,False
2016-02-11 03:15:00+00:00,1,181,retest_expired,off,1205.6255,,,13.0,False
2016-02-15 23:45:00+00:00,1,181,retest_expired,off,1208.085,,,13.0,False
2016-02-16 12:15:00+00:00,1,181,retest_expired,london,1214.3205,,,13.0,False
2016-02-17 05:45:00+00:00,1,181,retest_expired,off,1206.355,,,13.0,False
2016-02-17 13:15:00+00:00,1,181,stop_too_wide,overlap,1207.81,11.983,2.545,,
2016-02-17 15:15:00+00:00,1,181,retest_expired,overlap,1208.7385,,,13.0,False
2016-02-18 11:45:00+00:00,1,181,stop_too_wide,london,1203.9505,7.605,1.508,,
2016-02-18 14:30:00+00:00,1,181,retest_expired,overlap,1209.545,,,13.0,False
2016-02-18 20:15:00+00:00,1,185,retest_expired,newyork,1236.3105,,,13.0,False
2016-02-29 04:00:00+00:00,1,185,retest_expired,off,1225.2,,,18.0,False
2016-03-01 03:00:00+00:00,1,187,stop_too_wide,off,1245.28,8.786,2.052,,
2016-03-01 04:00:00+00:00,1,187,stop_too_wide,off,1244.068,7.435,1.774,,
2016-03-01 04:30:00+00:00,1,187,stop_too_wide,off,1245.9245,9.263,1.718,,
2016-03-01 04:45:00+00:00,1,187,retest_expired,off,1244.935,,,13.0,False
2016-03-01 12:45:00+00:00,1,187,stop_too_wide,london,1245.894,9.292,1.836,,
2016-03-01 13:45:00+00:00,1,187,stop_too_wide,overlap,1244.774,8.269,2.029,,
2016-03-01 15:15:00+00:00,1,187,retest_expired,overlap,1229.0495,,,13.0,False
2016-03-03 15:00:00+00:00,1,187,stop_too_wide,overlap,1251.9205,15.161,2.484,,
2016-03-03 16:00:00+00:00,1,190,stop_too_wide,overlap,1256.2365,16.048,2.792,,
2016-03-03 16:15:00+00:00,1,190,stop_too_wide,overlap,1257.2005,15.891,2.838,,
2016-03-03 17:15:00+00:00,1,190,stop_too_wide,newyork,1257.124,12.414,2.724,,
2016-03-03 17:45:00+00:00,1,187,retest_expired,newyork,1257.02,,,13.0,False
2016-03-03 18:45:00+00:00,1,190,retest_expired,newyork,1256.5349999999999,,,13.0,False
2016-03-09 06:00:00+00:00,1,190,stop_too_wide,off,1256.0435,10.728,1.514,,
2016-03-09 07:00:00+00:00,1,190,stop_too_wide,off,1256.6485,11.331,1.509,,
2016-03-09 08:45:00+00:00,1,190,retest_expired,london,1256.9885,,,13.0,False
2016-03-09 13:45:00+00:00,1,190,stop_too_wide,overlap,1253.625,8.563,2.02,,
2016-03-09 15:00:00+00:00,1,187,stop_too_wide,overlap,1247.9585,11.332,2.749,,
2016-03-09 18:00:00+00:00,1,187,retest_expired,newyork,1258.06,,,13.0,False
2016-03-09 18:00:00+00:00,1,190,stop_too_wide,newyork,1258.06,13.515,3.055,,
2016-03-17 03:00:00+00:00,1,190,stop_too_wide,off,1255.549,10.43,1.906,,
2016-03-17 03:30:00+00:00,1,190,stop_too_wide,off,1256.52,11.35,1.804,,
2016-03-17 05:15:00+00:00,1,190,retest_expired,off,1258.0585,,,13.0,False
2016-04-18 13:00:00+00:00,1,189,stop_too_wide,overlap,1240.33,8.052,1.599,,
2016-04-19 13:45:00+00:00,1,193,stop_too_wide,overlap,1254.9810000000002,12.703,2.202,,
2016-04-19 15:15:00+00:00,1,187,retest_expired,overlap,1254.5255000000002,,,13.0,False
2016-04-19 15:15:00+00:00,1,196,retest_expired,overlap,1254.5255000000002,,,13.0,False
2016-04-19 17:30:00+00:00,1,193,stop_too_wide,newyork,1253.312,7.817,1.813,,
2016-04-20 04:30:00+00:00,1,193,retest_expired,off,1250.7,,,13.0,False
2016-04-20 22:30:00+00:00,1,196,stop_too_wide,off,1245.065,7.641,1.709,,
2016-04-20 23:00:00+00:00,1,196,stop_too_wide,off,1244.6285,7.144,1.589,,
2016-04-20 23:30:00+00:00,1,196,stop_too_wide,off,1244.9745,7.437,1.482,,
2016-04-21 00:45:00+00:00,1,196,stop_too_wide,off,1245.0005,7.421,1.399,,
2016-04-21 01:30:00+00:00,1,196,retest_expired,off,1247.4054999999998,,,13.0,False
2016-04-21 04:15:00+00:00,1,187,retest_expired,off,1247.136,,,13.0,False
2016-04-21 06:00:00+00:00,1,193,stop_too_wide,off,1255.5304999999998,9.991,1.725,,
2016-04-21 08:45:00+00:00,1,193,retest_expired,london,1258.08,,,13.0,False
2016-04-22 09:30:00+00:00,1,187,stop_too_wide,london,1247.3405,9.838,1.972,,
2016-04-22 10:30:00+00:00,1,187,stop_too_wide,london,1247.13,9.561,1.839,,
2016-04-22 11:00:00+00:00,1,187,retest_expired,london,1247.324,,,13.0,False
2016-04-22 11:00:00+00:00,1,196,retest_expired,london,1247.324,,,13.0,False
2016-05-09 00:00:00+00:00,1,196,retest_expired,off,1285.33,,,954.0,False
2016-06-10 18:00:00+00:00,1,209,stop_too_wide,newyork,1274.915,8.531,1.86,,
2016-06-12 22:00:00+00:00,1,209,retest_expired,off,1275.645,,,13.0,False
2016-06-13 02:45:00+00:00,1,209,stop_too_wide,off,1274.1100000000001,7.52,1.448,,
2016-06-13 04:30:00+00:00,1,209,retest_expired,off,1275.511,,,13.0,False
2016-06-13 09:30:00+00:00,1,211,stop_too_wide,london,1284.411,7.66,1.617,,
2016-06-13 10:15:00+00:00,1,211,stop_too_wide,london,1284.477,7.656,1.478,,
2016-06-13 12:15:00+00:00,1,211,retest_expired,overlap,1285.71,,,13.0,False
2016-06-13 20:00:00+00:00,1,211,stop_too_wide,newyork,1284.4299999999998,7.66,1.58,,
2016-06-13 22:15:00+00:00,1,211,stop_too_wide,off,1283.4850000000001,6.571,1.292,,
2016-06-13 22:45:00+00:00,1,211,stop_too_wide,off,1283.565,6.593,1.175,,
2016-06-14 00:00:00+00:00,1,211,retest_expired,off,1282.11,,,13.0,False
2016-06-14 12:15:00+00:00,1,211,stop_too_wide,overlap,1284.8015,7.965,1.447,,
2016-06-14 12:30:00+00:00,1,211,stop_too_wide,overlap,1285.451,8.687,1.592,,
2016-06-14 14:45:00+00:00,1,211,stop_too_wide,overlap,1286.1405,9.662,2.163,,
2016-06-14 15:00:00+00:00,1,211,retest_expired,overlap,1285.5435,,,13.0,False
2016-06-17 01:15:00+00:00,1,234,retest_expired,off,1279.7150000000001,,,13.0,False
2016-06-17 20:30:00+00:00,1,233,retest_expired,newyork,1298.725,,,13.0,False
2016-06-20 13:30:00+00:00,1,234,stop_too_wide,overlap,1282.069,8.874,2.155,,
2016-07-06 02:30:00+00:00,1,238,retest_expired,off,1367.7835,,,13.0,False
2016-08-02 03:30:00+00:00,1,248,stop_too_wide,off,1349.54,6.141,1.072,,
2016-08-02 06:15:00+00:00,1,248,retest_expired,off,1351.81,,,13.0,False
2016-08-02 09:00:00+00:00,1,238,stop_too_wide,london,1359.58,6.991,1.559,,
2016-08-02 09:30:00+00:00,1,238,stop_too_wide,london,1359.3545,6.74,1.509,,
2016-08-02 09:45:00+00:00,1,238,stop_too_wide,london,1360.08,7.448,1.474,,
2016-08-02 10:00:00+00:00,1,246,retest_expired,london,1359.31,,,13.0,False
2016-08-02 10:15:00+00:00,1,238,stop_too_wide,london,1359.6195,6.966,1.431,,
2016-08-02 12:30:00+00:00,1,238,stop_too_wide,overlap,1363.2435,10.682,1.616,,
2016-08-02 15:15:00+00:00,1,238,retest_expired,overlap,1365.7435,,,13.0,False
2016-08-04 11:00:00+00:00,1,246,stop_too_wide,london,1361.3705,13.444,1.867,,
2016-08-04 12:00:00+00:00,1,238,stop_too_wide,overlap,1361.0990000000002,10.572,2.207,,
2016-08-04 13:45:00+00:00,1,246,retest_expired,overlap,1363.81,,,13.0,False
2016-08-04 14:15:00+00:00,1,238,retest_expired,overlap,1362.1754999999998,,,13.0,False
2016-08-05 00:15:00+00:00,1,238,stop_too_wide,off,1360.164,7.29,0.991,,
2016-08-05 00:30:00+00:00,1,238,stop_too_wide,off,1360.578,7.694,0.97,,
2016-08-05 01:00:00+00:00,1,238,stop_too_wide,off,1361.55,8.727,1.093,,
2016-08-05 02:45:00+00:00,1,238,retest_expired,off,1360.7905,,,13.0,False
2016-08-10 05:00:00+00:00,1,246,stop_too_wide,off,1352.819,5.636,1.21,,
2016-08-10 06:00:00+00:00,1,246,stop_too_wide,off,1351.9005,4.69,1.155,,
2016-08-10 09:30:00+00:00,1,246,stop_too_wide,london,1353.846,6.689,1.262,,
2016-08-10 10:00:00+00:00,1,246,stop_too_wide,london,1353.05,5.914,1.304,,
2016-08-10 11:30:00+00:00,1,246,stop_too_wide,london,1353.3890000000001,6.236,1.27,,
2016-08-10 12:00:00+00:00,1,246,retest_expired,overlap,1353.5700000000002,,,13.0,False
2016-08-11 17:15:00+00:00,1,248,retest_expired,newyork,1344.43,,,13.0,False
2016-08-19 06:00:00+00:00,1,248,stop_too_wide,off,1348.5345,5.216,1.233,,
2016-08-19 06:45:00+00:00,1,248,stop_too_wide,off,1348.95,5.607,1.184,,
2016-09-16 04:00:00+00:00,-1,257,retest_expired,off,1313.6399999999999,,,13.0,False
2016-09-16 12:45:00+00:00,-1,258,stop_too_wide,overlap,1310.1689999999999,6.821,1.544,,
2016-09-16 13:45:00+00:00,-1,258,retest_expired,overlap,1309.2385,,,13.0,False
2016-09-19 08:15:00+00:00,-1,257,stop_too_wide,london,1317.135,5.132,1.05,,
2016-09-19 08:45:00+00:00,-1,257,stop_too_wide,london,1316.2,6.078,1.07,,
2016-09-19 11:00:00+00:00,-1,257,retest_expired,london,1314.73,,,13.0,False
2016-09-27 04:30:00+00:00,1,270,stop_too_wide,off,1335.2755000000002,4.068,0.881,,
2016-09-27 06:00:00+00:00,1,270,stop_too_wide,off,1334.67,3.417,0.79,,
2016-09-27 07:00:00+00:00,1,270,stop_too_wide,london,1334.8200000000002,3.566,0.788,,
2016-09-27 07:15:00+00:00,1,270,retest_expired,london,1337.6745,,,13.0,False
2016-09-27 09:00:00+00:00,1,270,stop_too_wide,london,1336.6,5.502,1.101,,
2016-09-27 12:00:00+00:00,1,270,retest_expired,overlap,1332.8495,,,13.0,False
2016-11-21 15:30:00+00:00,-1,294,retest_expired,overlap,1215.4164999999998,,,13.0,False
2016-11-22 09:30:00+00:00,-1,294,stop_too_wide,london,1218.085,6.385,1.379,,
2016-11-22 10:00:00+00:00,-1,294,retest_expired,london,1218.15,,,13.0,False
2016-11-22 15:45:00+00:00,-1,294,retest_expired,overlap,1208.163,,,13.0,False
2016-11-23 16:30:00+00:00,-1,292,retest_expired,newyork,1188.2350000000001,,,13.0,False
2016-11-23 16:45:00+00:00,-1,295,retest_expired,newyork,1188.612,,,13.0,False
2016-11-25 04:15:00+00:00,-1,298,retest_expired,off,1177.3249999999998,,,13.0,False
2016-11-29 11:15:00+00:00,-1,299,stop_too_wide,london,1188.0745000000002,7.903,1.471,,
2016-11-29 12:00:00+00:00,-1,299,retest_expired,london,1186.9085,,,13.0,False
2016-11-29 20:15:00+00:00,-1,299,stop_too_wide,newyork,1189.1619999999998,6.92,1.681,,
2016-11-29 20:45:00+00:00,-1,299,stop_too_wide,newyork,1188.56,7.47,1.576,,
2016-11-29 21:45:00+00:00,-1,299,retest_expired,newyork,1188.3564999999999,,,13.0,False
2016-11-30 05:45:00+00:00,-1,299,stop_too_wide,off,1189.92,5.992,1.341,,
2016-11-30 06:00:00+00:00,-1,299,stop_too_wide,off,1188.6100000000001,7.312,1.36,,
2016-11-30 07:30:00+00:00,-1,299,retest_expired,off,1189.3215,,,13.0,False
2016-11-30 08:45:00+00:00,-1,299,stop_too_wide,london,1188.2289999999998,7.805,1.585,,
2016-11-30 10:15:00+00:00,-1,299,stop_too_wide,london,1188.02,8.117,1.79,,
2016-11-30 11:00:00+00:00,-1,299,retest_expired,london,1187.513,,,13.0,False
2016-11-30 17:45:00+00:00,-1,298,retest_expired,newyork,1174.9655,,,13.0,False
2016-12-05 04:15:00+00:00,-1,298,retest_expired,off,1176.1999999999998,,,13.0,False
2016-12-09 12:45:00+00:00,-1,303,stop_too_wide,london,1161.9,7.972,1.407,,
2016-12-09 18:15:00+00:00,-1,303,retest_expired,newyork,1160.0700000000002,,,13.0,False
2016-12-12 01:30:00+00:00,-1,302,stop_too_wide,off,1156.1235000000001,7.427,1.54,,
2016-12-12 08:15:00+00:00,-1,302,stop_too_wide,london,1152.624,10.879,1.446,,
2016-12-12 09:30:00+00:00,-1,302,stop_too_wide,london,1155.0845,8.471,1.55,,
2016-12-12 11:15:00+00:00,-1,302,retest_expired,london,1155.996,,,13.0,False
2016-12-13 00:45:00+00:00,-1,303,stop_too_wide,off,1163.5014999999999,5.525,1.184,,
2016-12-13 01:00:00+00:00,-1,303,stop_too_wide,off,1163.03,6.022,1.234,,
2016-12-13 03:30:00+00:00,-1,303,retest_expired,off,1162.8200000000002,,,13.0,False
2016-12-14 17:30:00+00:00,-1,303,retest_expired,newyork,1162.71,,,13.0,False
2016-12-14 23:15:00+00:00,-1,302,retest_expired,off,1142.67,,,13.0,False
2017-01-10 04:15:00+00:00,1,319,stop_too_wide,off,1186.375,5.383,1.275,,
2017-01-10 07:00:00+00:00,1,319,stop_too_wide,off,1186.48,5.471,1.292,,
2017-01-11 00:00:00+00:00,1,319,stop_too_wide,off,1188.4209999999998,7.361,1.19,,
2017-01-11 00:30:00+00:00,1,319,retest_expired,off,1188.12,,,13.0,False
2017-01-11 02:30:00+00:00,1,319,stop_too_wide,off,1187.0345,5.981,1.204,,
2017-01-11 04:30:00+00:00,1,319,retest_expired,off,1187.6515,,,13.0,False
2017-01-11 20:45:00+00:00,1,319,retest_expired,newyork,1191.05,,,13.0,False
2017-01-17 07:30:00+00:00,1,323,stop_too_wide,off,1210.99,5.937,1.299,,
2017-01-17 09:00:00+00:00,1,323,retest_expired,london,1213.575,,,13.0,False
2017-02-20 15:00:00+00:00,1,332,stop_too_wide,overlap,1237.9254999999998,5.05,0.808,,
2017-02-20 16:00:00+00:00,1,332,stop_too_wide,overlap,1237.7350000000001,4.853,0.795,,
2017-02-20 16:30:00+00:00,1,332,stop_too_wide,newyork,1238.1399999999999,5.23,0.74,,
2017-02-20 16:45:00+00:00,1,332,retest_expired,newyork,1238.1435000000001,,,13.0,False
2017-03-02 08:30:00+00:00,1,334,stop_too_wide,london,1244.95,4.033,0.861,,
2017-03-02 09:00:00+00:00,1,334,stop_too_wide,london,1245.0605,4.125,0.823,,
2017-03-17 10:15:00+00:00,1,333,stop_too_wide,london,1229.22,4.533,1.051,,
2017-03-17 10:45:00+00:00,1,333,stop_too_wide,london,1229.1190000000001,4.404,0.996,,
2017-03-17 11:15:00+00:00,1,333,stop_too_wide,london,1229.195,4.461,0.957,,
2017-03-17 13:00:00+00:00,1,333,retest_expired,overlap,1229.71,,,13.0,False
2017-03-17 20:15:00+00:00,1,333,retest_expired,newyork,1229.13,,,13.0,False
2017-04-09 22:00:00+00:00,1,349,retest_expired,off,1254.711,,,363.0,False
2017-04-10 22:00:00+00:00,1,342,retest_expired,off,1255.13,,,13.0,False
2017-04-11 01:45:00+00:00,1,349,retest_expired,off,1254.464,,,13.0,False
2017-04-11 04:00:00+00:00,1,349,stop_too_wide,off,1256.1185,4.157,0.806,,
2017-04-11 05:45:00+00:00,1,349,retest_expired,off,1256.8335000000002,,,13.0,False
2017-04-11 16:15:00+00:00,1,339,retest_expired,newyork,1269.9879999999998,,,13.0,False
2017-04-18 17:30:00+00:00,1,359,retest_expired,newyork,1291.986,,,13.0,False
2017-04-19 12:15:00+00:00,1,359,stop_too_wide,overlap,1284.19,4.495,1.05,,
2017-04-19 14:00:00+00:00,1,359,retest_expired,overlap,1277.2085,,,13.0,False
2017-04-21 07:15:00+00:00,1,361,stop_too_wide,london,1279.99,4.803,0.709,,
2017-04-21 08:45:00+00:00,1,361,retest_expired,london,1281.44,,,13.0,False
2017-04-21 19:00:00+00:00,1,359,retest_expired,newyork,1285.2134999999998,,,13.0,False
2017-05-31 12:30:00+00:00,1,374,stop_too_wide,overlap,1267.013,4.807,0.95,,
2017-05-31 14:45:00+00:00,1,374,stop_too_wide,overlap,1267.2655,5.212,1.256,,
2017-05-31 17:15:00+00:00,1,374,retest_expired,newyork,1273.281,,,13.0,False
2017-05-31 17:15:00+00:00,1,377,stop_too_wide,newyork,1273.281,7.824,1.513,,
2017-06-01 06:45:00+00:00,1,374,stop_too_wide,off,1267.1064999999999,4.877,0.902,,
2017-06-01 08:30:00+00:00,1,374,stop_too_wide,london,1266.6015,4.398,0.955,,
2017-06-01 09:45:00+00:00,1,374,retest_expired,london,1266.6390000000001,,,13.0,False
2017-06-01 11:15:00+00:00,1,374,stop_too_wide,london,1265.9015,3.651,0.862,,
2017-06-01 11:30:00+00:00,1,374,stop_too_wide,london,1266.4389999999999,4.187,0.858,,
2017-06-01 11:45:00+00:00,1,374,stop_too_wide,london,1266.7915,4.534,0.847,,
2017-06-01 18:15:00+00:00,1,374,stop_too_wide,newyork,1268.22,6.308,1.412,,
2017-06-01 20:30:00+00:00,1,374,retest_expired,newyork,1265.644,,,13.0,False
2017-06-02 15:45:00+00:00,1,374,retest_expired,newyork,1276.5720000000001,,,13.0,False
2017-06-02 15:45:00+00:00,1,377,retest_expired,newyork,1276.5720000000001,,,13.0,False
2017-06-19 08:45:00+00:00,-1,355,stop_too_wide,london,1250.8385,3.858,0.699,,
2017-06-19 10:00:00+00:00,-1,355,stop_too_wide,london,1251.2035,3.508,0.728,,
2017-06-19 10:30:00+00:00,-1,355,stop_too_wide,london,1251.1135,3.586,0.705,,
2017-06-19 10:45:00+00:00,-1,355,retest_expired,london,1251.415,,,13.0,False
2017-06-19 13:00:00+00:00,-1,355,stop_too_wide,overlap,1248.2910000000002,6.641,1.168,,
2017-06-19 15:30:00+00:00,-1,355,retest_expired,newyork,1248.4565,,,13.0,False
2017-06-19 20:15:00+00:00,-1,375,stop_too_wide,newyork,1243.5265,6.151,0.927,,
2017-06-19 23:15:00+00:00,-1,375,retest_expired,off,1243.69,,,13.0,False
2017-06-20 02:00:00+00:00,-1,375,stop_too_wide,off,1245.462,4.149,0.794,,
2017-06-20 02:45:00+00:00,-1,375,stop_too_wide,off,1245.2069999999999,4.376,0.74,,
2017-06-20 03:30:00+00:00,-1,375,stop_too_wide,off,1245.3180000000002,4.235,0.679,,
2017-06-20 04:30:00+00:00,-1,375,retest_expired,off,1245.3815,,,13.0,False
2017-06-20 12:30:00+00:00,-1,375,stop_too_wide,overlap,1245.688,4.022,0.992,,
2017-06-20 12:45:00+00:00,-1,375,stop_too_wide,overlap,1245.115,4.603,1.009,,
2017-06-20 13:00:00+00:00,-1,375,stop_too_wide,overlap,1244.8865,4.831,1.007,,
2017-06-20 13:30:00+00:00,-1,375,stop_too_wide,overlap,1242.9135,6.854,1.107,,
2017-06-20 14:45:00+00:00,-1,375,retest_expired,overlap,1242.817,,,13.0,False
2017-06-21 00:30:00+00:00,-1,375,stop_too_wide,off,1245.464,4.117,0.735,,
2017-06-21 01:00:00+00:00,-1,375,stop_too_wide,off,1245.185,4.381,0.704,,
2017-06-21 01:45:00+00:00,-1,375,stop_too_wide,off,1245.9915,3.566,0.687,,
2017-06-21 02:15:00+00:00,-1,375,stop_too_wide,off,1245.9009999999998,3.642,0.658,,
2017-06-21 02:30:00+00:00,-1,375,stop_too_wide,off,1245.7115,3.824,0.643,,
2017-06-21 03:15:00+00:00,-1,375,retest_expired,off,1246.065,,,13.0,False
2017-06-22 17:15:00+00:00,-1,355,stop_too_wide,newyork,1248.7235,6.179,1.11,,
2017-06-22 19:15:00+00:00,-1,355,stop_too_wide,newyork,1250.029,4.815,0.994,,
2017-06-22 19:30:00+00:00,-1,355,stop_too_wide,newyork,1249.7915,5.049,0.986,,
2017-06-22 20:15:00+00:00,-1,355,retest_expired,newyork,1250.1485,,,13.0,False
2017-06-23 04:00:00+00:00,-1,355,stop_too_wide,off,1252.036,2.631,0.64,,
2017-06-23 04:15:00+00:00,-1,355,retest_expired,off,1251.962,,,13.0,False
2017-06-26 11:15:00+00:00,-1,355,retest_expired,london,1241.0885,,,13.0,False
2017-06-27 12:15:00+00:00,-1,355,stop_too_wide,overlap,1249.31,5.668,1.261,,
2017-06-27 15:00:00+00:00,-1,355,retest_expired,overlap,1247.399,,,13.0,False
2017-06-29 00:15:00+00:00,-1,355,stop_too_wide,off,1249.6485,5.083,0.769,,
2017-06-29 03:00:00+00:00,-1,388,stop_too_wide,off,1251.672,4.698,0.907,,
2017-06-29 08:00:00+00:00,-1,388,retest_expired,london,1245.7150000000001,,,22.0,False
2017-06-29 12:30:00+00:00,-1,389,stop_too_wide,overlap,1242.75,6.992,1.467,,
2017-06-29 14:15:00+00:00,-1,389,retest_expired,overlap,1245.7215,,,13.0,False
2017-06-29 22:30:00+00:00,-1,389,retest_expired,off,1246.8200000000002,,,13.0,False
2017-06-30 00:00:00+00:00,-1,389,stop_too_wide,off,1245.1145000000001,4.411,1.034,,
2017-06-30 02:30:00+00:00,-1,389,retest_expired,off,1247.4720000000002,,,13.0,False
2017-06-30 08:45:00+00:00,-1,389,retest_expired,london,1244.547,,,13.0,False
2017-07-03 05:15:00+00:00,-1,387,retest_expired,off,1238.1855,,,13.0,False
2017-07-07 13:45:00+00:00,-1,391,stop_too_wide,overlap,1215.2745,14.356,2.169,,
2017-07-07 16:45:00+00:00,-1,391,retest_expired,newyork,1211.637,,,13.0,False
2017-07-14 03:00:00+00:00,-1,391,stop_too_wide,off,1216.7910000000002,3.866,0.831,,
2017-07-14 03:15:00+00:00,-1,391,retest_expired,off,1216.575,,,13.0,False
2017-08-09 10:15:00+00:00,1,404,retest_expired,london,1267.855,,,13.0,False
2017-08-09 12:45:00+00:00,1,406,stop_too_wide,overlap,1274.925,8.935,1.506,,
2017-08-09 22:00:00+00:00,1,406,retest_expired,off,1277.1100000000001,,,13.0,False
2017-08-18 08:00:00+00:00,1,411,stop_too_wide,london,1293.777,7.285,1.198,,
2017-08-18 10:15:00+00:00,1,411,retest_expired,london,1294.8955,,,13.0,False
2017-08-25 17:15:00+00:00,1,412,retest_expired,newyork,1292.7645,,,13.0,False
2017-08-28 03:45:00+00:00,1,411,retest_expired,off,1294.165,,,13.0,False
2017-09-12 20:00:00+00:00,1,418,retest_expired,newyork,1331.35,,,93.0,False
2017-09-29 04:00:00+00:00,-1,430,retest_expired,off,1285.315,,,13.0,False
2017-09-29 07:45:00+00:00,-1,430,stop_too_wide,london,1288.1999999999998,4.563,1.037,,
2017-09-29 08:30:00+00:00,-1,430,stop_too_wide,london,1287.665,5.124,1.088,,
2017-09-29 09:15:00+00:00,-1,430,stop_too_wide,london,1287.395,5.374,1.049,,
2017-09-29 10:00:00+00:00,-1,430,stop_too_wide,london,1287.8600000000001,4.883,0.998,,
2017-09-29 10:15:00+00:00,-1,430,retest_expired,london,1288.5700000000002,,,13.0,False
2017-09-29 16:45:00+00:00,-1,430,retest_expired,newyork,1283.4585,,,13.0,False
2017-10-18 03:30:00+00:00,-1,430,stop_too_wide,off,1286.8899999999999,5.604,0.807,,
2017-10-18 06:30:00+00:00,-1,430,retest_expired,off,1283.69,,,13.0,False
2017-10-27 07:00:00+00:00,-1,434,stop_too_wide,london,1265.3235,4.531,0.891,,
2017-11-23 11:30:00+00:00,1,433,stop_too_wide,london,1292.08,4.949,1.138,,
2017-11-23 12:15:00+00:00,1,433,stop_too_wide,london,1292.01,4.703,1.096,,
2017-11-23 13:00:00+00:00,1,433,stop_too_wide,overlap,1292.285,4.951,1.042,,
2017-11-23 14:15:00+00:00,1,433,retest_expired,overlap,1291.775,,,13.0,False
2017-11-24 04:45:00+00:00,1,433,stop_too_wide,off,1291.8465,4.316,0.649,,
2017-11-24 05:15:00+00:00,1,433,retest_expired,off,1292.077,,,13.0,False
2017-12-26 00:45:00+00:00,1,436,stop_too_wide,off,1274.85,5.797,0.696,,
2017-12-26 03:45:00+00:00,1,436,retest_expired,off,1278.35,,,13.0,False
2017-12-28 05:45:00+00:00,1,433,stop_too_wide,off,1292.717,5.336,0.596,,
2017-12-28 07:00:00+00:00,1,433,stop_too_wide,off,1291.8185,4.477,0.674,,
2017-12-28 07:30:00+00:00,1,433,stop_too_wide,off,1292.525,5.175,0.658,,
2017-12-28 08:45:00+00:00,1,433,retest_expired,london,1293.0,,,13.0,False
2017-12-28 10:30:00+00:00,1,433,stop_too_wide,london,1292.356,5.007,0.66,,
2017-12-28 11:00:00+00:00,1,433,stop_too_wide,london,1292.5885,5.232,0.645,,
2017-12-28 13:15:00+00:00,1,433,retest_expired,overlap,1290.662,,,13.0,False
2017-12-28 15:15:00+00:00,1,433,stop_too_wide,overlap,1292.974,5.876,1.162,,
2017-12-28 17:00:00+00:00,1,433,retest_expired,newyork,1293.967,,,13.0,False
2018-01-10 12:00:00+00:00,1,470,stop_too_wide,london,1324.702,10.135,2.037,,
2018-01-10 13:15:00+00:00,1,473,retest_expired,overlap,1323.06,,,13.0,False
2018-01-12 03:15:00+00:00,1,470,retest_expired,off,1326.935,,,13.0,False
2018-01-12 07:00:00+00:00,1,472,stop_too_wide,off,1329.186,4.953,0.969,,
2018-01-12 07:45:00+00:00,1,472,retest_expired,off,1327.83,,,13.0,False
2018-01-12 12:00:00+00:00,1,472,retest_expired,london,1331.5700000000002,,,13.0,False
2018-01-12 18:45:00+00:00,1,472,retest_expired,newyork,1337.77,,,13.0,False
2018-01-18 10:30:00+00:00,1,472,stop_too_wide,london,1329.9560000000001,5.813,1.15,,
2018-01-18 13:30:00+00:00,1,472,retest_expired,overlap,1328.71,,,13.0,False
2018-01-19 04:45:00+00:00,1,472,retest_expired,off,1332.307,,,13.0,False
2018-01-22 10:15:00+00:00,1,472,retest_expired,london,1333.385,,,13.0,False
2018-01-24 08:30:00+00:00,1,474,stop_too_wide,london,1346.38,4.434,1.099,,
2018-01-24 11:15:00+00:00,1,474,retest_expired,london,1350.3095,,,13.0,False
2018-01-31 08:00:00+00:00,1,474,retest_expired,london,1343.3885,,,68.0,False
2018-02-12 11:00:00+00:00,-1,477,retest_expired,london,1320.4395,,,13.0,False
2018-02-12 20:30:00+00:00,-1,477,stop_too_wide,newyork,1323.402,6.398,1.407,,
2018-02-12 20:45:00+00:00,-1,477,stop_too_wide,newyork,1321.3865,8.449,1.478,,
2018-02-12 23:15:00+00:00,-1,477,stop_too_wide,off,1323.7265000000002,6.019,1.297,,
2018-02-12 23:30:00+00:00,-1,477,stop_too_wide,off,1323.6664999999998,6.083,1.307,,
2018-02-12 23:45:00+00:00,-1,477,stop_too_wide,off,1322.615,7.134,1.305,,
2018-03-05 00:00:00+00:00,-1,477,retest_expired,off,1323.8235,,,1287.0,False
2018-03-05 13:30:00+00:00,-1,477,stop_too_wide,overlap,1322.116,7.03,0.951,,
2018-03-05 15:30:00+00:00,-1,477,retest_expired,overlap,1322.284,,,13.0,False
2018-03-06 05:45:00+00:00,-1,477,stop_too_wide,off,1323.136,5.922,0.774,,
2018-03-06 06:15:00+00:00,-1,477,stop_too_wide,off,1323.5385,5.532,0.799,,
2018-03-06 08:15:00+00:00,-1,477,retest_expired,london,1322.2404999999999,,,13.0,False
2018-03-08 17:45:00+00:00,-1,489,retest_expired,newyork,1321.8490000000002,,,13.0,False
2018-03-08 18:00:00+00:00,-1,477,retest_expired,newyork,1320.9479999999999,,,13.0,False
2018-03-09 02:30:00+00:00,-1,487,retest_expired,off,1318.27,,,13.0,False
2018-03-09 13:30:00+00:00,-1,485,stop_too_wide,overlap,1314.465,8.481,1.596,,
2018-03-09 20:00:00+00:00,-1,477,stop_too_wide,newyork,1322.5535,6.894,1.555,,
2018-03-09 20:45:00+00:00,-1,489,retest_expired,newyork,1323.6,,,13.0,False
2018-03-09 21:45:00+00:00,-1,477,retest_expired,newyork,1323.25,,,13.0,False
2018-03-12 00:00:00+00:00,-1,477,stop_too_wide,off,1323.0045,6.121,0.911,,
2018-03-12 02:00:00+00:00,-1,477,retest_expired,off,1323.23,,,13.0,False
2018-03-12 05:00:00+00:00,-1,477,stop_too_wide,off,1323.365,5.701,0.791,,
2018-03-12 05:45:00+00:00,-1,477,stop_too_wide,off,1322.7285,6.317,0.75,,
2018-03-12 06:15:00+00:00,-1,477,retest_expired,off,1322.9565,,,13.0,False
2018-03-12 11:30:00+00:00,-1,487,retest_expired,london,1316.172,,,13.0,False
2018-03-12 12:15:00+00:00,-1,485,stop_too_wide,overlap,1316.8854999999999,5.822,1.119,,
2018-03-12 12:30:00+00:00,-1,485,stop_too_wide,overlap,1316.8695,5.829,1.1,,
2018-03-12 20:00:00+00:00,-1,477,stop_too_wide,newyork,1323.4099999999999,5.811,1.101,,
2018-03-12 20:15:00+00:00,-1,477,stop_too_wide,newyork,1323.192,6.004,1.052,,
2018-03-12 20:30:00+00:00,-1,477,stop_too_wide,newyork,1323.1264999999999,6.044,1.0,,
2018-03-12 23:45:00+00:00,-1,477,retest_expired,off,1325.0465,,,13.0,False
2018-03-29 06:45:00+00:00,-1,489,stop_too_wide,off,1323.1965,7.552,1.094,,
2018-03-29 07:30:00+00:00,-1,489,stop_too_wide,london,1324.4850000000001,6.297,1.16,,
2018-03-29 08:45:00+00:00,-1,489,stop_too_wide,london,1324.2665000000002,6.485,1.1,,
2018-03-29 09:15:00+00:00,-1,489,stop_too_wide,london,1324.115,6.593,1.012,,
2018-03-29 09:30:00+00:00,-1,489,stop_too_wide,london,1323.5010000000002,7.207,1.012,,
2018-03-29 09:45:00+00:00,-1,489,retest_expired,london,1324.301,,,13.0,False
2018-03-29 11:30:00+00:00,-1,489,stop_too_wide,london,1325.6999999999998,5.008,1.013,,
2018-03-29 11:45:00+00:00,-1,489,stop_too_wide,london,1325.1965,5.518,1.027,,
2018-03-29 12:15:00+00:00,-1,489,stop_too_wide,overlap,1323.87,6.866,1.069,,
2018-03-29 13:15:00+00:00,-1,489,retest_expired,overlap,1322.4189999999999,,,13.0,False
2018-03-29 13:45:00+00:00,-1,477,stop_too_wide,overlap,1322.815,6.738,1.366,,
2018-03-29 15:15:00+00:00,-1,477,stop_too_wide,overlap,1322.3095,7.269,1.416,,
2018-03-29 15:45:00+00:00,-1,477,retest_expired,newyork,1322.6405,,,13.0,False
2018-03-29 18:15:00+00:00,-1,477,stop_too_wide,newyork,1323.745,5.725,1.2,,
2018-03-29 19:45:00+00:00,-1,477,retest_expired,newyork,1326.5255000000002,,,13.0,False
2018-03-29 20:00:00+00:00,-1,489,stop_too_wide,newyork,1325.1864999999998,5.585,1.141,,
2018-04-03 00:00:00+00:00,1,494,retest_expired,off,1341.6165,,,2245.0,False
2018-04-04 04:00:00+00:00,1,489,retest_expired,off,1334.655,,,47.0,False
2018-04-04 11:30:00+00:00,1,495,retest_expired,london,1344.0900000000001,,,13.0,False
2018-04-18 14:30:00+00:00,1,507,retest_expired,overlap,1352.1264999999999,,,13.0,False
2018-04-19 01:15:00+00:00,1,507,retest_expired,off,1348.35,,,13.0,False
2018-04-19 04:00:00+00:00,1,503,stop_too_wide,off,1352.76,4.505,0.98,,
2018-04-19 05:45:00+00:00,1,507,retest_expired,off,1351.8105,,,13.0,False
2018-04-19 11:45:00+00:00,1,507,stop_too_wide,london,1350.681,7.827,1.478,,
2018-04-19 12:15:00+00:00,1,507,stop_too_wide,overlap,1349.844,7.091,1.68,,
2018-04-19 12:30:00+00:00,1,507,stop_too_wide,overlap,1350.1015,7.41,1.803,,
2018-04-19 14:45:00+00:00,1,507,retest_expired,overlap,1346.0735,,,13.0,False
2018-04-30 02:45:00+00:00,-1,477,stop_too_wide,off,1322.2715,6.984,1.009,,
2018-04-30 05:45:00+00:00,-1,477,retest_expired,off,1321.96,,,13.0,False
2018-04-30 09:15:00+00:00,-1,498,retest_expired,london,1316.9589999999998,,,13.0,False
2018-04-30 11:00:00+00:00,-1,485,stop_too_wide,london,1314.5635000000002,8.316,1.092,,
2018-04-30 13:30:00+00:00,-1,485,retest_expired,overlap,1311.44,,,13.0,False
2018-05-01 00:00:00+00:00,-1,485,retest_expired,off,1315.135,,,13.0,False
2018-05-01 04:30:00+00:00,-1,513,retest_expired,off,1312.2579999999998,,,13.0,False
2018-05-03 12:30:00+00:00,-1,485,stop_too_wide,overlap,1315.8564999999999,7.251,1.548,,
2018-05-03 15:30:00+00:00,-1,485,retest_expired,newyork,1314.19,,,13.0,False
2018-05-03 17:30:00+00:00,-1,513,retest_expired,newyork,1313.48,,,13.0,False
2018-05-03 23:00:00+00:00,-1,513,retest_expired,off,1312.7665000000002,,,13.0,False
2018-05-04 07:45:00+00:00,-1,516,stop_too_wide,london,1310.3165,4.797,0.968,,
2018-05-04 08:00:00+00:00,-1,516,stop_too_wide,london,1310.135,4.985,0.98,,
2018-05-04 10:15:00+00:00,-1,516,retest_expired,london,1310.08,,,13.0,False
2018-05-04 11:45:00+00:00,-1,516,stop_too_wide,london,1311.446,3.613,0.858,,
2018-05-04 12:00:00+00:00,-1,516,stop_too_wide,overlap,1310.845,4.217,0.865,,
2018-05-04 14:15:00+00:00,-1,516,retest_expired,overlap,1311.0415,,,13.0,False
2018-05-07 13:30:00+00:00,-1,513,retest_expired,overlap,1312.5865,,,13.0,False
2018-05-08 03:30:00+00:00,-1,485,retest_expired,off,1312.965,,,13.0,False
2018-05-08 04:45:00+00:00,-1,513,retest_expired,off,1311.5085,,,13.0,False
2018-05-08 09:15:00+00:00,-1,516,stop_too_wide,london,1309.9785,5.489,1.182,,
2018-05-08 12:00:00+00:00,-1,516,stop_too_wide,overlap,1310.1644999999999,5.08,1.23,,
2018-05-08 12:15:00+00:00,-1,516,retest_expired,overlap,1311.5720000000001,,,13.0,False
2018-05-08 16:00:00+00:00,-1,516,retest_expired,newyork,1314.261,,,13.0,False
2018-05-09 06:00:00+00:00,-1,516,stop_too_wide,off,1309.2085,5.925,1.008,,
2018-05-09 08:15:00+00:00,-1,516,retest_expired,london,1306.498,,,13.0,False
2018-05-09 09:15:00+00:00,-1,514,retest_expired,london,1307.2604999999999,,,13.0,False
2018-06-05 15:45:00+00:00,-1,525,retest_expired,newyork,1297.1915,,,13.0,False
2018-07-03 19:30:00+00:00,-1,541,stop_too_wide,newyork,1252.94,4.132,0.971,,
2018-07-03 19:45:00+00:00,-1,541,retest_expired,newyork,1252.875,,,13.0,False
2018-07-05 09:00:00+00:00,-1,541,stop_too_wide,london,1253.074,3.969,0.913,,
2018-07-05 11:00:00+00:00,-1,541,retest_expired,london,1252.83,,,13.0,False
2018-07-10 09:30:00+00:00,-1,541,stop_too_wide,london,1253.375,4.08,1.009,,
2018-07-10 10:30:00+00:00,-1,541,stop_too_wide,london,1252.9295,4.122,0.93,,
2018-07-10 11:00:00+00:00,-1,544,stop_too_wide,london,1248.4445,6.022,1.157,,
2018-07-10 12:00:00+00:00,-1,541,retest_expired,overlap,1250.944,,,13.0,False
2018-07-11 01:30:00+00:00,-1,544,stop_too_wide,off,1250.0305,7.582,1.294,,
2018-07-11 04:00:00+00:00,-1,541,retest_expired,off,1250.495,,,13.0,False
2018-07-11 09:45:00+00:00,-1,544,stop_too_wide,london,1249.9989999999998,4.371,0.965,,
2018-07-11 11:15:00+00:00,-1,544,stop_too_wide,london,1250.665,3.668,0.89,,
2018-07-11 11:30:00+00:00,-1,544,stop_too_wide,london,1249.3485,5.01,0.94,,
2018-07-11 18:00:00+00:00,-1,544,retest_expired,newyork,1243.219,,,13.0,False
2018-07-11 20:15:00+00:00,-1,542,retest_expired,newyork,1241.975,,,13.0,False
2018-07-26 19:00:00+00:00,-1,551,retest_expired,newyork,1223.9605,,,13.0,False
2018-08-03 19:45:00+00:00,-1,554,retest_expired,newyork,1213.6689999999999,,,13.0,False
2018-08-06 02:45:00+00:00,-1,554,stop_too_wide,off,1216.176,4.35,0.865,,
2018-08-06 05:45:00+00:00,-1,554,retest_expired,off,1214.1599999999999,,,13.0,False
2018-08-06 10:15:00+00:00,-1,556,retest_expired,london,1210.3400000000001,,,13.0,False
2018-08-07 07:15:00+00:00,-1,556,stop_too_wide,london,1211.775,5.577,0.915,,
2018-08-07 10:15:00+00:00,-1,556,retest_expired,london,1215.405,,,13.0,False
2018-08-07 13:30:00+00:00,-1,556,stop_too_wide,overlap,1211.904,5.49,1.001,,
2018-08-07 14:00:00+00:00,-1,556,stop_too_wide,overlap,1211.745,5.68,1.063,,
2018-08-07 15:45:00+00:00,-1,556,stop_too_wide,newyork,1212.5205,4.885,1.024,,
2018-08-07 16:15:00+00:00,-1,556,retest_expired,newyork,1212.0300000000002,,,13.0,False
2018-08-08 03:45:00+00:00,-1,556,stop_too_wide,off,1213.2945,3.991,0.782,,
2018-08-08 04:15:00+00:00,-1,556,stop_too_wide,off,1213.255,4.019,0.761,,
2018-08-08 05:15:00+00:00,-1,556,retest_expired,off,1214.3595,,,13.0,False
2018-08-08 08:00:00+00:00,-1,556,stop_too_wide,london,1213.5665,3.787,0.918,,
2018-08-08 09:15:00+00:00,-1,556,retest_expired,london,1212.75,,,13.0,False
2018-08-09 16:45:00+00:00,-1,556,stop_too_wide,newyork,1212.85,4.578,1.067,,
2018-08-09 19:15:00+00:00,-1,556,retest_expired,newyork,1212.2849999999999,,,13.0,False
2018-08-10 03:45:00+00:00,-1,556,retest_expired,off,1212.1805,,,13.0,False
2018-08-10 18:30:00+00:00,-1,559,retest_expired,newyork,1211.3035,,,13.0,False
2018-08-10 18:45:00+00:00,-1,556,retest_expired,newyork,1211.8200000000002,,,13.0,False
2018-08-12 23:15:00+00:00,-1,556,stop_too_wide,off,1213.125,4.252,0.965,,
2018-08-12 23:30:00+00:00,-1,556,stop_too_wide,off,1212.5349999999999,4.832,0.946,,
2018-08-13 02:00:00+00:00,-1,556,retest_expired,off,1209.0335,,,13.0,False
2018-08-13 13:00:00+00:00,-1,557,retest_expired,overlap,1201.3735000000001,,,13.0,False
2018-09-11 01:30:00+00:00,-1,573,stop_too_wide,off,1193.9755,3.804,0.721,,
2018-09-11 04:00:00+00:00,-1,573,retest_expired,off,1194.0430000000001,,,13.0,False
2018-09-11 11:45:00+00:00,-1,573,stop_too_wide,london,1194.3045000000002,3.513,0.797,,
2018-09-11 12:15:00+00:00,-1,573,retest_expired,overlap,1193.075,,,13.0,False
2018-09-12 05:00:00+00:00,-1,573,retest_expired,off,1194.08,,,13.0,False
2018-09-16 23:15:00+00:00,-1,573,retest_expired,off,1193.3935000000001,,,13.0,False
2018-09-25 01:45:00+00:00,-1,572,stop_too_wide,off,1198.465,3.189,0.639,,
2018-09-25 03:45:00+00:00,-1,572,retest_expired,off,1198.465,,,13.0,False
2018-09-26 10:15:00+00:00,-1,572,stop_too_wide,london,1198.5295,3.192,0.775,,
2018-09-26 11:15:00+00:00,-1,572,stop_too_wide,london,1197.725,4.013,0.807,,
2018-09-26 11:45:00+00:00,-1,571,retest_expired,london,1197.525,,,13.0,False
2018-09-26 12:00:00+00:00,-1,562,stop_too_wide,overlap,1197.2805,3.61,0.828,,
2018-09-26 12:45:00+00:00,-1,572,retest_expired,overlap,1195.875,,,13.0,False
2018-09-26 14:45:00+00:00,-1,562,retest_expired,overlap,1194.2145,,,13.0,False
2018-09-27 08:15:00+00:00,-1,562,retest_expired,london,1196.15,,,13.0,False
2018-09-27 14:30:00+00:00,-1,567,stop_too_wide,overlap,1184.719,6.798,1.681,,
2018-09-27 15:00:00+00:00,-1,573,retest_expired,overlap,1182.399,,,13.0,False
2018-09-27 15:45:00+00:00,-1,561,retest_expired,newyork,1184.2605,,,13.0,False
2018-09-27 16:15:00+00:00,-1,567,retest_expired,newyork,1184.4720000000002,,,13.0,False
2018-10-01 02:30:00+00:00,-1,561,stop_too_wide,off,1189.075,5.789,0.834,,
2018-10-01 04:15:00+00:00,-1,561,retest_expired,off,1188.395,,,13.0,False
2018-10-01 08:15:00+00:00,-1,567,stop_too_wide,london,1186.494,4.636,0.907,,
2018-10-01 10:15:00+00:00,-1,567,retest_expired,london,1186.0365000000002,,,13.0,False
2018-10-01 16:15:00+00:00,-1,561,retest_expired,newyork,1189.455,,,13.0,False
2018-10-01 19:45:00+00:00,-1,561,stop_too_wide,newyork,1189.5765000000001,5.367,0.993,,
2018-10-01 20:00:00+00:00,-1,561,stop_too_wide,newyork,1189.4650000000001,5.463,0.962,,
2018-10-01 23:30:00+00:00,-1,561,retest_expired,off,1189.3705,,,13.0,False
2018-10-02 07:45:00+00:00,-1,573,stop_too_wide,london,1193.165,5.424,1.025,,
2018-10-02 08:45:00+00:00,-1,573,stop_too_wide,london,1193.2385,5.368,1.06,,
2018-10-02 10:00:00+00:00,-1,573,retest_expired,london,1191.8355000000001,,,13.0,False
2018-10-02 13:30:00+00:00,-1,577,retest_expired,overlap,1202.26,,,13.0,False
2018-10-08 04:00:00+00:00,-1,570,retest_expired,off,1196.3980000000001,,,321.0,False
2018-10-08 13:15:00+00:00,-1,567,stop_too_wide,overlap,1186.4085,8.941,1.459,,
2018-10-08 13:45:00+00:00,-1,567,stop_too_wide,overlap,1186.225,8.917,1.488,,
2018-10-08 14:15:00+00:00,-1,561,stop_too_wide,overlap,1186.6015,8.723,1.756,,
2018-10-08 15:15:00+00:00,-1,573,retest_expired,overlap,1184.3290000000002,,,13.0,False
2018-10-08 15:15:00+00:00,-1,577,retest_expired,overlap,1184.3290000000002,,,13.0,False
2018-10-08 15:30:00+00:00,-1,561,retest_expired,newyork,1185.694,,,13.0,False
2018-10-09 04:45:00+00:00,-1,577,stop_too_wide,off,1191.4015,3.806,0.711,,
2018-10-09 05:00:00+00:00,-1,577,stop_too_wide,off,1191.03,4.174,0.705,,
2018-10-09 05:45:00+00:00,-1,577,stop_too_wide,off,1190.85,4.355,0.707,,
2018-10-09 07:00:00+00:00,-1,577,retest_expired,london,1189.67,,,13.0,False
2018-10-09 08:15:00+00:00,-1,561,stop_too_wide,london,1189.3795,5.489,0.843,,
2018-10-09 09:00:00+00:00,-1,561,stop_too_wide,london,1189.089,5.798,0.881,,
2018-10-09 10:30:00+00:00,-1,561,retest_expired,london,1186.6585,,,13.0,False
2018-10-09 11:00:00+00:00,-1,567,stop_too_wide,london,1186.1855,4.932,0.881,,
2018-10-09 12:30:00+00:00,-1,567,stop_too_wide,overlap,1185.6985,5.521,1.086,,
2018-10-09 13:30:00+00:00,-1,567,retest_expired,overlap,1185.51,,,13.0,False
2018-10-09 16:00:00+00:00,-1,561,stop_too_wide,newyork,1188.1644999999999,6.99,1.416,,
2018-10-09 19:00:00+00:00,-1,561,retest_expired,newyork,1189.74,,,13.0,False
2018-10-09 20:30:00+00:00,-1,561,stop_too_wide,newyork,1189.9645,4.951,0.936,,
2018-10-09 22:30:00+00:00,-1,561,stop_too_wide,off,1189.404,5.464,0.842,,
2018-10-09 23:30:00+00:00,-1,561,retest_expired,off,1190.2849999999999,,,13.0,False
2018-10-10 03:15:00+00:00,-1,561,stop_too_wide,off,1189.7134999999998,5.123,0.779,,
2018-10-10 03:30:00+00:00,-1,561,stop_too_wide,off,1189.405,5.417,0.751,,
2018-10-10 04:15:00+00:00,-1,561,stop_too_wide,off,1189.845,4.95,0.697,,
2018-10-10 04:30:00+00:00,-1,577,retest_expired,off,1189.76,,,13.0,False
2018-10-10 04:45:00+00:00,-1,561,stop_too_wide,off,1189.6805,5.083,0.633,,
2018-10-10 05:15:00+00:00,-1,561,retest_expired,off,1190.6745,,,13.0,False
2018-10-10 07:00:00+00:00,-1,561,stop_too_wide,london,1189.834,5.032,0.838,,
2018-10-10 07:15:00+00:00,-1,561,stop_too_wide,london,1189.1205,5.744,0.835,,
2018-10-10 09:45:00+00:00,-1,561,retest_expired,london,1186.834,,,13.0,False
2018-10-22 17:30:00+00:00,1,583,stop_too_wide,newyork,1222.185,5.077,0.967,,
2018-10-22 19:00:00+00:00,1,583,stop_too_wide,newyork,1222.3290000000002,5.189,0.903,,
2018-10-22 19:30:00+00:00,1,583,retest_expired,newyork,1222.4735,,,13.0,False
2018-10-26 03:15:00+00:00,1,584,stop_too_wide,off,1232.4415,4.268,0.835,,
2018-10-26 05:30:00+00:00,1,584,retest_expired,off,1232.518,,,13.0,False
2018-10-26 07:30:00+00:00,1,582,stop_too_wide,london,1235.1565,4.47,1.023,,
2018-10-26 10:15:00+00:00,1,584,retest_expired,london,1236.8885,,,13.0,False
2018-10-26 10:30:00+00:00,1,582,retest_expired,london,1236.114,,,13.0,False
2018-11-01 19:30:00+00:00,1,584,retest_expired,newyork,1233.545,,,13.0,False
2018-11-02 02:45:00+00:00,1,584,stop_too_wide,off,1232.5515,4.457,0.994,,
2018-11-02 04:45:00+00:00,1,584,stop_too_wide,off,1233.165,5.047,0.946,,
2018-11-02 05:45:00+00:00,1,584,retest_expired,off,1233.96,,,13.0,False
2018-11-28 06:30:00+00:00,-1,596,retest_expired,off,1214.495,,,13.0,False
2018-12-12 11:15:00+00:00,1,603,retest_expired,london,1243.8,,,13.0,False
2018-12-17 19:30:00+00:00,1,603,retest_expired,newyork,1245.7535,,,13.0,False
2018-12-19 17:45:00+00:00,1,602,retest_expired,newyork,1252.815,,,13.0,False
2018-12-20 01:30:00+00:00,1,603,retest_expired,off,1244.8784999999998,,,13.0,False
2018-12-20 12:30:00+00:00,1,602,retest_expired,london,1254.5335,,,13.0,False
2019-01-02 05:45:00+00:00,1,611,stop_too_wide,off,1286.3215,5.662,1.01,,
2019-01-02 07:45:00+00:00,1,611,stop_too_wide,off,1285.5749999999998,4.909,0.996,,
2019-01-02 08:30:00+00:00,1,611,stop_too_wide,london,1287.9415,7.379,1.204,,
2019-01-02 08:45:00+00:00,1,611,retest_expired,london,1288.16,,,13.0,False
2019-01-02 13:15:00+00:00,1,611,stop_too_wide,overlap,1286.835,6.283,1.225,,
2019-01-02 15:30:00+00:00,1,611,stop_too_wide,overlap,1286.9814999999999,6.636,1.637,,
2019-01-03 02:15:00+00:00,1,611,retest_expired,off,1289.0635,,,13.0,False
2019-01-07 04:15:00+00:00,1,611,retest_expired,off,1289.365,,,13.0,False
2019-01-08 18:30:00+00:00,1,611,stop_too_wide,newyork,1285.6665,5.132,1.26,,
2019-01-08 19:30:00+00:00,1,611,stop_too_wide,newyork,1285.2085000000002,4.606,1.123,,
2019-01-08 20:45:00+00:00,1,611,retest_expired,newyork,1285.3815,,,13.0,False
2019-01-08 23:45:00+00:00,1,611,stop_too_wide,off,1285.2285000000002,4.41,0.691,,
2019-01-09 02:00:00+00:00,1,611,retest_expired,off,1284.545,,,13.0,False
2019-02-13 04:15:00+00:00,1,623,retest_expired,off,1312.9715,,,13.0,False
2019-02-13 16:45:00+00:00,1,623,retest_expired,newyork,1313.0484999999999,,,13.0,False
2019-02-15 12:45:00+00:00,1,627,stop_too_wide,london,1317.9615,4.492,0.964,,
2019-02-15 21:15:00+00:00,1,627,retest_expired,newyork,1321.45,,,13.0,False
2019-02-25 09:45:00+00:00,1,624,stop_too_wide,london,1329.5715,4.493,0.869,,
2019-02-25 12:45:00+00:00,1,624,retest_expired,london,1330.1950000000002,,,13.0,False
2019-02-25 16:45:00+00:00,1,624,retest_expired,newyork,1327.5035,,,13.0,False
2019-02-26 05:45:00+00:00,1,624,retest_expired,off,1328.6185,,,13.0,False
2019-02-27 02:30:00+00:00,1,624,stop_too_wide,off,1329.255,4.212,0.94,,
2019-02-28 12:00:00+00:00,1,622,retest_expired,london,1326.6065,,,78.0,False
2019-04-10 03:15:00+00:00,1,640,stop_too_wide,off,1302.2565,3.855,0.73,,
2019-04-10 06:00:00+00:00,1,640,retest_expired,off,1303.665,,,13.0,False
2019-04-10 18:15:00+00:00,1,643,retest_expired,newyork,1307.52,,,13.0,False
2019-04-11 05:30:00+00:00,1,643,stop_too_wide,off,1307.935,2.807,0.598,,
2019-04-25 09:30:00+00:00,-1,659,stop_too_wide,london,1276.7915,4.383,0.874,,
2019-04-25 10:30:00+00:00,-1,659,retest_expired,london,1277.43,,,13.0,False
2019-04-26 03:30:00+00:00,-1,654,stop_too_wide,off,1279.94,3.833,0.695,,
2019-04-29 16:00:00+00:00,-1,654,retest_expired,newyork,1278.7635,,,143.0,False
2019-04-29 23:15:00+00:00,-1,654,stop_too_wide,off,1280.155,3.527,0.512,,
2019-05-16 13:00:00+00:00,1,657,stop_too_wide,overlap,1292.6915,5.946,1.239,,
2019-05-28 16:00:00+00:00,-1,654,retest_expired,newyork,1278.6015,,,1901.0,False
2019-05-29 01:45:00+00:00,-1,654,stop_too_wide,off,1280.065,3.62,0.802,,
2019-05-29 02:45:00+00:00,-1,654,stop_too_wide,off,1280.1750000000002,3.485,0.752,,
2019-05-29 03:00:00+00:00,-1,654,stop_too_wide,off,1280.1265,3.523,0.731,,
2019-05-29 04:30:00+00:00,-1,654,retest_expired,off,1281.3049999999998,,,13.0,False
2019-05-29 23:45:00+00:00,-1,654,stop_too_wide,off,1279.9485,3.692,0.714,,
2019-06-03 00:00:00+00:00,1,657,retest_expired,off,1309.3584999999998,,,1037.0,False
2019-06-14 00:00:00+00:00,1,678,retest_expired,off,1344.87,,,13.0,False
2019-06-17 02:30:00+00:00,1,678,stop_too_wide,off,1341.3335,5.724,1.269,,
2019-06-17 04:30:00+00:00,1,678,retest_expired,off,1341.6335,,,13.0,False
2019-06-18 02:30:00+00:00,1,678,stop_too_wide,off,1341.92,5.112,0.909,,
2019-06-18 03:30:00+00:00,1,678,stop_too_wide,off,1341.49,4.646,0.838,,
2019-06-18 05:00:00+00:00,1,678,retest_expired,off,1342.3415,,,13.0,False
2019-07-22 00:00:00+00:00,1,689,retest_expired,off,1425.9835,,,560.0,False
2019-07-23 14:15:00+00:00,1,695,retest_expired,overlap,1427.9650000000001,,,13.0,False
2019-07-24 07:15:00+00:00,1,695,stop_too_wide,london,1423.1100000000001,6.867,1.166,,
2019-07-24 09:45:00+00:00,1,695,retest_expired,london,1426.5765000000001,,,13.0,False
2019-07-24 20:30:00+00:00,1,695,retest_expired,newyork,1425.145,,,13.0,False
2019-07-25 15:15:00+00:00,1,691,stop_too_wide,overlap,1418.935,11.756,2.88,,
2019-08-16 00:00:00+00:00,1,691,retest_expired,off,1525.4115000000002,,,1415.0,False
2019-08-19 04:00:00+00:00,1,709,stop_too_wide,off,1509.5,9.066,1.685,,
2019-08-19 05:00:00+00:00,1,709,stop_too_wide,off,1509.6935,9.137,1.44,,
2019-08-19 05:15:00+00:00,1,709,retest_expired,off,1509.23,,,13.0,False
2019-10-15 00:00:00+00:00,-1,703,retest_expired,off,1491.4915,,,414.0,False
2019-10-15 17:15:00+00:00,-1,704,retest_expired,newyork,1480.1115,,,13.0,False
2019-10-15 18:30:00+00:00,-1,717,stop_too_wide,newyork,1481.2385,8.598,1.715,,
2019-10-15 19:00:00+00:00,-1,717,stop_too_wide,newyork,1481.2185,8.581,1.642,,
2019-10-15 19:15:00+00:00,-1,717,retest_expired,newyork,1480.8885,,,13.0,False
2019-10-15 22:15:00+00:00,-1,717,stop_too_wide,off,1480.76,8.825,1.213,,
2019-10-16 00:45:00+00:00,-1,717,stop_too_wide,off,1483.685,5.884,1.181,,
2019-10-16 01:00:00+00:00,-1,717,retest_expired,off,1484.0749999999998,,,13.0,False
2019-10-16 12:00:00+00:00,-1,717,stop_too_wide,overlap,1480.2150000000001,9.626,1.726,,
2019-10-16 14:00:00+00:00,-1,704,stop_too_wide,overlap,1485.0765000000001,14.268,2.7,,
2019-10-16 15:30:00+00:00,-1,704,stop_too_wide,newyork,1486.505,12.723,2.466,,
2019-10-16 16:45:00+00:00,-1,704,retest_expired,newyork,1488.9485,,,13.0,False
2019-10-17 11:15:00+00:00,-1,704,stop_too_wide,london,1488.9185,9.968,1.783,,
2019-10-17 12:30:00+00:00,-1,704,stop_too_wide,overlap,1489.3285,9.712,2.092,,
2019-10-17 13:15:00+00:00,-1,704,retest_expired,overlap,1491.1065,,,13.0,False
2019-10-31 02:30:00+00:00,1,704,stop_too_wide,off,1498.2865,13.525,1.408,,
2019-10-31 03:45:00+00:00,1,704,stop_too_wide,off,1498.3415,13.475,1.197,,
2019-10-31 04:45:00+00:00,1,704,retest_expired,off,1497.1965,,,13.0,False
2019-10-31 06:15:00+00:00,1,704,stop_too_wide,off,1498.0149999999999,13.04,0.98,,
2019-10-31 08:00:00+00:00,1,722,stop_too_wide,london,1500.56,7.575,1.016,,
2019-10-31 08:45:00+00:00,1,722,stop_too_wide,london,1500.89,7.925,1.055,,
2019-10-31 09:00:00+00:00,1,704,retest_expired,london,1503.5349999999999,,,13.0,False
2019-10-31 11:00:00+00:00,1,722,retest_expired,london,1506.7165,,,13.0,False
2019-10-31 12:15:00+00:00,1,718,retest_expired,overlap,1507.05,,,13.0,False
2019-10-31 13:30:00+00:00,1,710,stop_too_wide,overlap,1510.0135,12.103,1.791,,
2019-10-31 15:45:00+00:00,1,710,retest_expired,overlap,1509.7335,,,13.0,False
2019-11-01 16:00:00+00:00,1,710,retest_expired,overlap,1511.5214999999998,,,13.0,False
2019-11-04 19:00:00+00:00,1,710,stop_too_wide,newyork,1507.7235,9.636,1.437,,
2019-11-04 19:45:00+00:00,1,710,stop_too_wide,newyork,1508.3600000000001,10.242,1.376,,
2019-11-04 20:15:00+00:00,1,710,retest_expired,newyork,1508.72,,,13.0,False
2019-11-18 12:00:00+00:00,-1,729,stop_too_wide,london,1458.8215,5.46,1.145,,
2019-11-18 13:00:00+00:00,-1,729,retest_expired,overlap,1458.6734999999999,,,13.0,False
2019-12-02 07:30:00+00:00,-1,729,stop_too_wide,off,1458.615,5.566,0.809,,
2019-12-02 10:15:00+00:00,-1,729,retest_expired,london,1456.53,,,13.0,False
2019-12-02 14:00:00+00:00,-1,729,stop_too_wide,overlap,1458.4285,6.002,1.307,,
2019-12-02 14:45:00+00:00,-1,729,stop_too_wide,overlap,1458.3985,6.076,1.396,,
2019-12-12 10:15:00+00:00,1,741,stop_too_wide,london,1474.635,4.645,0.843,,
2019-12-12 13:15:00+00:00,1,741,retest_expired,overlap,1478.8115,,,13.0,False
2019-12-12 20:00:00+00:00,1,732,retest_expired,newyork,1469.975,,,18.0,False
2019-12-12 20:00:00+00:00,1,735,retest_expired,newyork,1469.975,,,18.0,False
2019-12-16 05:00:00+00:00,1,741,retest_expired,off,1474.97,,,13.0,False
2019-12-16 09:00:00+00:00,1,730,stop_too_wide,london,1476.045,4.94,1.096,,
2019-12-16 09:45:00+00:00,1,730,retest_expired,london,1477.5715,,,13.0,False
2019-12-16 12:45:00+00:00,1,730,stop_too_wide,london,1477.59,6.37,0.867,,
2019-12-16 15:45:00+00:00,1,730,retest_expired,overlap,1474.9185,,,13.0,False
2019-12-17 04:30:00+00:00,1,730,stop_too_wide,off,1477.4434999999999,6.101,0.621,,
2019-12-17 06:00:00+00:00,1,730,stop_too_wide,off,1477.5815,6.25,0.643,,
2019-12-17 06:45:00+00:00,1,730,stop_too_wide,off,1477.3715,6.034,0.632,,
2019-12-17 07:30:00+00:00,1,730,retest_expired,off,1476.6084999999998,,,13.0,False
2019-12-17 11:15:00+00:00,1,730,retest_expired,london,1479.6950000000002,,,13.0,False
2019-12-17 15:15:00+00:00,1,730,stop_too_wide,overlap,1475.9185,4.827,1.122,,
2019-12-17 15:45:00+00:00,1,730,stop_too_wide,overlap,1475.8735000000001,4.801,1.162,,
2019-12-17 16:00:00+00:00,1,730,stop_too_wide,overlap,1476.5484999999999,5.483,1.176,,
2019-12-17 16:30:00+00:00,1,730,stop_too_wide,newyork,1477.2150000000001,6.133,1.142,,
2019-12-17 17:15:00+00:00,1,730,stop_too_wide,newyork,1476.2885,5.239,1.207,,
2019-12-17 17:30:00+00:00,1,730,stop_too_wide,newyork,1477.3885,6.338,1.206,,
2019-12-17 17:45:00+00:00,1,730,retest_expired,newyork,1477.22,,,13.0,False
2019-12-18 05:30:00+00:00,1,730,stop_too_wide,off,1476.6149999999998,5.197,0.47,,
2019-12-18 05:45:00+00:00,1,730,stop_too_wide,off,1477.1084999999998,5.7,0.489,,
2019-12-18 07:30:00+00:00,1,730,stop_too_wide,off,1477.38,5.996,0.539,,
2019-12-18 08:00:00+00:00,1,730,retest_expired,london,1477.45,,,13.0,False
2019-12-18 20:45:00+00:00,1,741,stop_too_wide,newyork,1475.925,5.887,0.979,,
2019-12-18 21:30:00+00:00,1,741,stop_too_wide,newyork,1475.27,5.197,0.908,,
2019-12-18 23:00:00+00:00,1,741,stop_too_wide,off,1475.5814999999998,5.5,0.892,,
2019-12-18 23:15:00+00:00,1,741,retest_expired,off,1475.7314999999999,,,13.0,False
2019-12-19 04:30:00+00:00,1,741,retest_expired,off,1477.91,,,13.0,False
2019-12-19 05:00:00+00:00,1,730,retest_expired,off,1477.7115,,,13.0,False
2019-12-19 09:45:00+00:00,1,741,stop_too_wide,london,1474.2835,4.15,0.787,,
2019-12-19 10:00:00+00:00,1,741,stop_too_wide,london,1474.8435,4.712,0.792,,
2019-12-19 10:15:00+00:00,1,741,stop_too_wide,london,1475.2235,5.083,0.773,,
2019-12-19 10:45:00+00:00,1,741,stop_too_wide,london,1474.495,4.363,0.79,,
2019-12-19 11:15:00+00:00,1,741,stop_too_wide,london,1474.1950000000002,4.065,0.795,,
2019-12-19 11:30:00+00:00,1,741,stop_too_wide,london,1474.3765,4.247,0.796,,
2019-12-19 11:45:00+00:00,1,741,retest_expired,london,1474.6635,,,13.0,False
2019-12-19 14:45:00+00:00,1,730,stop_too_wide,overlap,1476.605,5.472,1.039,,
2019-12-19 16:00:00+00:00,1,730,stop_too_wide,overlap,1476.73,5.614,1.074,,
2019-12-19 16:45:00+00:00,1,730,retest_expired,newyork,1478.8315,,,13.0,False
2019-12-19 16:45:00+00:00,1,741,retest_expired,newyork,1478.8315,,,13.0,False
2020-01-29 11:00:00+00:00,1,757,stop_too_wide,london,1571.3135,5.328,1.172,,
2020-01-29 12:30:00+00:00,1,757,retest_expired,london,1570.9850000000001,,,13.0,False
2020-02-07 12:00:00+00:00,1,761,retest_expired,london,1566.84,,,295.0,False
2020-02-07 13:30:00+00:00,1,754,stop_too_wide,overlap,1568.7165,10.297,2.019,,
2020-02-07 20:00:00+00:00,1,754,retest_expired,newyork,1571.3665,,,28.0,False
2020-02-07 20:00:00+00:00,1,757,retest_expired,newyork,1571.3665,,,23.0,False
2020-02-07 20:00:00+00:00,1,761,retest_expired,newyork,1571.3665,,,22.0,False
2020-03-11 06:00:00+00:00,1,768,stop_too_wide,off,1662.31,17.761,2.466,,
2020-03-11 06:30:00+00:00,1,768,stop_too_wide,off,1662.9285,18.486,2.679,,
2020-03-11 07:15:00+00:00,1,768,stop_too_wide,off,1665.0085,20.598,2.744,,
2020-03-11 07:45:00+00:00,1,768,retest_expired,off,1662.4885,,,13.0,False
2020-03-11 12:45:00+00:00,1,768,stop_too_wide,overlap,1665.6265,21.343,2.997,,
2020-03-11 13:30:00+00:00,1,768,stop_too_wide,overlap,1662.5665,18.421,3.274,,
2020-03-11 13:45:00+00:00,1,768,stop_too_wide,overlap,1662.855,18.659,3.171,,
2020-03-11 14:00:00+00:00,1,768,retest_expired,overlap,1657.635,,,13.0,False
2020-03-25 00:00:00+00:00,1,766,retest_expired,off,1630.695,,,857.0,False
2020-03-25 03:15:00+00:00,1,769,stop_too_wide,off,1618.79,31.602,7.606,,
2020-03-25 05:15:00+00:00,1,769,retest_expired,off,1606.5,,,13.0,False
2020-03-26 14:45:00+00:00,1,769,retest_expired,overlap,1627.49,,,13.0,False
2020-03-27 12:15:00+00:00,1,769,retest_expired,overlap,1621.49,,,13.0,False
2020-03-27 17:30:00+00:00,1,769,retest_expired,newyork,1626.3235,,,13.0,False
2020-04-09 10:45:00+00:00,1,768,stop_too_wide,london,1662.3400000000001,21.557,2.916,,
2020-04-09 11:30:00+00:00,1,768,stop_too_wide,london,1662.755,22.162,3.295,,
2020-04-09 12:15:00+00:00,1,768,stop_too_wide,overlap,1664.6599999999999,24.135,3.431,,
2020-04-09 13:30:00+00:00,1,768,retest_expired,overlap,1682.525,,,13.0,False
2020-04-22 00:00:00+00:00,1,773,retest_expired,off,1686.33,,,50.0,False
2020-05-13 19:45:00+00:00,1,795,stop_too_wide,newyork,1717.5349999999999,10.017,2.435,,
2020-05-13 23:15:00+00:00,1,787,retest_expired,off,1716.8665,,,13.0,False
2020-05-14 01:45:00+00:00,1,795,retest_expired,off,1714.71,,,13.0,False
2020-05-14 02:15:00+00:00,1,787,stop_too_wide,off,1714.1750000000002,10.293,1.865,,
2020-05-14 03:45:00+00:00,1,787,stop_too_wide,off,1713.71,9.701,1.612,,
2020-05-14 05:00:00+00:00,1,787,retest_expired,off,1713.3899999999999,,,13.0,False
2020-05-14 06:45:00+00:00,1,795,stop_too_wide,off,1717.0915,9.142,1.572,,
2020-05-14 08:00:00+00:00,1,787,stop_too_wide,london,1716.545,12.681,1.902,,
2020-05-14 08:00:00+00:00,1,795,stop_too_wide,london,1716.545,8.76,1.902,,
2020-05-14 08:45:00+00:00,1,795,stop_too_wide,london,1717.9615,10.197,1.941,,
2020-05-14 09:00:00+00:00,1,787,retest_expired,london,1716.5765000000001,,,13.0,False
2020-05-14 09:45:00+00:00,1,795,retest_expired,london,1718.75,,,13.0,False
2020-05-14 13:45:00+00:00,1,794,stop_too_wide,overlap,1731.74,22.018,3.405,,
2020-05-14 16:45:00+00:00,1,794,retest_expired,newyork,1731.5715,,,13.0,False
2020-05-15 13:00:00+00:00,1,788,stop_too_wide,overlap,1744.63,15.378,3.195,,
2020-05-18 01:15:00+00:00,1,788,retest_expired,off,1757.1135,,,13.0,False
2020-05-19 17:45:00+00:00,1,788,stop_too_wide,newyork,1743.0965,11.279,2.668,,
2020-05-19 20:30:00+00:00,1,788,retest_expired,newyork,1746.4685,,,13.0,False
2020-05-21 04:15:00+00:00,1,788,stop_too_wide,off,1741.5415,9.326,1.873,,
2020-05-21 04:30:00+00:00,1,788,stop_too_wide,off,1742.5285,10.286,1.819,,
2020-05-21 05:45:00+00:00,1,788,stop_too_wide,off,1741.6365,9.379,1.789,,
2020-05-29 17:30:00+00:00,1,798,retest_expired,newyork,1734.9785,,,13.0,False
2020-06-08 03:30:00+00:00,-1,792,stop_too_wide,off,1688.0465,9.394,2.074,,
2020-06-08 04:30:00+00:00,-1,792,stop_too_wide,off,1688.4234999999999,8.933,1.906,,
2020-06-08 05:15:00+00:00,-1,792,stop_too_wide,off,1689.5035,7.859,1.918,,
2020-06-08 05:30:00+00:00,-1,792,stop_too_wide,off,1687.8584999999998,9.516,1.943,,
2020-06-08 05:45:00+00:00,-1,792,retest_expired,off,1690.6765,,,13.0,False
2020-06-28 22:00:00+00:00,1,798,retest_expired,off,1774.99,,,1847.0,False
2020-06-30 22:00:00+00:00,1,810,stop_too_wide,off,1783.365,10.063,2.046,,
2020-07-01 00:15:00+00:00,1,810,retest_expired,off,1781.6885,,,13.0,False
2020-07-01 02:45:00+00:00,1,810,stop_too_wide,off,1782.9465,9.444,1.646,,
2020-07-01 04:15:00+00:00,1,810,retest_expired,off,1784.3435,,,13.0,False
2020-07-02 10:00:00+00:00,1,813,retest_expired,london,1774.0300000000002,,,13.0,False
2020-07-02 13:30:00+00:00,1,813,stop_too_wide,overlap,1769.4099999999999,13.122,3.143,,
2020-07-02 16:30:00+00:00,1,813,retest_expired,newyork,1776.45,,,13.0,False
2020-07-07 16:45:00+00:00,1,810,retest_expired,newyork,1795.9865,,,13.0,False
2020-07-07 17:15:00+00:00,1,814,retest_expired,newyork,1796.8335,,,13.0,False
2020-07-14 06:00:00+00:00,1,819,stop_too_wide,off,1800.2365,8.558,1.539,,
2020-07-14 08:30:00+00:00,1,819,retest_expired,london,1800.4850000000001,,,13.0,False
2020-08-04 18:00:00+00:00,1,827,retest_expired,newyork,2009.1264999999999,,,13.0,False
2020-08-18 01:30:00+00:00,1,827,stop_too_wide,off,1989.4285,13.869,3.017,,
2020-08-18 03:30:00+00:00,1,827,stop_too_wide,off,1990.095,14.699,3.343,,
2020-08-18 04:15:00+00:00,1,827,retest_expired,off,1993.13,,,13.0,False
2020-08-18 17:45:00+00:00,1,827,retest_expired,newyork,2005.9485,,,13.0,False
2020-08-19 12:45:00+00:00,1,827,stop_too_wide,overlap,1992.1335,17.11,4.089,,
2020-09-10 08:15:00+00:00,1,844,stop_too_wide,london,1946.4185,9.624,2.316,,
2020-09-10 10:30:00+00:00,1,844,retest_expired,london,1949.1265,,,13.0,False
2020-09-10 12:45:00+00:00,1,837,stop_too_wide,overlap,1956.2649999999999,12.662,3.157,,
2020-09-10 15:45:00+00:00,1,837,retest_expired,newyork,1959.2334999999998,,,13.0,False
2020-09-21 04:00:00+00:00,1,844,retest_expired,off,1954.4185,,,570.0,False
2020-10-21 13:00:00+00:00,1,853,stop_too_wide,overlap,1925.355,16.616,2.557,,
2020-10-21 13:30:00+00:00,1,853,stop_too_wide,overlap,1924.6415000000002,15.95,2.653,,
2020-10-21 15:15:00+00:00,1,853,stop_too_wide,overlap,1924.2435,15.884,3.318,,
2020-10-21 15:45:00+00:00,1,853,retest_expired,newyork,1925.1915,,,13.0,False
2020-10-21 19:45:00+00:00,1,853,stop_too_wide,newyork,1924.5835,15.745,2.359,,
2020-10-21 23:30:00+00:00,1,853,retest_expired,off,1921.6315,,,13.0,False
2020-11-02 10:15:00+00:00,-1,849,stop_too_wide,london,1886.7765,11.398,2.463,,
2020-11-02 11:15:00+00:00,-1,849,stop_too_wide,london,1887.8135,10.262,2.265,,
2020-11-10 12:15:00+00:00,-1,849,retest_expired,london,1878.72,,,13.0,False
2020-11-10 19:15:00+00:00,-1,848,stop_too_wide,newyork,1877.1815000000001,14.295,3.119,,
2020-11-10 21:30:00+00:00,-1,848,retest_expired,newyork,1876.815,,,13.0,False
2020-11-11 05:15:00+00:00,-1,859,stop_too_wide,off,1881.4915,14.026,2.11,,
2020-11-11 06:15:00+00:00,-1,859,stop_too_wide,off,1881.4065,14.038,1.965,,
2020-11-11 06:45:00+00:00,-1,859,retest_expired,off,1883.2365,,,13.0,False
2020-11-11 07:15:00+00:00,-1,848,stop_too_wide,off,1875.13,15.978,2.383,,
2020-11-11 10:00:00+00:00,-1,848,stop_too_wide,london,1879.9115000000002,11.317,2.624,,
2020-11-11 10:00:00+00:00,-1,859,stop_too_wide,london,1879.9115000000002,15.863,2.624,,
2020-11-11 10:15:00+00:00,-1,848,retest_expired,london,1877.9615,,,13.0,False
2020-11-11 10:15:00+00:00,-1,859,retest_expired,london,1877.9615,,,13.0,False
2020-11-11 16:45:00+00:00,-1,854,retest_expired,newyork,1864.6765,,,13.0,False
2020-11-19 04:45:00+00:00,-1,854,stop_too_wide,off,1866.96,9.537,1.668,,
2020-11-19 05:15:00+00:00,-1,854,stop_too_wide,off,1866.98,9.523,1.679,,
2020-11-19 06:30:00+00:00,-1,854,retest_expired,off,1861.9,,,13.0,False
2020-11-20 06:15:00+00:00,-1,854,stop_too_wide,off,1867.05,9.541,1.856,,
2020-11-20 07:15:00+00:00,-1,854,stop_too_wide,off,1866.0735,10.585,1.99,,
2020-11-20 08:15:00+00:00,-1,854,retest_expired,london,1867.7165,,,13.0,False
2020-11-20 10:45:00+00:00,-1,854,stop_too_wide,london,1865.6535,11.149,2.278,,
2020-11-20 12:15:00+00:00,-1,854,stop_too_wide,london,1865.685,11.039,2.122,,
2020-11-20 13:00:00+00:00,-1,854,stop_too_wide,overlap,1866.856,9.87,2.124,,
2020-11-20 13:30:00+00:00,-1,854,retest_expired,overlap,1867.4915,,,13.0,False
2020-11-20 18:45:00+00:00,-1,848,retest_expired,newyork,1873.7665,,,13.0,False
2020-11-27 16:15:00+00:00,-1,869,retest_expired,overlap,1786.085,,,13.0,False
2020-12-28 02:15:00+00:00,1,868,retest_expired,off,1897.2150000000001,,,13.0,False
2020-12-30 04:45:00+00:00,1,868,retest_expired,off,1885.5115,,,13.0,False
2020-12-30 13:45:00+00:00,1,868,stop_too_wide,overlap,1883.5135,11.728,2.181,,
2020-12-30 14:30:00+00:00,1,868,stop_too_wide,overlap,1883.56,11.956,2.544,,
2020-12-30 14:45:00+00:00,1,868,stop_too_wide,overlap,1887.4585,16.013,2.861,,
2020-12-30 16:45:00+00:00,1,868,retest_expired,newyork,1886.974,,,13.0,False
2020-12-30 21:15:00+00:00,1,883,stop_too_wide,newyork,1892.6734999999999,9.44,1.682,,
2021-01-15 05:30:00+00:00,-1,885,stop_too_wide,off,1849.8065000000001,12.759,2.111,,
2021-01-15 08:15:00+00:00,-1,885,retest_expired,london,1851.8065000000001,,,13.0,False
2021-01-15 11:15:00+00:00,-1,885,stop_too_wide,london,1851.3565,11.337,2.368,,
2021-01-15 14:15:00+00:00,-1,885,retest_expired,overlap,1843.2385,,,13.0,False
2021-01-20 06:45:00+00:00,-1,885,stop_too_wide,off,1852.8114999999998,9.566,1.736,,
2021-01-20 07:15:00+00:00,-1,885,stop_too_wide,off,1854.4085,7.983,1.764,,
2021-01-20 07:30:00+00:00,-1,885,stop_too_wide,off,1854.0085,8.375,1.748,,
2021-01-20 12:00:00+00:00,-1,885,retest_expired,london,1848.625,,,23.0,False
2021-01-20 12:00:00+00:00,-1,892,retest_expired,london,1848.625,,,18.0,False
2021-01-24 23:00:00+00:00,-1,886,retest_expired,off,1857.3899999999999,,,209.0,False
2021-02-24 20:15:00+00:00,-1,893,retest_expired,newyork,1799.83,,,13.0,False
2021-03-04 18:45:00+00:00,-1,909,stop_too_wide,newyork,1691.2350000000001,29.659,5.709,,
2021-03-05 02:00:00+00:00,-1,909,retest_expired,off,1691.0774999999999,,,13.0,False
2021-03-05 11:00:00+00:00,-1,909,retest_expired,london,1694.1799999999998,,,13.0,False
2021-03-05 13:45:00+00:00,-1,909,stop_too_wide,overlap,1693.5245,18.895,3.751,,
2021-03-05 20:45:00+00:00,-1,909,stop_too_wide,newyork,1698.118,13.855,2.857,,
2021-03-05 21:45:00+00:00,-1,909,stop_too_wide,newyork,1699.99,11.821,2.533,,
2021-03-07 23:30:00+00:00,-1,909,retest_expired,off,1709.3985,,,13.0,False
2021-03-08 08:15:00+00:00,-1,909,stop_too_wide,london,1696.63,15.268,2.707,,
2021-03-08 10:45:00+00:00,-1,909,retest_expired,london,1692.713,,,13.0,False
2021-03-12 09:15:00+00:00,-1,911,retest_expired,london,1702.5749999999998,,,13.0,False
2021-04-16 06:15:00+00:00,1,908,retest_expired,off,1762.22,,,13.0,False
2021-04-28 16:00:00+00:00,1,927,retest_expired,newyork,1774.9885,,,50.0,False
2021-05-17 04:15:00+00:00,1,929,retest_expired,off,1852.8615,,,13.0,False
2021-05-17 13:00:00+00:00,1,929,stop_too_wide,overlap,1847.2535,8.653,2.097,,
2021-05-17 13:15:00+00:00,1,929,stop_too_wide,overlap,1850.33,11.822,2.282,,
2021-05-17 15:45:00+00:00,1,929,retest_expired,newyork,1866.395,,,13.0,False
2021-05-25 15:00:00+00:00,1,935,stop_too_wide,overlap,1891.9885,13.645,3.167,,
2021-05-27 15:30:00+00:00,1,935,retest_expired,newyork,1893.53,,,13.0,False
2021-05-27 20:15:00+00:00,1,935,retest_expired,newyork,1897.1545,,,13.0,False
2021-05-28 10:00:00+00:00,1,940,stop_too_wide,london,1893.1315,7.585,1.592,,
2021-05-28 11:45:00+00:00,1,935,retest_expired,london,1891.283,,,13.0,False
2021-05-28 11:45:00+00:00,1,940,retest_expired,london,1891.283,,,13.0,False
2021-05-28 13:00:00+00:00,1,935,stop_too_wide,overlap,1896.3249999999998,15.554,3.126,,
2021-05-28 13:00:00+00:00,1,940,stop_too_wide,overlap,1896.3249999999998,15.554,3.126,,
2021-05-28 16:00:00+00:00,1,935,retest_expired,newyork,1897.9185,,,13.0,False
2021-05-28 16:00:00+00:00,1,940,retest_expired,newyork,1897.9185,,,13.0,False
2021-06-07 19:15:00+00:00,1,940,retest_expired,newyork,1899.8015,,,13.0,False
2021-06-25 18:00:00+00:00,-1,953,retest_expired,newyork,1777.73,,,13.0,False
2021-06-29 08:45:00+00:00,-1,954,stop_too_wide,london,1769.5115,8.235,1.88,,
2021-06-29 15:30:00+00:00,-1,954,retest_expired,newyork,1762.885,,,13.0,False
2021-06-29 15:45:00+00:00,-1,950,retest_expired,newyork,1762.75,,,13.0,False
2021-07-01 15:45:00+00:00,-1,954,stop_too_wide,newyork,1771.0549999999998,13.326,3.032,,
2021-07-16 12:30:00+00:00,1,957,stop_too_wide,overlap,1823.53,11.741,2.636,,
2021-07-16 15:30:00+00:00,1,957,retest_expired,newyork,1811.491,,,13.0,False
2021-07-19 04:30:00+00:00,1,959,stop_too_wide,off,1813.995,6.871,1.518,,
2021-08-27 04:15:00+00:00,1,976,retest_expired,off,1798.955,,,13.0,False
2021-08-27 05:45:00+00:00,1,977,retest_expired,off,1801.9065,,,13.0,False
2021-08-27 06:15:00+00:00,1,960,stop_too_wide,off,1804.0635,8.429,1.296,,
2021-08-27 07:45:00+00:00,1,960,stop_too_wide,london,1801.665,6.095,1.426,,
2021-08-27 12:30:00+00:00,1,976,stop_too_wide,overlap,1798.19,12.497,1.814,,
2021-08-27 14:00:00+00:00,1,976,stop_too_wide,overlap,1802.56,20.358,4.066,,
2021-08-27 14:00:00+00:00,1,977,stop_too_wide,overlap,1802.56,20.358,4.066,,
2021-08-27 14:30:00+00:00,1,960,stop_too_wide,overlap,1807.2335,25.223,4.449,,
2021-08-27 14:30:00+00:00,1,976,retest_expired,overlap,1807.2335,,,13.0,False
2021-08-27 15:30:00+00:00,1,966,stop_too_wide,newyork,1808.82,26.554,3.939,,
2021-08-27 15:45:00+00:00,1,977,retest_expired,newyork,1813.0435,,,13.0,False
2021-08-27 17:15:00+00:00,1,960,retest_expired,newyork,1817.12,,,13.0,False
2021-08-27 18:00:00+00:00,1,966,retest_expired,newyork,1816.9470000000001,,,13.0,False
2021-08-27 19:00:00+00:00,1,964,retest_expired,newyork,1817.8565,,,13.0,False
2021-08-27 19:00:00+00:00,1,967,retest_expired,newyork,1817.8565,,,13.0,False
2021-08-30 19:15:00+00:00,1,964,stop_too_wide,newyork,1811.092,6.809,1.382,,
2021-08-30 22:15:00+00:00,1,964,stop_too_wide,off,1810.31,5.871,1.07,,
2021-08-30 23:00:00+00:00,1,964,retest_expired,off,1810.35,,,13.0,False
2021-08-31 00:00:00+00:00,1,964,stop_too_wide,off,1810.8165,6.299,0.913,,
2021-08-31 00:30:00+00:00,1,967,stop_too_wide,off,1811.7649999999999,7.343,0.924,,
2021-08-31 02:45:00+00:00,1,964,retest_expired,off,1812.7350000000001,,,13.0,False
2021-08-31 03:30:00+00:00,1,967,retest_expired,off,1815.205,,,13.0,False
2021-08-31 19:45:00+00:00,1,967,retest_expired,newyork,1814.8670000000002,,,13.0,False
2021-09-01 05:00:00+00:00,1,967,retest_expired,off,1814.07,,,13.0,False
2021-09-01 08:30:00+00:00,1,964,stop_too_wide,london,1811.1399999999999,7.139,1.747,,
2021-09-01 11:30:00+00:00,1,964,retest_expired,london,1811.3885,,,13.0,False
2021-09-01 12:30:00+00:00,1,967,retest_expired,overlap,1817.4675000000002,,,13.0,False
2021-09-01 18:15:00+00:00,1,964,retest_expired,newyork,1813.338,,,13.0,False
2021-09-01 18:30:00+00:00,1,967,retest_expired,newyork,1812.49,,,13.0,False
2021-09-02 08:15:00+00:00,1,967,retest_expired,london,1814.5214999999998,,,13.0,False
2021-09-03 04:00:00+00:00,1,964,retest_expired,off,1811.8,,,13.0,False
2021-09-03 04:15:00+00:00,1,967,retest_expired,off,1811.69,,,13.0,False
2021-09-03 05:30:00+00:00,1,967,stop_too_wide,off,1812.415,8.023,0.984,,
2021-09-03 08:00:00+00:00,1,967,stop_too_wide,london,1812.8535,8.541,1.142,,
2021-09-03 08:30:00+00:00,1,967,retest_expired,london,1812.5755,,,13.0,False
2021-09-03 13:45:00+00:00,1,957,stop_too_wide,overlap,1824.96,14.178,3.227,,
2021-09-03 13:45:00+00:00,1,968,stop_too_wide,overlap,1824.96,13.354,3.227,,
2021-09-03 16:00:00+00:00,1,957,retest_expired,newyork,1829.4165,,,13.0,False
2021-09-03 16:15:00+00:00,1,968,retest_expired,newyork,1829.173,,,13.0,False
2021-09-07 03:15:00+00:00,1,968,retest_expired,off,1824.3249999999998,,,13.0,False
2021-09-14 01:30:00+00:00,-1,977,stop_too_wide,off,1790.577,7.392,0.953,,
2021-09-14 02:30:00+00:00,-1,977,stop_too_wide,off,1791.163,6.89,1.12,,
2021-09-14 04:00:00+00:00,-1,977,retest_expired,off,1792.078,,,13.0,False
2021-09-14 04:30:00+00:00,-1,977,stop_too_wide,off,1791.692,6.306,1.011,,
2021-09-14 07:30:00+00:00,-1,977,retest_expired,london,1790.6950000000002,,,13.0,False
2021-09-14 11:30:00+00:00,-1,976,stop_too_wide,london,1787.3335,7.801,1.45,,
2021-09-16 06:45:00+00:00,-1,976,stop_too_wide,off,1785.833,9.415,1.676,,
2021-09-16 08:00:00+00:00,-1,976,stop_too_wide,london,1785.4715,9.841,1.807,,
2021-09-16 09:15:00+00:00,-1,976,retest_expired,london,1782.8184999999999,,,13.0,False
2021-09-16 11:00:00+00:00,-1,978,stop_too_wide,london,1778.8519999999999,8.061,1.886,,
2021-09-16 11:15:00+00:00,-1,978,stop_too_wide,london,1776.4865,10.473,1.98,,
2021-09-16 13:00:00+00:00,-1,978,retest_expired,overlap,1760.182,,,13.0,False
2021-09-16 15:30:00+00:00,-1,975,retest_expired,newyork,1753.85,,,13.0,False
2021-09-28 06:45:00+00:00,-1,985,stop_too_wide,off,1740.995,11.851,1.832,,
2021-09-28 11:45:00+00:00,-1,987,stop_too_wide,london,1734.495,11.048,2.564,,
2021-09-28 12:15:00+00:00,-1,987,stop_too_wide,overlap,1733.7685000000001,11.862,2.738,,
2021-09-28 12:30:00+00:00,-1,985,retest_expired,overlap,1729.8315,,,13.0,False
2021-09-28 12:30:00+00:00,-1,987,stop_too_wide,overlap,1729.8315,15.956,3.052,,
2021-09-28 22:00:00+00:00,-1,987,retest_expired,off,1734.31,,,13.0,False
2021-09-29 09:15:00+00:00,-1,985,stop_too_wide,london,1742.4035,7.943,1.914,,
2021-09-29 12:00:00+00:00,-1,985,stop_too_wide,overlap,1741.6885000000002,8.615,1.829,,
2021-09-29 14:30:00+00:00,-1,985,retest_expired,overlap,1727.8015,,,13.0,False
2021-09-29 17:15:00+00:00,-1,987,retest_expired,newyork,1722.9715,,,13.0,False
2021-10-06 07:15:00+00:00,-1,992,retest_expired,london,1751.1985,,,13.0,False
2021-10-21 00:00:00+00:00,1,986,retest_expired,off,1781.815,,,312.0,False
2021-10-21 03:15:00+00:00,1,989,stop_too_wide,off,1786.4830000000002,7.692,1.643,,
2021-10-21 03:45:00+00:00,1,989,stop_too_wide,off,1786.449,7.612,1.55,,
2021-10-21 05:15:00+00:00,1,989,retest_expired,off,1784.845,,,13.0,False
2021-10-21 06:30:00+00:00,1,989,stop_too_wide,off,1786.412,7.588,1.577,,
2021-10-21 09:45:00+00:00,1,989,stop_too_wide,london,1787.6970000000001,8.882,1.594,,
2021-10-22 04:00:00+00:00,1,989,stop_too_wide,off,1787.603,8.614,1.246,,
2021-10-22 05:00:00+00:00,1,989,stop_too_wide,off,1786.9250000000002,7.884,1.142,,
2021-10-22 05:15:00+00:00,1,989,stop_too_wide,off,1787.5529999999999,8.505,1.128,,
2021-10-22 06:00:00+00:00,1,989,stop_too_wide,off,1787.4250000000002,8.368,1.111,,
2021-10-22 06:15:00+00:00,1,989,retest_expired,off,1788.32,,,13.0,False
2021-10-22 19:15:00+00:00,1,989,retest_expired,newyork,1793.165,,,13.0,False
2021-10-27 07:45:00+00:00,1,989,stop_too_wide,london,1787.612,8.863,1.728,,
2021-10-27 09:00:00+00:00,1,989,stop_too_wide,london,1787.818,9.082,1.754,,
2021-10-27 09:15:00+00:00,1,989,retest_expired,london,1785.505,,,13.0,False
2021-10-27 10:30:00+00:00,1,989,stop_too_wide,london,1789.49,10.85,1.944,,
2021-10-27 12:45:00+00:00,1,989,retest_expired,overlap,1794.1905,,,13.0,False
2021-11-04 14:30:00+00:00,-1,989,retest_expired,overlap,1796.2869999999998,,,13.0,False
2021-12-06 00:00:00+00:00,-1,997,retest_expired,off,1784.2365,,,1929.0,False
2021-12-06 13:00:00+00:00,-1,1004,stop_too_wide,overlap,1779.0985,9.264,2.013,,
2021-12-06 13:45:00+00:00,-1,1004,stop_too_wide,overlap,1778.94,9.494,2.156,,
2021-12-06 14:15:00+00:00,-1,1004,stop_too_wide,overlap,1777.885,10.535,2.128,,
2021-12-06 14:30:00+00:00,-1,1004,stop_too_wide,overlap,1777.04,11.466,2.298,,
2021-12-06 15:45:00+00:00,-1,1004,retest_expired,overlap,1778.3085,,,13.0,False
2021-12-06 18:15:00+00:00,-1,1004,stop_too_wide,newyork,1778.5214999999998,9.936,2.202,,
2021-12-06 19:30:00+00:00,-1,1004,stop_too_wide,newyork,1777.8915000000002,10.407,1.884,,
2021-12-06 21:00:00+00:00,-1,1004,stop_too_wide,newyork,1778.6365,9.498,1.555,,
2021-12-06 21:15:00+00:00,-1,1004,retest_expired,newyork,1778.8015,,,13.0,False
2021-12-07 06:30:00+00:00,-1,1004,stop_too_wide,off,1781.2935,6.716,1.306,,
2021-12-07 06:45:00+00:00,-1,1004,retest_expired,off,1783.4015,,,13.0,False
2021-12-07 10:00:00+00:00,-1,1004,stop_too_wide,london,1779.0465,9.206,1.792,,
2021-12-09 12:45:00+00:00,-1,1004,stop_too_wide,london,1776.4135,11.325,1.914,,
2021-12-09 17:45:00+00:00,-1,1004,stop_too_wide,newyork,1777.065,10.907,2.382,,
2021-12-09 19:00:00+00:00,-1,1004,stop_too_wide,newyork,1776.0635,11.902,2.369,,
2021-12-09 19:30:00+00:00,-1,1004,retest_expired,newyork,1775.9665,,,13.0,False
2021-12-28 11:30:00+00:00,1,1019,stop_too_wide,london,1817.4545,5.84,1.121,,
2021-12-28 11:45:00+00:00,1,1019,stop_too_wide,london,1817.893,6.287,1.138,,
2021-12-28 13:15:00+00:00,1,1019,stop_too_wide,overlap,1818.7095,7.213,1.357,,
2021-12-28 13:45:00+00:00,1,1019,retest_expired,overlap,1817.9545,,,13.0,False
2021-12-30 04:15:00+00:00,1,997,stop_too_wide,off,1801.4035,9.852,1.158,,
2021-12-30 06:15:00+00:00,1,997,retest_expired,off,1797.5900000000001,,,13.0,False
2021-12-31 00:00:00+00:00,1,1019,stop_too_wide,off,1816.79,5.201,1.171,,
2021-12-31 00:45:00+00:00,1,1019,stop_too_wide,off,1816.9,5.303,1.155,,
2021-12-31 01:00:00+00:00,1,1019,retest_expired,off,1817.4850000000001,,,13.0,False
2021-12-31 06:00:00+00:00,1,1019,retest_expired,off,1818.9,,,13.0,False
2021-12-31 11:30:00+00:00,1,1019,retest_expired,london,1819.9229999999998,,,13.0,False
2022-01-05 11:00:00+00:00,1,1019,stop_too_wide,london,1819.525,8.336,1.479,,
2022-01-05 12:45:00+00:00,1,1019,stop_too_wide,london,1817.9850000000001,6.776,1.439,,
2022-01-05 13:00:00+00:00,1,1019,stop_too_wide,overlap,1820.1425,8.975,1.523,,
2022-01-05 13:15:00+00:00,1,1019,retest_expired,overlap,1821.185,,,13.0,False
2022-01-24 04:45:00+00:00,1,1033,retest_expired,off,1837.937,,,13.0,False
2022-01-26 00:30:00+00:00,1,1035,stop_too_wide,off,1849.013,7.146,1.386,,
2022-01-26 02:00:00+00:00,1,1035,stop_too_wide,off,1848.255,6.356,1.321,,
2022-01-26 02:30:00+00:00,1,1035,stop_too_wide,off,1848.782,6.881,1.317,,
2022-01-26 02:45:00+00:00,1,1035,retest_expired,off,1847.7150000000001,,,13.0,False
2022-02-07 00:45:00+00:00,1,1040,stop_too_wide,off,1813.2205,7.147,1.727,,
2022-02-07 08:30:00+00:00,1,1040,stop_too_wide,london,1813.028,6.449,1.433,,
2022-02-07 09:45:00+00:00,1,1040,stop_too_wide,london,1812.48,5.909,1.449,,
2022-02-07 12:30:00+00:00,1,1040,stop_too_wide,london,1813.655,7.079,1.438,,
2022-02-07 14:45:00+00:00,1,1040,retest_expired,overlap,1814.058,,,13.0,False
2022-02-07 19:30:00+00:00,1,1034,retest_expired,newyork,1823.46,,,13.0,False
2022-02-08 11:00:00+00:00,1,1034,retest_expired,london,1818.65,,,13.0,False
2022-02-08 16:00:00+00:00,1,1032,stop_too_wide,overlap,1826.468,8.78,2.165,,
2022-02-08 18:30:00+00:00,1,1032,retest_expired,newyork,1827.7665,,,13.0,False
2022-02-09 19:45:00+00:00,1,1037,retest_expired,newyork,1833.385,,,13.0,False
2022-02-09 20:15:00+00:00,1,1033,retest_expired,newyork,1831.8055,,,13.0,False
2022-02-10 00:45:00+00:00,1,1033,stop_too_wide,off,1832.63,6.515,1.007,,
2022-02-10 02:30:00+00:00,1,1033,retest_expired,off,1834.1570000000002,,,13.0,False
2022-02-10 09:45:00+00:00,1,1037,stop_too_wide,london,1832.585,6.41,1.225,,
2022-02-10 12:00:00+00:00,1,1037,retest_expired,london,1832.6170000000002,,,13.0,False
2022-02-10 15:15:00+00:00,1,1033,stop_too_wide,overlap,1835.775,15.687,3.201,,
2022-02-10 16:00:00+00:00,1,1036,stop_too_wide,overlap,1838.88,15.291,3.518,,
2022-02-10 18:15:00+00:00,1,1033,retest_expired,newyork,1836.268,,,13.0,False
2022-02-10 18:15:00+00:00,1,1037,retest_expired,newyork,1836.268,,,13.0,False
2022-02-11 00:45:00+00:00,1,1032,stop_too_wide,off,1826.185,8.306,1.783,,
2022-02-11 01:30:00+00:00,1,1032,stop_too_wide,off,1825.7130000000002,7.856,1.825,,
2022-02-11 03:45:00+00:00,1,1032,retest_expired,off,1825.027,,,13.0,False
2022-02-11 05:45:00+00:00,1,1032,stop_too_wide,off,1824.588,6.477,1.319,,
2022-02-11 11:00:00+00:00,1,1032,retest_expired,london,1825.502,,,13.0,False
2022-02-11 11:15:00+00:00,1,1043,retest_expired,london,1826.297,,,13.0,False
2022-02-11 18:15:00+00:00,1,1037,retest_expired,newyork,1840.65,,,13.0,False
2022-02-11 18:45:00+00:00,1,1035,stop_too_wide,newyork,1857.21,22.303,3.413,,
2022-02-11 20:15:00+00:00,1,1036,retest_expired,newyork,1862.625,,,13.0,False
2022-02-11 21:45:00+00:00,1,1035,retest_expired,newyork,1858.65,,,13.0,False
2022-02-11 21:45:00+00:00,1,1038,retest_expired,newyork,1858.65,,,13.0,False
2022-02-23 10:30:00+00:00,1,1049,stop_too_wide,london,1895.5525,12.254,2.04,,
2022-02-23 12:30:00+00:00,1,1049,stop_too_wide,london,1895.4875,12.066,1.794,,
2022-02-23 13:30:00+00:00,1,1049,retest_expired,overlap,1899.975,,,13.0,False
2022-02-28 21:00:00+00:00,1,1049,retest_expired,newyork,1910.87,,,13.0,False
2022-03-11 15:45:00+00:00,1,1058,stop_too_wide,overlap,1980.855,29.533,7.147,,
2022-03-11 18:15:00+00:00,1,1058,retest_expired,newyork,1981.013,,,13.0,False
2022-03-23 20:00:00+00:00,1,1058,retest_expired,newyork,1946.8435,,,729.0,False
2022-03-24 17:15:00+00:00,1,1055,retest_expired,newyork,1962.129,,,13.0,False
2022-03-25 12:15:00+00:00,1,1055,stop_too_wide,overlap,1955.3285,10.375,2.522,,
2022-03-25 12:45:00+00:00,1,1055,stop_too_wide,overlap,1956.3725,11.536,2.755,,
2022-05-06 00:00:00+00:00,-1,1049,retest_expired,off,1873.3825,,,13.0,False
2022-05-09 03:15:00+00:00,-1,1049,retest_expired,off,1876.12,,,13.0,False
2022-05-09 14:15:00+00:00,-1,1074,stop_too_wide,overlap,1858.9465,18.19,3.96,,
2022-05-09 14:45:00+00:00,-1,1074,stop_too_wide,overlap,1860.5175,16.64,4.002,,
2022-05-09 20:00:00+00:00,-1,1074,retest_expired,newyork,1852.187,,,13.0,False
2022-05-10 06:15:00+00:00,-1,1074,stop_too_wide,off,1862.7325,13.529,2.21,,
2022-05-10 08:45:00+00:00,-1,1074,retest_expired,london,1862.83,,,13.0,False
2022-05-10 16:45:00+00:00,-1,1074,retest_expired,newyork,1844.9940000000001,,,13.0,False
2022-05-10 18:15:00+00:00,-1,1076,retest_expired,newyork,1844.1725000000001,,,13.0,False
2022-05-12 11:30:00+00:00,-1,1076,stop_too_wide,london,1841.245,17.753,3.53,,
2022-05-25 16:00:00+00:00,-1,1076,retest_expired,newyork,1846.53,,,370.0,False
2022-05-26 15:30:00+00:00,-1,1076,stop_too_wide,newyork,1845.342,13.454,3.126,,
2022-06-13 01:15:00+00:00,1,1089,retest_expired,off,1868.627,,,13.0,False
2022-06-13 04:45:00+00:00,1,1081,stop_too_wide,off,1863.47,10.64,2.087,,
2022-06-13 05:00:00+00:00,1,1081,stop_too_wide,off,1865.4850000000001,12.673,2.123,,
2022-06-13 06:15:00+00:00,1,1081,retest_expired,off,1865.005,,,13.0,False
2022-06-20 00:00:00+00:00,-1,1091,retest_expired,off,1837.96,,,830.0,False
2022-06-20 12:30:00+00:00,-1,1090,retest_expired,overlap,1838.9775,,,13.0,False
2022-06-21 00:00:00+00:00,-1,1091,stop_too_wide,off,1838.932,5.643,1.281,,
2022-06-21 11:15:00+00:00,-1,1091,retest_expired,london,1832.4775,,,13.0,False
2022-06-21 15:30:00+00:00,-1,1097,stop_too_wide,newyork,1835.3125,14.904,3.04,,
2022-06-21 18:15:00+00:00,-1,1097,retest_expired,newyork,1832.9625,,,13.0,False
2022-06-22 05:45:00+00:00,-1,1080,stop_too_wide,off,1824.97,12.561,1.795,,
2022-06-22 06:00:00+00:00,-1,1080,stop_too_wide,off,1824.6525000000001,12.896,1.83,,
2022-06-22 07:00:00+00:00,-1,1080,stop_too_wide,london,1824.9025000000001,12.713,1.964,,
2022-06-22 07:45:00+00:00,-1,1080,stop_too_wide,london,1826.8395,10.943,2.298,,
2022-06-22 08:00:00+00:00,-1,1080,retest_expired,london,1824.16,,,13.0,False
2022-06-22 20:00:00+00:00,-1,1091,retest_expired,newyork,1837.8025,,,17.0,False
2022-06-23 17:15:00+00:00,-1,1090,retest_expired,newyork,1827.9975,,,13.0,False
2022-06-23 18:30:00+00:00,-1,1091,retest_expired,newyork,1824.179,,,13.0,False
2022-06-23 18:30:00+00:00,-1,1097,retest_expired,newyork,1824.179,,,13.0,False
2022-06-23 20:00:00+00:00,-1,1080,stop_too_wide,newyork,1825.5925,12.225,2.369,,
2022-06-23 22:30:00+00:00,-1,1080,retest_expired,off,1823.7350000000001,,,13.0,False
2022-06-24 03:30:00+00:00,-1,1080,stop_too_wide,off,1825.2145,12.24,1.643,,
2022-06-24 05:00:00+00:00,-1,1080,stop_too_wide,off,1825.3725,12.061,1.601,,
2022-06-24 05:45:00+00:00,-1,1080,stop_too_wide,off,1824.8955,12.544,1.613,,
2022-06-24 06:15:00+00:00,-1,1080,retest_expired,off,1823.395,,,13.0,False
2022-06-24 11:15:00+00:00,-1,1080,stop_too_wide,london,1824.6875,13.039,2.187,,
2022-06-24 12:00:00+00:00,-1,1080,stop_too_wide,overlap,1823.8274999999999,13.968,2.325,,
2022-06-24 13:45:00+00:00,-1,1080,stop_too_wide,overlap,1822.745,15.556,3.335,,
2022-06-24 14:00:00+00:00,-1,1080,retest_expired,overlap,1826.9275,,,13.0,False
2022-06-27 18:00:00+00:00,-1,1080,retest_expired,newyork,1824.415,,,13.0,False
2022-07-05 08:45:00+00:00,-1,1082,stop_too_wide,london,1801.0475000000001,13.921,1.754,,
2022-07-05 10:30:00+00:00,-1,1082,stop_too_wide,london,1802.0025,13.042,1.906,,
2022-07-05 11:30:00+00:00,-1,1082,retest_expired,london,1798.4250000000002,,,13.0,False
2022-07-20 20:00:00+00:00,-1,1108,retest_expired,newyork,1695.365,,,13.0,False
2022-07-20 23:30:00+00:00,-1,1109,stop_too_wide,off,1695.132,6.84,1.446,,
2022-07-21 00:00:00+00:00,-1,1109,stop_too_wide,off,1694.1550000000002,7.82,1.45,,
2022-07-21 02:15:00+00:00,-1,1109,retest_expired,off,1692.623,,,13.0,False
2022-07-21 19:45:00+00:00,-1,1110,retest_expired,newyork,1719.6970000000001,,,13.0,False
2022-08-29 02:45:00+00:00,-1,1129,stop_too_wide,off,1726.645,9.003,2.137,,
2022-08-29 03:45:00+00:00,-1,1129,stop_too_wide,off,1724.622,8.955,1.955,,
2022-08-29 05:00:00+00:00,-1,1129,retest_expired,off,1722.563,,,13.0,False
2022-09-06 11:45:00+00:00,-1,1135,retest_expired,london,1714.628,,,13.0,False
2022-09-06 12:15:00+00:00,-1,1135,stop_too_wide,overlap,1712.565,7.963,1.787,,
2022-09-06 15:15:00+00:00,-1,1135,retest_expired,overlap,1703.3425000000002,,,13.0,False
2022-09-07 13:15:00+00:00,-1,1136,retest_expired,overlap,1698.1035,,,13.0,False
2022-09-09 20:00:00+00:00,-1,1135,retest_expired,newyork,1716.02,,,77.0,False
2022-09-21 23:45:00+00:00,-1,1143,retest_expired,off,1667.1315,,,13.0,False
2022-09-23 16:45:00+00:00,-1,1142,retest_expired,newyork,1646.3015,,,13.0,False
2022-11-16 12:00:00+00:00,1,1165,retest_expired,london,1781.9940000000001,,,13.0,False
2022-11-24 07:15:00+00:00,1,1166,stop_too_wide,off,1756.8944999999999,6.565,1.425,,
2022-11-24 10:00:00+00:00,1,1166,stop_too_wide,london,1758.2849999999999,8.075,1.664,,
2022-11-24 13:30:00+00:00,1,1166,stop_too_wide,overlap,1756.545,6.255,1.504,,
2022-11-24 14:15:00+00:00,1,1166,stop_too_wide,overlap,1756.4345,6.112,1.439,,
2022-11-24 14:45:00+00:00,1,1166,retest_expired,overlap,1756.1695,,,13.0,False
2022-11-24 15:30:00+00:00,1,1166,stop_too_wide,overlap,1758.17,7.839,1.422,,
2022-11-24 16:45:00+00:00,1,1166,stop_too_wide,newyork,1756.9345,6.541,1.296,,
2022-11-24 17:45:00+00:00,1,1166,stop_too_wide,newyork,1755.4795,5.023,1.17,,
2022-11-24 18:30:00+00:00,1,1166,retest_expired,newyork,1754.23,,,13.0,False
2022-11-25 05:15:00+00:00,1,1166,retest_expired,off,1758.0549999999998,,,13.0,False
2022-11-28 11:30:00+00:00,1,1166,retest_expired,london,1759.41,,,13.0,False
2022-11-30 11:45:00+00:00,1,1166,retest_expired,london,1762.26,,,13.0,False
2022-11-30 18:45:00+00:00,1,1166,stop_too_wide,newyork,1760.385,17.454,3.957,,
2022-11-30 21:45:00+00:00,1,1166,retest_expired,newyork,1768.4,,,13.0,False
2022-12-01 00:00:00+00:00,1,1173,retest_expired,off,1775.575,,,13.0,False
2022-12-01 01:00:00+00:00,1,1165,stop_too_wide,off,1779.3045,10.909,2.569,,
2022-12-01 04:15:00+00:00,1,1165,stop_too_wide,off,1778.0949999999998,8.734,2.124,,
2022-12-01 07:15:00+00:00,1,1165,retest_expired,off,1779.4015,,,13.0,False
2022-12-01 11:15:00+00:00,1,1165,stop_too_wide,london,1780.21,10.903,2.233,,
2022-12-01 14:15:00+00:00,1,1165,retest_expired,overlap,1799.3245,,,13.0,False
2022-12-01 16:45:00+00:00,1,1167,retest_expired,newyork,1802.46,,,13.0,False
2022-12-06 13:45:00+00:00,1,1165,stop_too_wide,overlap,1778.3249999999998,9.017,2.231,,
2022-12-07 09:30:00+00:00,1,1168,retest_expired,london,1771.7205,,,13.0,False
2022-12-07 19:30:00+00:00,1,1165,retest_expired,newyork,1789.255,,,13.0,False
2022-12-09 00:15:00+00:00,1,1167,stop_too_wide,off,1789.0700000000002,7.059,1.237,,
2022-12-09 00:45:00+00:00,1,1167,stop_too_wide,off,1790.41,8.406,1.251,,
2022-12-09 01:30:00+00:00,1,1167,retest_expired,off,1794.25,,,13.0,False
2022-12-12 04:00:00+00:00,1,1167,stop_too_wide,off,1788.27,6.411,1.541,,
2022-12-12 10:30:00+00:00,1,1167,retest_expired,london,1791.57,,,13.0,False
2023-01-02 23:15:00+00:00,1,1181,stop_too_wide,off,1828.221,11.165,2.435,,
2023-01-03 02:15:00+00:00,1,1181,retest_expired,off,1830.6135,,,13.0,False
2023-01-11 06:15:00+00:00,1,1191,stop_too_wide,off,1883.385,7.273,1.765,,
2023-01-12 13:30:00+00:00,1,1191,stop_too_wide,overlap,1892.0435,20.086,3.589,,
2023-01-12 14:00:00+00:00,1,1191,retest_expired,overlap,1889.81,,,13.0,False
2023-01-12 18:15:00+00:00,1,1191,retest_expired,newyork,1895.615,,,13.0,False
2023-01-20 00:00:00+00:00,1,1196,stop_too_wide,off,1931.865,9.239,2.132,,
2023-01-20 00:15:00+00:00,1,1196,retest_expired,off,1931.005,,,13.0,False
2023-01-20 02:15:00+00:00,1,1196,stop_too_wide,off,1931.7965,9.149,2.089,,
2023-01-20 04:30:00+00:00,1,1196,retest_expired,off,1925.1,,,13.0,False
2023-01-23 04:00:00+00:00,1,1196,retest_expired,off,1930.71,,,13.0,False
2023-01-24 00:00:00+00:00,1,1196,stop_too_wide,off,1932.0700000000002,9.226,1.696,,
2023-01-24 01:00:00+00:00,1,1196,stop_too_wide,off,1932.46,9.546,1.556,,
2023-01-24 02:30:00+00:00,1,1196,retest_expired,off,1935.6665,,,13.0,False
2023-01-24 08:15:00+00:00,1,1200,stop_too_wide,london,1939.8784999999998,7.593,1.866,,
2023-01-24 16:45:00+00:00,1,1196,stop_too_wide,newyork,1932.4850000000001,17.037,3.535,,
2023-01-24 18:45:00+00:00,1,1196,retest_expired,newyork,1935.0149999999999,,,13.0,False
2023-01-25 03:45:00+00:00,1,1196,stop_too_wide,off,1931.85,9.162,2.008,,
2023-01-25 06:45:00+00:00,1,1196,stop_too_wide,off,1933.6,10.997,2.179,,
2023-01-25 17:15:00+00:00,1,1201,retest_expired,newyork,1938.1399999999999,,,13.0,False
2023-01-25 19:30:00+00:00,1,1196,retest_expired,newyork,1941.42,,,13.0,False
2023-01-26 00:00:00+00:00,1,1200,retest_expired,off,1948.42,,,13.0,False
2023-01-26 08:15:00+00:00,1,1200,stop_too_wide,london,1943.655,11.664,2.222,,
2023-01-27 07:00:00+00:00,1,1201,stop_too_wide,off,1924.545,10.698,1.807,,
2023-01-27 12:00:00+00:00,1,1201,retest_expired,london,1932.0900000000001,,,28.0,False
2023-01-27 12:45:00+00:00,1,1196,stop_too_wide,london,1930.8,8.081,1.946,,
2023-01-27 13:00:00+00:00,1,1196,stop_too_wide,overlap,1931.3365,8.598,1.907,,
2023-01-27 13:15:00+00:00,1,1196,stop_too_wide,overlap,1932.646,9.97,2.031,,
2023-01-27 17:00:00+00:00,1,1196,stop_too_wide,newyork,1930.4885,15.478,3.416,,
2023-01-30 06:45:00+00:00,1,1196,stop_too_wide,off,1931.0749999999998,8.362,1.957,,
2023-01-30 07:00:00+00:00,1,1196,stop_too_wide,off,1931.51,8.763,1.889,,
2023-01-30 07:30:00+00:00,1,1196,retest_expired,off,1925.385,,,13.0,False
2023-01-30 09:00:00+00:00,1,1201,stop_too_wide,london,1923.5085,10.291,2.19,,
2023-01-30 09:15:00+00:00,1,1201,stop_too_wide,london,1924.3384999999998,11.104,2.156,,
2023-01-30 16:00:00+00:00,1,1201,retest_expired,overlap,1924.5235,,,29.0,False
2023-01-30 19:15:00+00:00,1,1201,stop_too_wide,newyork,1924.1599999999999,10.945,2.194,,
2023-01-31 16:00:00+00:00,1,1201,retest_expired,overlap,1928.2015000000001,,,86.0,False
2023-02-01 19:30:00+00:00,1,1201,stop_too_wide,newyork,1938.8665,26.387,4.142,,
2023-02-01 20:15:00+00:00,1,1200,stop_too_wide,newyork,1947.5349999999999,28.637,4.905,,
2023-02-01 20:30:00+00:00,1,1201,retest_expired,newyork,1952.26,,,13.0,False
2023-02-01 23:45:00+00:00,1,1196,retest_expired,off,1953.15,,,13.0,False
2023-02-02 00:00:00+00:00,1,1200,retest_expired,off,1954.01,,,13.0,False
2023-02-13 02:00:00+00:00,-1,1192,stop_too_wide,off,1860.9015,11.763,2.008,,
2023-02-13 02:30:00+00:00,-1,1192,stop_too_wide,off,1860.1100000000001,12.513,1.925,,
2023-02-13 03:00:00+00:00,-1,1192,stop_too_wide,off,1861.085,11.543,1.934,,
2023-02-13 03:30:00+00:00,-1,1192,stop_too_wide,off,1860.6435,11.913,1.792,,
2023-02-13 03:45:00+00:00,-1,1192,stop_too_wide,off,1858.815,13.745,1.8,,
2023-02-13 04:30:00+00:00,-1,1192,retest_expired,off,1858.225,,,13.0,False
2023-02-13 12:15:00+00:00,-1,1192,retest_expired,london,1861.525,,,13.0,False
2023-02-13 13:00:00+00:00,-1,1192,stop_too_wide,overlap,1859.93,12.913,2.365,,
2023-02-13 15:45:00+00:00,-1,1192,retest_expired,overlap,1855.2865,,,13.0,False
2023-02-14 08:15:00+00:00,-1,1192,stop_too_wide,london,1859.846,12.749,1.869,,
2023-02-14 10:00:00+00:00,-1,1192,stop_too_wide,london,1861.3200000000002,11.332,1.983,,
2023-02-14 10:15:00+00:00,-1,1192,stop_too_wide,london,1860.53,12.11,1.96,,
2023-02-14 10:30:00+00:00,-1,1192,retest_expired,london,1859.8915000000002,,,13.0,False
2023-02-15 06:45:00+00:00,-1,1207,retest_expired,off,1843.65,,,13.0,False
2023-02-22 23:30:00+00:00,-1,1211,retest_expired,off,1825.6799999999998,,,13.0,False
2023-02-28 06:45:00+00:00,-1,1213,stop_too_wide,off,1815.795,5.601,1.35,,
2023-02-28 07:00:00+00:00,-1,1213,retest_expired,off,1812.385,,,13.0,False
2023-03-08 12:00:00+00:00,-1,1213,stop_too_wide,london,1815.1515,6.295,1.451,,
2023-03-08 15:00:00+00:00,-1,1213,retest_expired,overlap,1819.2065,,,13.0,False
2023-03-13 01:15:00+00:00,1,1208,retest_expired,off,1877.3249999999998,,,13.0,False
2023-03-13 05:15:00+00:00,1,1208,retest_expired,off,1880.0065,,,13.0,False
2023-03-13 10:45:00+00:00,1,1208,retest_expired,london,1884.3,,,13.0,False
2023-03-17 15:30:00+00:00,1,1224,retest_expired,overlap,1962.6665,,,13.0,False
2023-03-22 01:30:00+00:00,1,1224,retest_expired,off,1944.9335,,,13.0,False
2023-03-22 03:30:00+00:00,1,1224,stop_too_wide,off,1940.99,11.601,2.221,,
2023-03-22 04:30:00+00:00,1,1224,stop_too_wide,off,1939.3635,9.89,2.052,,
2023-03-22 05:30:00+00:00,1,1224,stop_too_wide,off,1940.4,10.9,1.999,,
2023-03-22 06:00:00+00:00,1,1224,stop_too_wide,off,1940.2350000000001,10.734,1.997,,
2023-03-22 06:15:00+00:00,1,1224,stop_too_wide,off,1941.81,12.321,2.02,,
2023-03-22 06:30:00+00:00,1,1224,retest_expired,off,1942.385,,,13.0,False
2023-03-22 10:45:00+00:00,1,1224,stop_too_wide,london,1942.69,13.52,2.658,,
2023-03-22 11:15:00+00:00,1,1224,retest_expired,london,1942.1950000000002,,,13.0,False
2023-03-22 13:45:00+00:00,1,1224,stop_too_wide,overlap,1942.9465,13.937,2.98,,
2023-03-22 16:30:00+00:00,1,1224,retest_expired,newyork,1948.6215000000002,,,13.0,False
2023-04-10 06:15:00+00:00,1,1233,stop_too_wide,off,1994.9355,10.768,2.072,,
2023-04-10 08:45:00+00:00,1,1233,retest_expired,london,1997.44,,,13.0,False
2023-04-11 01:30:00+00:00,1,1233,stop_too_wide,off,1991.5965,7.215,1.644,,
2023-04-11 02:00:00+00:00,1,1233,stop_too_wide,off,1995.8715000000002,11.633,1.929,,
2023-04-11 03:15:00+00:00,1,1233,retest_expired,off,1997.1455,,,13.0,False
2023-04-12 01:45:00+00:00,1,1226,stop_too_wide,off,2014.81,11.69,1.771,,
2023-04-12 04:30:00+00:00,1,1229,retest_expired,off,2019.8465,,,13.0,False
2023-04-12 04:45:00+00:00,1,1226,retest_expired,off,2020.395,,,13.0,False
2023-04-12 19:15:00+00:00,1,1229,retest_expired,newyork,2016.7215,,,13.0,False
2023-04-12 22:15:00+00:00,1,1226,retest_expired,off,2014.315,,,13.0,False
2023-05-09 20:00:00+00:00,1,1235,stop_too_wide,newyork,2034.8565,9.801,1.684,,
2023-05-09 20:30:00+00:00,1,1235,retest_expired,newyork,2034.6895,,,13.0,False
2023-05-10 01:15:00+00:00,1,1235,retest_expired,off,2035.07,,,13.0,False
2023-05-11 02:30:00+00:00,1,1235,stop_too_wide,off,2032.2195000000002,7.194,1.744,,
2023-05-11 02:45:00+00:00,1,1235,stop_too_wide,off,2032.3049999999998,7.249,1.682,,
2023-05-11 04:00:00+00:00,1,1235,retest_expired,off,2031.475,,,13.0,False
2023-05-22 07:00:00+00:00,-1,1234,stop_too_wide,london,1975.145,11.182,2.08,,
2023-05-22 07:15:00+00:00,-1,1234,stop_too_wide,london,1975.02,11.296,2.057,,
2023-05-22 08:00:00+00:00,-1,1234,stop_too_wide,london,1975.845,10.454,2.024,,
2023-05-22 09:00:00+00:00,-1,1234,retest_expired,london,1982.06,,,13.0,False
2023-05-22 12:30:00+00:00,-1,1234,stop_too_wide,overlap,1975.495,11.032,2.479,,
2023-05-22 13:15:00+00:00,-1,1234,stop_too_wide,overlap,1972.3685,14.202,2.566,,
2023-05-22 13:45:00+00:00,-1,1234,stop_too_wide,overlap,1971.5445,15.127,2.768,,
2023-05-22 14:45:00+00:00,-1,1234,retest_expired,overlap,1973.41,,,13.0,False
2023-05-22 15:30:00+00:00,-1,1234,stop_too_wide,newyork,1971.2335,15.542,2.977,,
2023-05-22 17:15:00+00:00,-1,1234,stop_too_wide,newyork,1974.8795,11.813,2.81,,
2023-05-22 17:30:00+00:00,-1,1234,stop_too_wide,newyork,1974.275,12.358,2.692,,
2023-05-22 18:15:00+00:00,-1,1234,retest_expired,newyork,1973.7845,,,13.0,False
2023-05-22 23:00:00+00:00,-1,1234,retest_expired,off,1970.895,,,13.0,False
2023-05-23 04:15:00+00:00,-1,1240,retest_expired,off,1962.63,,,13.0,False
2023-05-23 17:00:00+00:00,-1,1234,stop_too_wide,newyork,1972.07,14.677,2.919,,
2023-05-23 18:45:00+00:00,-1,1234,stop_too_wide,newyork,1976.245,10.321,2.558,,
2023-05-23 19:00:00+00:00,-1,1234,stop_too_wide,newyork,1974.8365,11.699,2.496,,
2023-05-23 19:45:00+00:00,-1,1234,stop_too_wide,newyork,1974.9015,11.51,2.249,,
2023-05-23 20:00:00+00:00,-1,1234,retest_expired,newyork,1974.5565,,,13.0,False
2023-05-24 07:45:00+00:00,-1,1234,stop_too_wide,london,1974.07,12.349,2.263,,
2023-05-24 09:00:00+00:00,-1,1234,stop_too_wide,london,1974.9715,11.466,2.3,,
2023-05-24 09:45:00+00:00,-1,1234,retest_expired,london,1976.13,,,13.0,False
2023-05-24 16:00:00+00:00,-1,1250,retest_expired,newyork,1959.8600000000001,,,13.0,False
2023-05-24 17:00:00+00:00,-1,1234,retest_expired,newyork,1961.2,,,13.0,False
2023-05-24 19:00:00+00:00,-1,1240,retest_expired,newyork,1959.3899999999999,,,13.0,False
2023-05-25 13:30:00+00:00,-1,1249,stop_too_wide,overlap,1944.725,20.438,4.063,,
2023-05-25 15:45:00+00:00,-1,1249,retest_expired,newyork,1945.48,,,13.0,False
2023-05-26 17:30:00+00:00,-1,1249,retest_expired,newyork,1943.7849999999999,,,13.0,False
2023-05-30 06:00:00+00:00,-1,1252,stop_too_wide,off,1932.6750000000002,10.529,1.954,,
2023-06-04 23:15:00+00:00,-1,1249,stop_too_wide,off,1948.775,8.485,1.597,,
2023-06-05 01:30:00+00:00,-1,1249,retest_expired,off,1946.8085,,,13.0,False
2023-06-19 22:15:00+00:00,-1,1249,stop_too_wide,off,1952.085,7.345,1.341,,
2023-06-19 22:30:00+00:00,-1,1249,stop_too_wide,off,1951.92,7.496,1.312,,
2023-06-19 23:15:00+00:00,-1,1249,stop_too_wide,off,1951.29,8.064,1.189,,
2023-06-20 00:00:00+00:00,-1,1249,stop_too_wide,off,1952.2849999999999,7.05,1.151,,
2023-06-20 00:15:00+00:00,-1,1249,stop_too_wide,off,1950.8899999999999,8.467,1.195,,
2023-06-20 00:30:00+00:00,-1,1249,retest_expired,off,1951.2585,,,13.0,False
2023-06-20 01:30:00+00:00,-1,1249,stop_too_wide,off,1947.8899999999999,11.552,1.363,,
2023-06-20 04:00:00+00:00,-1,1249,stop_too_wide,off,1950.0,9.441,1.363,,
2023-06-20 04:30:00+00:00,-1,1249,retest_expired,off,1950.5765,,,13.0,False
2023-06-20 06:45:00+00:00,-1,1249,stop_too_wide,off,1951.29,8.339,1.739,,
2023-06-20 15:45:00+00:00,-1,1249,retest_expired,newyork,1935.2385,,,13.0,False
2023-06-21 07:30:00+00:00,-1,1252,stop_too_wide,london,1935.1665,7.998,1.78,,
2023-06-21 08:00:00+00:00,-1,1252,stop_too_wide,london,1934.63,8.512,1.735,,
2023-06-21 09:00:00+00:00,-1,1252,stop_too_wide,london,1933.4250000000002,9.711,1.723,,
2023-06-21 09:15:00+00:00,-1,1252,retest_expired,london,1935.2150000000001,,,13.0,False
2023-06-21 10:45:00+00:00,-1,1252,stop_too_wide,london,1934.385,8.783,1.786,,
2023-06-21 11:15:00+00:00,-1,1252,stop_too_wide,london,1933.625,9.53,1.761,,
2023-06-21 12:00:00+00:00,-1,1252,stop_too_wide,overlap,1934.3249999999998,8.79,1.68,,
2023-06-21 13:00:00+00:00,-1,1252,retest_expired,overlap,1927.1385,,,13.0,False
2023-06-21 19:30:00+00:00,-1,1252,stop_too_wide,newyork,1934.065,9.354,2.287,,
2023-06-21 23:15:00+00:00,-1,1252,retest_expired,off,1933.9285,,,13.0,False
2023-06-23 17:00:00+00:00,-1,1252,retest_expired,newyork,1920.6084999999998,,,13.0,False
2023-06-23 17:45:00+00:00,-1,1255,retest_expired,newyork,1920.9685,,,13.0,False
2023-06-26 05:00:00+00:00,-1,1255,retest_expired,off,1925.12,,,13.0,False
2023-06-26 15:45:00+00:00,-1,1255,stop_too_wide,newyork,1925.77,9.29,2.092,,
2023-06-26 16:45:00+00:00,-1,1255,retest_expired,newyork,1923.8485,,,13.0,False
2023-06-27 02:15:00+00:00,-1,1255,stop_too_wide,off,1927.2395000000001,7.54,1.532,,
2023-06-27 03:45:00+00:00,-1,1255,stop_too_wide,off,1928.53,6.186,1.404,,
2023-06-27 04:45:00+00:00,-1,1255,stop_too_wide,off,1928.5549999999998,6.105,1.294,,
2023-06-27 05:15:00+00:00,-1,1255,retest_expired,off,1928.7835,,,13.0,False
2023-06-27 07:15:00+00:00,-1,1255,stop_too_wide,london,1928.37,6.409,1.531,,
2023-06-27 08:00:00+00:00,-1,1255,stop_too_wide,london,1926.3384999999998,8.461,1.572,,
2023-06-27 08:45:00+00:00,-1,1255,retest_expired,london,1925.6135,,,13.0,False
2023-06-27 13:45:00+00:00,-1,1255,stop_too_wide,overlap,1923.65,11.694,2.66,,
2023-06-27 15:45:00+00:00,-1,1255,retest_expired,newyork,1913.5785,,,13.0,False
2023-07-05 20:00:00+00:00,-1,1255,retest_expired,newyork,1916.6985,,,194.0,False
2023-07-05 20:00:00+00:00,-1,1263,retest_expired,newyork,1916.6985,,,194.0,False
2023-07-17 11:00:00+00:00,1,1249,stop_too_wide,london,1957.9,9.291,1.646,,
2023-07-17 11:30:00+00:00,1,1249,stop_too_wide,london,1957.645,9.003,1.58,,
2023-07-17 11:45:00+00:00,1,1249,stop_too_wide,london,1957.6515,8.996,1.553,,
2023-07-17 13:00:00+00:00,1,1249,retest_expired,overlap,1948.915,,,13.0,False
2023-07-18 01:45:00+00:00,1,1249,stop_too_wide,off,1957.255,8.52,1.394,,
2023-07-18 02:00:00+00:00,1,1249,stop_too_wide,off,1957.4605000000001,8.736,1.415,,
2023-07-18 02:30:00+00:00,1,1249,stop_too_wide,off,1957.835,9.094,1.383,,
2023-07-18 02:45:00+00:00,1,1249,stop_too_wide,off,1959.08,10.351,1.405,,
2023-07-18 04:30:00+00:00,1,1249,retest_expired,off,1960.1,,,13.0,False
2023-07-18 07:15:00+00:00,1,1253,stop_too_wide,london,1963.0549999999998,8.539,1.455,,
2023-07-18 08:45:00+00:00,1,1253,stop_too_wide,london,1961.745,7.294,1.586,,
2023-07-18 10:00:00+00:00,1,1253,stop_too_wide,london,1963.19,8.676,1.46,,
2023-07-18 10:15:00+00:00,1,1253,retest_expired,london,1963.5165,,,13.0,False
2023-07-18 16:00:00+00:00,1,1253,retest_expired,newyork,1980.4965,,,13.0,False
2023-07-18 17:00:00+00:00,1,1251,retest_expired,newyork,1977.4135,,,13.0,False
2023-07-20 19:00:00+00:00,1,1251,stop_too_wide,newyork,1969.9535,8.862,2.176,,
2023-07-20 20:30:00+00:00,1,1251,stop_too_wide,newyork,1969.6084999999998,8.341,1.826,,
2023-07-20 20:45:00+00:00,1,1251,retest_expired,newyork,1969.475,,,13.0,False
2023-07-21 01:15:00+00:00,1,1251,retest_expired,off,1972.0349999999999,,,13.0,False
2023-07-21 07:00:00+00:00,1,1251,stop_too_wide,london,1970.81,9.243,1.227,,
2023-07-21 12:30:00+00:00,1,1253,retest_expired,overlap,1963.295,,,13.0,False
2023-07-23 22:00:00+00:00,1,1253,stop_too_wide,off,1962.8105,8.237,1.341,,
2023-07-23 22:45:00+00:00,1,1253,stop_too_wide,off,1962.0,7.342,1.172,,
2023-07-24 00:00:00+00:00,1,1253,stop_too_wide,off,1961.7135,7.025,1.11,,
2023-07-24 00:30:00+00:00,1,1253,retest_expired,off,1961.665,,,13.0,False
2023-07-24 01:30:00+00:00,1,1253,stop_too_wide,off,1961.87,7.307,1.363,,
2023-07-24 02:15:00+00:00,1,1253,stop_too_wide,off,1961.6734999999999,7.102,1.345,,
2023-07-24 08:00:00+00:00,1,1253,retest_expired,london,1962.8765,,,28.0,False
2023-07-24 12:15:00+00:00,1,1253,retest_expired,overlap,1965.745,,,13.0,False
2023-07-25 05:00:00+00:00,1,1253,stop_too_wide,off,1961.3035,6.618,1.117,,
2023-07-25 05:30:00+00:00,1,1253,stop_too_wide,off,1962.6100000000001,7.982,1.232,,
2023-07-25 07:00:00+00:00,1,1253,stop_too_wide,london,1962.6135,8.122,1.505,,
2023-07-25 07:15:00+00:00,1,1253,retest_expired,london,1961.4785000000002,,,13.0,False
2023-07-25 08:30:00+00:00,1,1253,stop_too_wide,london,1962.475,8.141,1.821,,
2023-07-25 11:30:00+00:00,1,1253,retest_expired,london,1956.8635,,,13.0,False
2023-07-25 12:45:00+00:00,1,1249,stop_too_wide,overlap,1959.4699999999998,11.211,2.346,,
2023-07-25 15:15:00+00:00,1,1253,stop_too_wide,overlap,1963.6965,13.183,3.025,,
2023-07-25 17:45:00+00:00,1,1249,retest_expired,newyork,1962.2350000000001,,,13.0,False
2023-07-26 07:30:00+00:00,1,1251,stop_too_wide,london,1969.435,7.995,1.407,,
2023-07-26 07:45:00+00:00,1,1251,stop_too_wide,london,1970.6415000000002,9.221,1.446,,
2023-07-26 09:30:00+00:00,1,1251,retest_expired,london,1971.44,,,13.0,False
2023-07-26 18:30:00+00:00,1,1251,stop_too_wide,newyork,1976.205,15.628,3.132,,
2023-07-26 20:45:00+00:00,1,1251,retest_expired,newyork,1972.1075,,,13.0,False
2023-08-03 00:00:00+00:00,-1,1261,retest_expired,off,1936.8635,,,1688.0,False
2023-08-03 20:30:00+00:00,-1,1261,stop_too_wide,newyork,1934.2465,6.494,1.462,,
2023-08-03 20:45:00+00:00,-1,1261,stop_too_wide,newyork,1934.085,6.616,1.384,,
2023-08-04 07:45:00+00:00,-1,1261,stop_too_wide,london,1932.95,7.8,1.48,,
2023-08-04 09:45:00+00:00,-1,1261,retest_expired,london,1933.5465,,,13.0,False
2023-08-04 11:00:00+00:00,-1,1261,stop_too_wide,london,1932.6,8.077,1.335,,
2023-08-07 07:15:00+00:00,-1,1270,retest_expired,london,1936.73,,,13.0,False
2023-08-07 17:00:00+00:00,-1,1270,retest_expired,newyork,1934.59,,,13.0,False
2023-08-07 18:30:00+00:00,-1,1261,retest_expired,newyork,1936.3384999999998,,,13.0,False
2023-08-08 03:15:00+00:00,-1,1261,stop_too_wide,off,1934.5,6.178,1.337,,
2023-08-08 03:45:00+00:00,-1,1261,stop_too_wide,off,1933.16,7.516,1.334,,
2023-08-08 04:30:00+00:00,-1,1261,retest_expired,off,1933.7385,,,13.0,False
2023-08-08 06:15:00+00:00,-1,1261,stop_too_wide,off,1933.2685000000001,7.41,1.337,,
2023-08-08 06:45:00+00:00,-1,1261,stop_too_wide,off,1933.21,7.439,1.28,,
2023-08-08 07:15:00+00:00,-1,1261,stop_too_wide,london,1932.83,7.853,1.348,,
2023-08-08 08:30:00+00:00,-1,1261,retest_expired,london,1933.1,,,13.0,False
2023-08-09 18:00:00+00:00,-1,1279,retest_expired,newyork,1915.78,,,13.0,False
2023-08-10 14:00:00+00:00,-1,1279,stop_too_wide,overlap,1917.53,14.146,2.982,,
2023-08-10 16:30:00+00:00,-1,1279,retest_expired,newyork,1920.9015,,,13.0,False
2023-08-22 05:45:00+00:00,-1,1291,stop_too_wide,off,1895.4850000000001,5.354,1.165,,
2023-08-23 05:45:00+00:00,-1,1288,stop_too_wide,off,1902.65,6.588,1.057,,
2023-08-23 06:45:00+00:00,-1,1288,stop_too_wide,off,1902.955,6.372,1.237,,
2023-08-23 07:30:00+00:00,-1,1288,stop_too_wide,london,1902.315,7.065,1.343,,
2023-08-25 16:00:00+00:00,-1,1288,retest_expired,newyork,1910.1785,,,227.0,False
2023-09-14 03:00:00+00:00,-1,1281,stop_too_wide,off,1909.3600000000001,7.791,1.16,,
2023-09-14 04:30:00+00:00,-1,1281,stop_too_wide,off,1909.63,7.451,1.018,,
2023-09-14 05:15:00+00:00,-1,1281,retest_expired,off,1910.2649999999999,,,13.0,False
2023-09-14 13:15:00+00:00,-1,1288,stop_too_wide,overlap,1902.49,9.023,2.176,,
2023-09-14 13:15:00+00:00,-1,1298,stop_too_wide,overlap,1902.49,9.023,2.176,,
2023-09-14 22:30:00+00:00,-1,1281,stop_too_wide,off,1910.4,6.797,1.251,,
2023-09-15 00:15:00+00:00,-1,1281,stop_too_wide,off,1910.49,6.623,1.083,,
2023-09-15 01:30:00+00:00,-1,1281,retest_expired,off,1914.885,,,13.0,False
2023-10-29 22:15:00+00:00,1,1317,retest_expired,off,2001.7605,,,13.0,False
2023-10-31 11:30:00+00:00,1,1317,stop_too_wide,london,1999.84,9.447,1.615,,
2023-11-24 16:00:00+00:00,1,1317,stop_too_wide,overlap,1998.8600000000001,10.676,2.073,,
2023-11-24 16:15:00+00:00,1,1317,stop_too_wide,overlap,2000.3114999999998,12.134,2.087,,
2023-11-24 16:45:00+00:00,1,1317,retest_expired,newyork,1999.9365,,,13.0,False
2023-11-27 11:15:00+00:00,1,1323,retest_expired,london,2013.3355000000001,,,13.0,False
2023-11-27 21:30:00+00:00,1,1323,retest_expired,newyork,2013.8449999999998,,,13.0,False
2023-12-01 19:15:00+00:00,1,1338,retest_expired,newyork,2069.9695,,,13.0,False
2023-12-05 11:30:00+00:00,1,1337,stop_too_wide,london,2023.74,17.894,2.949,,
2023-12-06 08:00:00+00:00,1,1337,retest_expired,london,2033.025,,,82.0,False
2023-12-14 00:00:00+00:00,1,1323,retest_expired,off,2031.365,,,307.0,False
2023-12-14 00:00:00+00:00,1,1336,retest_expired,off,2031.365,,,307.0,False
2023-12-15 09:45:00+00:00,1,1342,stop_too_wide,london,2042.705,10.607,2.106,,
2023-12-15 10:15:00+00:00,1,1342,stop_too_wide,london,2043.85,11.766,2.134,,
2023-12-15 10:30:00+00:00,1,1342,stop_too_wide,london,2043.935,11.828,2.088,,
2023-12-15 11:15:00+00:00,1,1342,stop_too_wide,london,2042.09,9.964,2.05,,
2023-12-15 11:30:00+00:00,1,1342,stop_too_wide,london,2042.08,9.961,2.063,,
2023-12-15 12:00:00+00:00,1,1339,retest_expired,london,2043.15,,,13.0,False
2023-12-15 12:00:00+00:00,1,1342,stop_too_wide,london,2043.15,11.0,2.002,,
2023-12-15 12:15:00+00:00,1,1342,retest_expired,london,2043.76,,,13.0,False
2024-01-18 01:00:00+00:00,-1,1337,stop_too_wide,off,2010.625,13.028,1.707,,
2024-01-18 01:15:00+00:00,-1,1337,stop_too_wide,off,2010.0585,13.586,1.69,,
2024-01-18 01:30:00+00:00,-1,1337,stop_too_wide,off,2009.7649999999999,13.871,1.673,,
2024-01-18 02:15:00+00:00,-1,1337,stop_too_wide,off,2009.99,13.658,1.698,,
2024-01-18 02:30:00+00:00,-1,1337,stop_too_wide,off,2008.8615,14.776,1.677,,
2024-01-18 03:15:00+00:00,-1,1337,retest_expired,off,2007.18,,,13.0,False
2024-01-18 13:45:00+00:00,-1,1337,stop_too_wide,overlap,2009.165,14.823,2.377,,
2024-01-18 14:30:00+00:00,-1,1337,stop_too_wide,overlap,2011.4335,12.637,2.542,,
2024-01-18 15:00:00+00:00,-1,1337,stop_too_wide,overlap,2012.6950000000002,11.397,2.585,,
2024-01-18 15:45:00+00:00,-1,1337,stop_too_wide,overlap,2013.685,10.343,2.457,,
2024-01-19 15:00:00+00:00,-1,1342,stop_too_wide,overlap,2024.7150000000001,19.231,2.824,,
2024-01-19 17:45:00+00:00,-1,1342,retest_expired,newyork,2029.115,,,13.0,False
2024-01-23 12:00:00+00:00,-1,1342,retest_expired,london,2024.8049999999998,,,19.0,False
2024-01-23 14:00:00+00:00,-1,1340,stop_too_wide,overlap,2024.0185000000001,10.905,2.429,,
2024-01-23 16:15:00+00:00,-1,1340,stop_too_wide,overlap,2023.815,11.162,2.536,,
2024-01-23 17:00:00+00:00,-1,1340,retest_expired,newyork,2024.615,,,13.0,False
2024-02-07 08:30:00+00:00,1,1340,stop_too_wide,london,2033.0735,8.417,1.125,,
2024-02-07 09:15:00+00:00,1,1340,stop_too_wide,london,2034.1,9.466,1.17,,
2024-02-07 10:15:00+00:00,1,1340,retest_expired,london,2033.32,,,13.0,False
2024-02-07 11:45:00+00:00,1,1340,stop_too_wide,london,2034.21,9.571,1.161,,
2024-02-07 12:30:00+00:00,1,1340,stop_too_wide,london,2033.63,9.092,1.362,,
2024-02-07 13:15:00+00:00,1,1340,stop_too_wide,overlap,2034.725,10.226,1.44,,
2024-02-07 14:30:00+00:00,1,1340,retest_expired,overlap,2040.37,,,13.0,False
2024-02-27 00:00:00+00:00,1,1340,retest_expired,off,2032.0585,,,1090.0,False
2024-02-27 01:45:00+00:00,1,1340,stop_too_wide,off,2033.6115,8.444,1.078,,
2024-02-27 02:30:00+00:00,1,1340,stop_too_wide,off,2034.1665,9.002,1.084,,
2024-02-27 03:45:00+00:00,1,1340,stop_too_wide,off,2033.49,8.289,1.012,,
2024-02-27 04:45:00+00:00,1,1340,retest_expired,off,2033.83,,,13.0,False
2024-02-27 08:45:00+00:00,1,1340,retest_expired,london,2038.1635,,,13.0,False
2024-02-27 10:15:00+00:00,1,1354,stop_too_wide,london,2036.03,5.886,1.226,,
2024-02-27 10:45:00+00:00,1,1354,stop_too_wide,london,2036.51,6.377,1.247,,
2024-02-27 11:30:00+00:00,1,1354,retest_expired,london,2037.8265,,,13.0,False
2024-02-27 17:45:00+00:00,1,1340,stop_too_wide,newyork,2032.31,7.482,1.757,,
2024-02-27 18:00:00+00:00,1,1340,stop_too_wide,newyork,2035.135,10.362,1.867,,
2024-02-27 19:30:00+00:00,1,1340,retest_expired,newyork,2030.1750000000002,,,13.0,False
2024-02-28 00:45:00+00:00,1,1356,retest_expired,off,2030.9099999999999,,,13.0,False
2024-02-28 01:45:00+00:00,1,1340,stop_too_wide,off,2033.5149999999999,8.387,1.157,,
2024-02-28 02:45:00+00:00,1,1340,stop_too_wide,off,2031.1385,6.02,1.176,,
2024-02-28 03:15:00+00:00,1,1340,stop_too_wide,off,2031.02,5.899,1.172,,
2024-02-28 04:15:00+00:00,1,1340,stop_too_wide,off,2030.74,5.587,1.107,,
2024-02-28 04:30:00+00:00,1,1340,stop_too_wide,off,2030.8899999999999,5.72,1.074,,
2024-02-28 04:45:00+00:00,1,1340,retest_expired,off,2030.2615,,,13.0,False
2024-02-28 13:00:00+00:00,1,1356,stop_too_wide,overlap,2032.3765,9.335,1.332,,
2024-02-28 15:15:00+00:00,1,1340,stop_too_wide,overlap,2033.1885000000002,8.418,1.872,,
2024-02-28 15:45:00+00:00,1,1356,retest_expired,overlap,2031.9099999999999,,,13.0,False
2024-02-28 16:15:00+00:00,1,1340,stop_too_wide,overlap,2033.6215000000002,8.814,1.799,,
2024-02-28 16:30:00+00:00,1,1340,retest_expired,newyork,2032.56,,,13.0,False
2024-02-28 17:45:00+00:00,1,1340,stop_too_wide,newyork,2033.87,9.016,1.705,,
2024-02-28 19:15:00+00:00,1,1340,stop_too_wide,newyork,2031.9785000000002,7.017,1.49,,
2024-02-28 19:45:00+00:00,1,1340,stop_too_wide,newyork,2032.2385,7.236,1.409,,
2024-02-28 20:00:00+00:00,1,1340,retest_expired,newyork,2033.7335,,,13.0,False
2024-02-29 01:45:00+00:00,1,1354,stop_too_wide,off,2036.5585,6.371,1.138,,
2024-02-29 02:15:00+00:00,1,1354,stop_too_wide,off,2036.7615,6.581,1.153,,
2024-02-29 03:45:00+00:00,1,1354,stop_too_wide,off,2036.6165,6.385,1.05,,
2024-02-29 04:45:00+00:00,1,1354,retest_expired,off,2035.2265,,,13.0,False
2024-02-29 08:15:00+00:00,1,1354,stop_too_wide,london,2036.905,6.669,1.042,,
2024-02-29 08:45:00+00:00,1,1354,stop_too_wide,london,2037.2849999999999,7.068,1.079,,
2024-02-29 09:30:00+00:00,1,1354,retest_expired,london,2035.315,,,13.0,False
2024-02-29 15:45:00+00:00,1,1356,retest_expired,overlap,2048.1885,,,13.0,False
2024-02-29 16:45:00+00:00,1,1340,retest_expired,newyork,2044.995,,,13.0,False
2024-02-29 16:45:00+00:00,1,1342,retest_expired,newyork,2044.995,,,13.0,False
2024-02-29 16:45:00+00:00,1,1354,retest_expired,newyork,2044.995,,,13.0,False
2024-03-01 12:15:00+00:00,1,1342,retest_expired,london,2053.9399999999996,,,13.0,False
2024-03-18 02:45:00+00:00,1,1374,retest_expired,off,2148.0,,,13.0,False
2024-03-18 09:30:00+00:00,1,1374,stop_too_wide,london,2155.38,7.789,1.85,,
2024-03-18 12:15:00+00:00,1,1374,retest_expired,overlap,2161.275,,,13.0,False
2024-03-20 10:30:00+00:00,1,1374,stop_too_wide,london,2154.4849999999997,6.708,1.478,,
2024-03-20 11:15:00+00:00,1,1374,stop_too_wide,london,2153.895,6.113,1.468,,
2024-03-20 11:30:00+00:00,1,1374,stop_too_wide,london,2154.705,6.939,1.499,,
2024-03-20 16:00:00+00:00,1,1374,retest_expired,overlap,2157.205,,,27.0,False
2024-05-17 14:30:00+00:00,1,1392,stop_too_wide,overlap,2409.05,21.915,4.31,,
2024-05-17 15:45:00+00:00,1,1392,stop_too_wide,newyork,2407.79,21.042,5.085,,
2024-05-17 17:30:00+00:00,1,1392,retest_expired,newyork,2413.075,,,13.0,False
2024-07-04 07:45:00+00:00,1,1405,stop_too_wide,london,2357.62,9.661,2.205,,
2024-07-04 09:15:00+00:00,1,1405,stop_too_wide,london,2357.26,9.295,2.193,,
2024-07-04 10:45:00+00:00,1,1405,retest_expired,london,2358.1035,,,13.0,False
2024-07-05 15:45:00+00:00,1,1411,retest_expired,newyork,2384.7585,,,13.0,False
2024-07-08 13:15:00+00:00,1,1411,retest_expired,overlap,2375.0085,,,13.0,False
2024-07-08 19:00:00+00:00,1,1422,stop_too_wide,newyork,2357.7565000000004,12.632,3.089,,
2024-07-08 23:00:00+00:00,1,1422,retest_expired,off,2360.6195,,,13.0,False
2024-07-09 18:45:00+00:00,1,1422,retest_expired,newyork,2364.605,,,13.0,False
2024-07-10 10:00:00+00:00,1,1411,retest_expired,london,2373.4965,,,13.0,False
2024-07-10 19:45:00+00:00,1,1411,stop_too_wide,newyork,2371.875,11.345,2.432,,
2024-07-10 22:45:00+00:00,1,1411,retest_expired,off,2372.9049999999997,,,13.0,False
2024-07-24 13:30:00+00:00,1,1428,stop_too_wide,overlap,2422.955,15.32,3.491,,
2024-07-24 14:15:00+00:00,1,1428,stop_too_wide,overlap,2426.3215,19.13,4.378,,
2024-07-24 16:00:00+00:00,1,1428,retest_expired,newyork,2421.15,,,13.0,False
2024-08-08 17:00:00+00:00,1,1428,stop_too_wide,newyork,2421.77,21.179,4.926,,
2024-08-08 17:15:00+00:00,1,1428,stop_too_wide,newyork,2423.705,23.06,4.816,,
2024-08-08 17:45:00+00:00,1,1428,stop_too_wide,newyork,2423.605,22.87,4.638,,
2024-08-08 19:30:00+00:00,1,1428,retest_expired,newyork,2423.66,,,13.0,False
2024-08-09 03:15:00+00:00,1,1428,stop_too_wide,off,2421.965,20.304,2.785,,
2024-08-09 03:45:00+00:00,1,1428,stop_too_wide,off,2421.127,19.43,2.713,,
2024-08-09 04:00:00+00:00,1,1428,stop_too_wide,off,2421.525,19.789,2.636,,
2024-08-09 04:15:00+00:00,1,1428,stop_too_wide,off,2421.695,19.908,2.534,,
2024-08-09 04:30:00+00:00,1,1428,retest_expired,off,2422.965,,,13.0,False
2024-08-09 06:30:00+00:00,1,1428,stop_too_wide,off,2419.9635,18.227,2.635,,
2024-08-09 07:15:00+00:00,1,1428,stop_too_wide,london,2424.615,22.897,2.672,,
2024-08-09 08:30:00+00:00,1,1428,retest_expired,london,2422.83,,,13.0,False
2024-08-09 12:15:00+00:00,1,1426,stop_too_wide,overlap,2426.9735,15.123,2.809,,
2024-08-09 12:30:00+00:00,1,1426,stop_too_wide,overlap,2428.5465,16.731,2.879,,
2024-08-09 12:45:00+00:00,1,1426,stop_too_wide,overlap,2429.755,17.907,2.815,,
2024-08-09 13:15:00+00:00,1,1426,stop_too_wide,overlap,2431.9865,20.142,2.822,,
2024-08-09 13:45:00+00:00,1,1426,retest_expired,overlap,2426.735,,,13.0,False
2024-08-09 14:15:00+00:00,1,1426,stop_too_wide,overlap,2432.15,20.741,3.693,,
2024-08-09 15:15:00+00:00,1,1426,stop_too_wide,overlap,2429.5085,18.21,3.913,,
2024-08-09 15:30:00+00:00,1,1426,stop_too_wide,newyork,2431.3665,20.064,3.905,,
2024-08-09 16:15:00+00:00,1,1426,stop_too_wide,newyork,2430.63,19.23,3.71,,
2024-08-09 17:15:00+00:00,1,1426,retest_expired,newyork,2433.7345,,,13.0,False
2024-08-09 19:45:00+00:00,1,1426,stop_too_wide,newyork,2429.1335,17.218,2.68,,
2024-08-09 20:00:00+00:00,1,1426,stop_too_wide,newyork,2430.3315000000002,18.378,2.605,,
2024-08-09 20:30:00+00:00,1,1426,stop_too_wide,newyork,2430.58,18.554,2.46,,
2024-08-11 22:15:00+00:00,1,1426,stop_too_wide,off,2432.71,20.77,2.631,,
2024-08-11 22:45:00+00:00,1,1426,stop_too_wide,off,2430.55,18.574,2.558,,
2024-08-11 23:00:00+00:00,1,1426,retest_expired,off,2428.02,,,13.0,False
2024-08-12 05:45:00+00:00,1,1426,stop_too_wide,off,2434.7200000000003,22.641,2.353,,
2024-08-12 07:15:00+00:00,1,1426,retest_expired,london,2438.86,,,13.0,False
2024-08-12 12:15:00+00:00,1,1430,stop_too_wide,overlap,2444.1099999999997,11.21,2.306,,
2024-08-12 13:00:00+00:00,1,1430,stop_too_wide,overlap,2444.7349999999997,11.836,2.309,,
2024-08-12 15:15:00+00:00,1,1430,retest_expired,overlap,2457.325,,,13.0,False
2024-08-12 22:15:00+00:00,1,1439,retest_expired,off,2472.4395,,,13.0,False
2024-08-13 13:30:00+00:00,1,1439,stop_too_wide,overlap,2473.745,22.455,3.934,,
2024-08-13 14:30:00+00:00,1,1439,stop_too_wide,overlap,2469.1000000000004,17.929,4.172,,
2024-08-13 15:45:00+00:00,1,1439,retest_expired,newyork,2468.6665000000003,,,13.0,False
2024-08-13 17:45:00+00:00,1,1439,stop_too_wide,newyork,2467.73,16.089,3.233,,
2024-08-13 18:15:00+00:00,1,1439,stop_too_wide,newyork,2467.9265,16.181,3.023,,
2024-08-13 18:45:00+00:00,1,1439,stop_too_wide,newyork,2467.8235,15.971,2.809,,
2024-08-13 19:45:00+00:00,1,1439,stop_too_wide,newyork,2467.1035,15.265,2.837,,
2024-08-13 20:00:00+00:00,1,1439,retest_expired,newyork,2466.8235000000004,,,13.0,False
2024-08-14 10:15:00+00:00,1,1439,retest_expired,london,2472.75,,,13.0,False
2024-08-14 22:30:00+00:00,1,1430,retest_expired,off,2447.67,,,13.0,False
2024-08-16 11:45:00+00:00,1,1439,stop_too_wide,london,2472.2084999999997,20.435,2.967,,
2024-08-16 13:15:00+00:00,1,1431,stop_too_wide,overlap,2488.0215,25.154,4.528,,
2024-08-16 13:30:00+00:00,1,1431,stop_too_wide,overlap,2494.09,29.122,4.933,,
2024-08-16 14:15:00+00:00,1,1439,retest_expired,overlap,2481.5715,,,13.0,False
2024-08-22 04:30:00+00:00,1,1447,stop_too_wide,off,2502.015,12.438,2.435,,
2024-08-22 07:30:00+00:00,1,1447,retest_expired,london,2507.5945,,,13.0,False
2024-08-23 12:30:00+00:00,1,1447,stop_too_wide,overlap,2500.9,11.306,2.4,,
2024-08-23 17:15:00+00:00,1,1447,retest_expired,newyork,2510.5950000000003,,,13.0,False
2024-08-28 13:00:00+00:00,1,1447,stop_too_wide,overlap,2506.2200000000003,17.025,3.2,,
2024-08-28 16:00:00+00:00,1,1447,retest_expired,newyork,2504.41,,,13.0,False
2024-08-28 19:45:00+00:00,1,1447,retest_expired,newyork,2507.68,,,13.0,False
2024-08-29 03:30:00+00:00,1,1451,retest_expired,off,2515.6435,,,13.0,False
2024-08-29 16:45:00+00:00,1,1451,retest_expired,newyork,2525.3165,,,13.0,False
2024-09-30 01:00:00+00:00,1,1462,retest_expired,off,2660.21,,,13.0,False
2024-09-30 06:15:00+00:00,1,1462,stop_too_wide,off,2659.375,14.047,2.815,,
2024-09-30 06:45:00+00:00,1,1462,stop_too_wide,off,2657.88,12.535,2.782,,
2024-09-30 07:00:00+00:00,1,1462,stop_too_wide,london,2659.135,13.783,2.767,,
2024-10-02 04:30:00+00:00,1,1462,retest_expired,off,2654.77,,,13.0,False
2024-10-02 13:45:00+00:00,1,1462,stop_too_wide,overlap,2659.518,17.765,4.136,,
2024-10-02 19:45:00+00:00,1,1462,stop_too_wide,newyork,2658.6765,13.407,2.932,,
2024-10-02 23:45:00+00:00,1,1462,retest_expired,off,2660.335,,,13.0,False
2024-10-03 02:15:00+00:00,1,1462,stop_too_wide,off,2658.215,12.505,2.052,,
2024-10-03 03:30:00+00:00,1,1462,stop_too_wide,off,2656.9700000000003,11.25,2.031,,
2024-10-03 05:00:00+00:00,1,1462,retest_expired,off,2654.69,,,13.0,False
2024-10-29 03:30:00+00:00,1,1471,stop_too_wide,off,2752.7915000000003,16.554,2.735,,
2024-10-29 05:00:00+00:00,1,1471,retest_expired,off,2756.6899999999996,,,13.0,False
2024-10-29 08:30:00+00:00,1,1471,stop_too_wide,london,2751.9745000000003,15.767,2.795,,
2024-10-29 09:15:00+00:00,1,1471,retest_expired,london,2755.29,,,13.0,False
2024-10-29 12:30:00+00:00,1,1471,stop_too_wide,overlap,2752.145,16.052,3.025,,
2024-10-29 13:00:00+00:00,1,1471,stop_too_wide,overlap,2755.58,19.71,3.47,,
2024-10-29 14:15:00+00:00,1,1471,retest_expired,overlap,2768.62,,,13.0,False
2024-11-01 04:15:00+00:00,1,1471,stop_too_wide,off,2751.81,15.352,2.295,,
2024-11-01 07:00:00+00:00,1,1471,retest_expired,off,2750.42,,,13.0,False
2024-11-01 10:45:00+00:00,1,1471,stop_too_wide,london,2749.7005,13.556,2.922,,
2024-11-01 11:15:00+00:00,1,1471,retest_expired,london,2752.385,,,13.0,False
2024-11-26 12:30:00+00:00,-1,1464,stop_too_wide,london,2630.4750000000004,19.389,3.792,,
2024-11-26 14:15:00+00:00,-1,1464,stop_too_wide,overlap,2629.195,21.242,4.938,,
2024-11-26 16:45:00+00:00,-1,1464,retest_expired,newyork,2628.705,,,13.0,False
2024-11-27 00:00:00+00:00,-1,1464,stop_too_wide,off,2631.1800000000003,18.132,2.687,,
2024-11-27 01:45:00+00:00,-1,1464,retest_expired,off,2631.475,,,13.0,False
2024-12-27 12:00:00+00:00,-1,1491,retest_expired,london,2630.5685000000003,,,87.0,False
2024-12-27 12:30:00+00:00,-1,1491,stop_too_wide,london,2627.6535,9.377,2.338,,
2024-12-27 14:45:00+00:00,-1,1484,stop_too_wide,overlap,2615.7685,17.199,3.364,,
2024-12-27 15:00:00+00:00,-1,1484,stop_too_wide,overlap,2615.1504999999997,17.869,3.467,,
2024-12-27 15:15:00+00:00,-1,1484,stop_too_wide,overlap,2614.805,18.22,3.479,,
2024-12-27 15:30:00+00:00,-1,1491,retest_expired,overlap,2617.1835,,,13.0,False
2024-12-27 16:00:00+00:00,-1,1484,stop_too_wide,overlap,2616.7650000000003,16.242,3.442,,
2024-12-27 16:30:00+00:00,-1,1484,stop_too_wide,newyork,2617.6415,15.361,3.433,,
2024-12-27 16:30:00+00:00,-1,1496,retest_expired,newyork,2617.6415,,,13.0,False
2024-12-27 17:00:00+00:00,-1,1484,stop_too_wide,newyork,2615.5969999999998,17.381,3.385,,
2024-12-27 17:30:00+00:00,-1,1484,retest_expired,newyork,2616.075,,,13.0,False
2024-12-27 20:15:00+00:00,-1,1484,stop_too_wide,newyork,2613.2749999999996,19.412,2.803,,
