ts,direction,zone_id,reason,session,price,bars_to_retest,stop_distance,atr15
2015-03-03 01:15:00+00:00,-1,26,out_of_session,off,1205.8964999999998,,,
2015-03-03 02:00:00+00:00,-1,21,out_of_session,off,1196.745,,,
2015-03-03 04:30:00+00:00,-1,26,out_of_session,off,1208.618,,,
2015-03-03 05:15:00+00:00,-1,26,out_of_session,off,1208.2445,,,
2015-03-03 07:30:00+00:00,-1,26,out_of_session,off,1208.4265,,,
2015-03-03 10:15:00+00:00,-1,26,stop_too_wide,london,1208.2669999999998,,5.966,1.421
2015-03-03 13:00:00+00:00,-1,26,stop_too_wide,overlap,1207.635,,6.664,1.551
2015-03-03 13:30:00+00:00,-1,26,stop_too_wide,overlap,1206.326,,8.034,1.673
2015-03-03 15:45:00+00:00,-1,26,stop_too_wide,overlap,1203.6779999999999,,12.58,2.678
2015-03-04 05:45:00+00:00,-1,26,out_of_session,off,1208.3429999999998,,,
2015-03-04 20:00:00+00:00,-1,21,stop_too_wide,newyork,1199.557,,7.287,1.513
2015-03-04 20:15:00+00:00,-1,21,stop_too_wide,newyork,1199.262,,7.56,1.469
2015-03-30 11:30:00+00:00,-1,40,stop_too_wide,london,1182.839,,6.573,1.504
2015-03-31 02:45:00+00:00,-1,40,out_of_session,off,1183.592,,,
2015-03-31 03:15:00+00:00,-1,40,out_of_session,off,1183.0065,,,
2015-04-01 08:30:00+00:00,-1,40,stop_too_wide,london,1183.328,,5.362,1.039
2015-04-23 05:15:00+00:00,-1,39,out_of_session,off,1189.105,,,
2015-04-23 06:00:00+00:00,-1,39,out_of_session,off,1188.491,,,
2015-04-23 08:15:00+00:00,-1,42,stop_too_wide,london,1188.8015,,8.23,1.29
2015-04-23 10:00:00+00:00,-1,39,stop_too_wide,london,1188.4389999999999,,5.248,1.212
2015-04-23 11:00:00+00:00,-1,42,stop_too_wide,london,1189.7350000000001,,7.244,1.183
2015-04-23 13:00:00+00:00,-1,42,stop_too_wide,overlap,1188.8125,,8.368,1.587
2015-04-24 11:00:00+00:00,-1,39,stop_too_wide,london,1187.8635,,5.881,1.327
2015-04-24 11:00:00+00:00,-1,42,stop_too_wide,london,1187.8635,,9.187,1.327
2015-04-27 03:45:00+00:00,-1,40,out_of_session,off,1182.655,,,
2015-04-27 06:15:00+00:00,-1,40,out_of_session,off,1181.6145000000001,,,
2015-04-27 08:00:00+00:00,-1,40,stop_too_wide,london,1182.289,,6.36,0.958
2015-04-27 08:15:00+00:00,-1,40,stop_too_wide,london,1182.216,,6.432,0.957
2015-05-08 01:00:00+00:00,-1,40,out_of_session,off,1182.411,,,
2015-05-08 08:45:00+00:00,-1,47,stop_too_wide,london,1186.5,,4.349,0.998
2015-05-08 09:45:00+00:00,-1,47,stop_too_wide,london,1186.345,,4.521,1.032
2015-05-08 12:30:00+00:00,-1,42,stop_too_wide,overlap,1185.45,,12.234,2.594
2015-05-10 23:45:00+00:00,-1,42,out_of_session,off,1190.0615,,,
2015-05-18 05:45:00+00:00,1,56,out_of_session,off,1229.44,,,
2015-05-18 08:45:00+00:00,1,56,stop_too_wide,london,1228.8005,,4.345,1.054
2015-05-18 09:00:00+00:00,1,56,stop_too_wide,london,1230.591,,6.18,1.142
2015-05-18 10:45:00+00:00,1,56,stop_too_wide,london,1229.566,,5.166,1.166
2015-05-19 13:00:00+00:00,1,26,stop_too_wide,overlap,1215.001,,10.352,2.186
2015-05-19 14:00:00+00:00,1,26,stop_too_wide,overlap,1214.821,,10.164,2.169
2015-05-22 10:15:00+00:00,1,26,stop_too_wide,london,1214.44,,9.28,1.163
2015-06-01 06:45:00+00:00,-1,52,out_of_session,off,1188.42,,,
2015-06-01 07:15:00+00:00,-1,47,stop_too_wide,london,1186.344,,6.174,1.147
2015-06-01 09:45:00+00:00,-1,47,stop_too_wide,london,1186.7579999999998,,4.08,0.976
2015-06-01 19:45:00+00:00,-1,52,stop_too_wide,newyork,1188.925,,7.025,1.605
2015-06-01 20:00:00+00:00,-1,52,stop_too_wide,newyork,1188.774,,7.175,1.601
2015-06-02 02:00:00+00:00,-1,47,out_of_session,off,1186.734,,,
2015-06-02 02:15:00+00:00,-1,47,out_of_session,off,1186.705,,,
2015-06-02 13:15:00+00:00,-1,48,stop_too_wide,overlap,1192.884,,9.22,2.29
2015-06-03 08:00:00+00:00,-1,52,stop_too_wide,london,1189.857,,5.817,1.052
2015-06-03 16:15:00+00:00,-1,52,stop_too_wide,newyork,1188.101,,7.854,1.614
2015-06-04 01:15:00+00:00,-1,62,out_of_session,off,1183.2505,,,
2015-06-04 06:00:00+00:00,-1,62,out_of_session,off,1183.8835,,,
2015-06-04 06:15:00+00:00,-1,62,out_of_session,off,1183.884,,,
2015-06-04 07:00:00+00:00,-1,54,stop_too_wide,london,1180.6109999999999,,6.1,1.351
2015-06-04 12:15:00+00:00,-1,54,stop_too_wide,overlap,1179.8835,,6.919,1.639
2015-06-05 01:15:00+00:00,-1,53,out_of_session,off,1177.612,,,
2015-06-05 01:30:00+00:00,-1,53,out_of_session,off,1177.3795,,,
2015-06-05 02:30:00+00:00,-1,53,out_of_session,off,1177.6455,,,
2015-06-05 03:15:00+00:00,-1,53,out_of_session,off,1177.645,,,
2015-06-05 03:30:00+00:00,-1,53,out_of_session,off,1177.5155,,,
2015-06-05 04:15:00+00:00,-1,53,out_of_session,off,1177.4935,,,
2015-06-05 06:15:00+00:00,-1,53,out_of_session,off,1176.9605000000001,,,
2015-06-09 05:30:00+00:00,-1,53,out_of_session,off,1177.1745,,,
2015-06-09 06:15:00+00:00,-1,53,out_of_session,off,1176.755,,,
2015-06-09 06:45:00+00:00,-1,53,out_of_session,off,1177.3535000000002,,,
2015-06-09 07:15:00+00:00,-1,53,stop_too_wide,london,1176.5500000000002,,6.131,1.001
2015-06-09 12:30:00+00:00,-1,54,stop_too_wide,overlap,1179.5215,,7.159,1.395
2015-06-09 13:45:00+00:00,-1,53,stop_too_wide,overlap,1177.515,,6.28,1.561
2015-06-09 13:45:00+00:00,-1,54,stop_too_wide,overlap,1177.515,,9.248,1.561
2015-06-09 18:15:00+00:00,-1,53,stop_too_wide,newyork,1177.634,,5.061,1.03
2015-06-09 19:00:00+00:00,-1,53,stop_too_wide,newyork,1177.25,,5.384,0.908
2015-06-10 01:15:00+00:00,-1,53,out_of_session,off,1176.8095,,,
2015-06-11 12:15:00+00:00,-1,53,stop_too_wide,overlap,1177.5749999999998,,5.246,1.282
2015-06-11 17:30:00+00:00,-1,54,stop_too_wide,newyork,1180.42,,6.325,1.524
2015-06-12 08:00:00+00:00,-1,54,stop_too_wide,london,1180.0300000000002,,6.422,0.938
2015-06-12 08:30:00+00:00,-1,54,stop_too_wide,london,1179.8445000000002,,6.606,0.936
2015-06-12 12:15:00+00:00,-1,54,stop_too_wide,overlap,1179.7935,,6.684,0.989
2015-06-12 15:15:00+00:00,-1,54,stop_too_wide,overlap,1180.56,,6.161,1.477
2015-06-12 16:30:00+00:00,-1,54,stop_too_wide,newyork,1180.37,,6.254,1.283
2015-06-12 17:15:00+00:00,-1,54,stop_too_wide,newyork,1180.26,,6.315,1.184
2015-06-12 19:15:00+00:00,-1,54,stop_too_wide,newyork,1180.476,,5.97,0.927
2015-06-14 23:30:00+00:00,-1,62,out_of_session,off,1184.07,,,
2015-06-15 07:15:00+00:00,-1,62,stop_too_wide,london,1183.1035000000002,,4.741,1.084
2015-06-15 07:30:00+00:00,-1,54,stop_too_wide,london,1179.3385,,7.295,1.3
2015-06-15 07:30:00+00:00,-1,68,stop_too_wide,london,1179.3385,,6.724,1.3
2015-06-15 09:45:00+00:00,-1,53,stop_too_wide,london,1174.1985,,8.706,1.449
2015-06-15 12:00:00+00:00,-1,54,stop_too_wide,overlap,1179.565,,7.286,1.737
2015-06-16 19:30:00+00:00,-1,68,stop_too_wide,newyork,1181.87,,4.01,0.936
2015-06-16 19:45:00+00:00,-1,68,stop_too_wide,newyork,1181.8395,,4.056,0.967
2015-06-16 22:45:00+00:00,-1,68,out_of_session,off,1181.915,,,
2015-06-16 23:15:00+00:00,-1,68,out_of_session,off,1181.9450000000002,,,
2015-06-17 00:00:00+00:00,-1,68,out_of_session,off,1181.9195,,,
2015-06-17 00:15:00+00:00,-1,68,out_of_session,off,1181.2345,,,
2015-06-17 01:00:00+00:00,-1,54,out_of_session,off,1180.54,,,
2015-06-17 02:45:00+00:00,-1,54,out_of_session,off,1180.2735,,,
2015-06-17 04:00:00+00:00,-1,54,out_of_session,off,1180.3049999999998,,,
2015-06-17 14:30:00+00:00,-1,53,stop_too_wide,overlap,1175.5925000000002,,7.141,1.107
2015-06-22 08:45:00+00:00,1,52,stop_too_wide,london,1196.06,,7.161,1.024
2015-06-22 09:15:00+00:00,1,52,stop_too_wide,london,1195.5700000000002,,6.658,0.997
2015-06-22 09:45:00+00:00,1,52,stop_too_wide,london,1195.5645,,6.732,1.156
2015-07-01 14:30:00+00:00,-1,64,stop_too_wide,overlap,1169.5355,,8.63,1.676
2015-07-02 01:00:00+00:00,-1,67,out_of_session,off,1167.529,,,
2015-07-02 05:45:00+00:00,-1,67,out_of_session,off,1167.2930000000001,,,
2015-07-02 13:15:00+00:00,-1,67,stop_too_wide,overlap,1165.025,,8.764,2.124
2015-07-03 04:30:00+00:00,-1,67,out_of_session,off,1166.9904999999999,,,
2015-07-03 07:00:00+00:00,-1,67,stop_too_wide,london,1167.595,,5.525,0.785
2015-07-03 14:15:00+00:00,-1,67,stop_too_wide,overlap,1167.4935,,5.796,1.124
2015-07-03 15:00:00+00:00,-1,67,stop_too_wide,overlap,1167.2334999999998,,6.013,1.039
2015-07-06 00:30:00+00:00,-1,64,out_of_session,off,1170.914,,,
2015-07-06 01:00:00+00:00,-1,64,out_of_session,off,1169.879,,,
2015-07-06 07:15:00+00:00,-1,67,stop_too_wide,london,1167.5185000000001,,5.715,1.014
2015-07-06 16:00:00+00:00,-1,67,stop_too_wide,newyork,1167.6235000000001,,5.72,1.233
2015-07-06 18:30:00+00:00,-1,64,stop_too_wide,newyork,1170.7795,,7.221,1.346
2015-07-07 03:30:00+00:00,-1,67,out_of_session,off,1167.5790000000002,,,
2015-07-07 04:15:00+00:00,-1,67,out_of_session,off,1167.27,,,
2015-07-07 05:15:00+00:00,-1,67,out_of_session,off,1167.396,,,
2015-07-07 07:30:00+00:00,-1,67,stop_too_wide,london,1167.5585,,5.588,0.84
2015-07-07 09:15:00+00:00,-1,67,stop_too_wide,london,1166.1390000000001,,7.075,0.974
2015-07-07 10:15:00+00:00,-1,67,stop_too_wide,london,1166.6885,,6.546,1.014
2015-07-09 13:30:00+00:00,-1,67,stop_too_wide,overlap,1165.6745,,7.986,1.867
2015-07-13 08:45:00+00:00,-1,74,stop_too_wide,london,1155.003,,7.422,1.55
2015-07-14 00:15:00+00:00,-1,74,out_of_session,off,1155.885,,,
2015-07-14 01:00:00+00:00,-1,74,out_of_session,off,1155.7530000000002,,,
2015-07-14 01:15:00+00:00,-1,74,out_of_session,off,1155.205,,,
2015-07-14 03:15:00+00:00,-1,74,out_of_session,off,1155.5,,,
2015-07-14 04:15:00+00:00,-1,74,out_of_session,off,1155.9105,,,
2015-07-14 06:00:00+00:00,-1,74,out_of_session,off,1155.145,,,
2015-07-15 00:15:00+00:00,-1,74,out_of_session,off,1155.916,,,
2015-07-15 01:45:00+00:00,-1,74,out_of_session,off,1155.7620000000002,,,
2015-07-15 02:00:00+00:00,-1,74,out_of_session,off,1155.5345000000002,,,
2015-07-15 05:15:00+00:00,-1,74,out_of_session,off,1155.3265000000001,,,
2015-07-15 13:00:00+00:00,-1,80,stop_too_wide,overlap,1149.3135000000002,,7.064,1.189
2015-07-15 14:45:00+00:00,-1,78,stop_too_wide,overlap,1145.6835,,7.028,1.663
2015-07-16 07:45:00+00:00,-1,78,stop_too_wide,london,1145.4,,4.614,0.843
2015-07-16 08:45:00+00:00,-1,78,stop_too_wide,london,1145.5430000000001,,4.541,0.983
2015-07-16 17:15:00+00:00,-1,78,stop_too_wide,newyork,1145.1750000000002,,5.044,1.253
2015-07-16 18:00:00+00:00,-1,78,stop_too_wide,newyork,1145.6705,,4.479,1.114
2015-07-16 19:30:00+00:00,-1,78,stop_too_wide,newyork,1145.4095,,4.653,0.94
2015-07-16 22:00:00+00:00,-1,78,out_of_session,off,1145.284,,,
2015-07-17 07:30:00+00:00,-1,78,stop_too_wide,london,1145.37,,4.548,0.65
2015-07-17 12:30:00+00:00,-1,82,stop_too_wide,overlap,1139.71,,5.639,1.107
2015-09-22 10:00:00+00:00,1,95,stop_too_wide,london,1132.1,,6.957,1.287
2015-09-22 18:45:00+00:00,1,97,stop_too_wide,newyork,1126.1285,,4.869,1.191
2015-09-25 10:15:00+00:00,1,103,stop_too_wide,london,1144.2060000000001,,5.14,1.198
2015-09-25 11:15:00+00:00,1,103,stop_too_wide,london,1144.0815,,4.992,1.15
2015-10-05 07:00:00+00:00,1,107,stop_too_wide,london,1136.4434999999999,,5.689,0.914
2015-10-05 07:30:00+00:00,1,107,stop_too_wide,london,1136.8355,,6.094,0.939
2015-10-05 12:15:00+00:00,1,107,stop_too_wide,overlap,1136.577,,7.051,1.449
2015-10-05 13:00:00+00:00,1,107,stop_too_wide,overlap,1136.675,,7.233,1.617
2015-10-05 13:15:00+00:00,1,107,stop_too_wide,overlap,1139.5455000000002,,9.965,1.836
2015-10-05 17:15:00+00:00,1,107,stop_too_wide,newyork,1138.321,,8.117,2.014
2015-10-05 22:00:00+00:00,1,107,out_of_session,off,1136.28,,,
2015-10-05 22:45:00+00:00,1,107,out_of_session,off,1136.3899999999999,,,
2015-11-20 07:30:00+00:00,-1,140,out_of_session,off,1082.1345000000001,,,
2015-11-20 10:15:00+00:00,-1,143,stop_too_wide,london,1085.42,,6.435,1.333
2015-11-20 12:15:00+00:00,-1,143,stop_too_wide,london,1084.3585,,7.461,1.263
2015-11-20 13:15:00+00:00,-1,143,stop_too_wide,overlap,1082.9915,,8.966,1.538
2015-12-01 02:15:00+00:00,-1,150,out_of_session,off,1072.1705,,,
2015-12-01 02:30:00+00:00,-1,150,out_of_session,off,1071.6100000000001,,,
2015-12-02 13:15:00+00:00,-1,147,stop_too_wide,overlap,1060.5515,,9.222,1.132
2015-12-03 23:15:00+00:00,-1,147,out_of_session,off,1063.0065,,,
2015-12-04 03:45:00+00:00,-1,147,out_of_session,off,1062.357,,,
2015-12-21 03:30:00+00:00,-1,150,out_of_session,off,1069.1795,,,
2015-12-23 17:15:00+00:00,-1,150,stop_too_wide,newyork,1069.4234999999999,,7.742,1.214
2016-01-14 14:15:00+00:00,1,149,stop_too_wide,overlap,1084.625,,8.106,1.69
2016-01-25 06:30:00+00:00,1,164,out_of_session,off,1101.375,,,
2016-01-25 06:45:00+00:00,1,164,out_of_session,off,1101.304,,,
2016-01-26 03:00:00+00:00,1,163,out_of_session,off,1111.54,,,
2016-01-29 03:45:00+00:00,1,163,out_of_session,off,1112.52,,,
2016-02-11 00:00:00+00:00,1,181,out_of_session,off,1205.22,,,
2016-02-15 15:30:00+00:00,1,181,stop_too_wide,overlap,1205.0995,,9.08,2.16
2016-02-16 09:00:00+00:00,1,181,stop_too_wide,london,1205.799,,12.393,2.936
2016-02-16 23:00:00+00:00,1,181,out_of_session,off,1203.6100000000001,,,
2016-02-17 02:30:00+00:00,1,181,out_of_session,off,1203.2445,,,
2016-02-17 12:00:00+00:00,1,181,stop_too_wide,london,1205.1635,,9.189,2.251
2016-02-17 13:15:00+00:00,1,181,stop_too_wide,overlap,1207.81,,11.983,2.545
2016-02-18 11:15:00+00:00,1,181,stop_too_wide,london,1203.283,,6.922,1.477
2016-02-18 11:45:00+00:00,1,181,stop_too_wide,london,1203.9505,,7.605,1.508
2016-02-18 17:00:00+00:00,1,185,stop_too_wide,newyork,1221.859,,12.231,2.247
2016-02-29 04:00:00+00:00,1,188,out_of_session,off,1225.2,,,
2016-03-01 01:30:00+00:00,1,187,out_of_session,off,1246.2765,,,
2016-03-01 04:30:00+00:00,1,187,out_of_session,off,1245.9245,,,
2016-03-03 14:30:00+00:00,1,187,stop_too_wide,overlap,1246.4,,9.394,1.99
2016-03-03 15:00:00+00:00,1,187,stop_too_wide,overlap,1251.9205,,15.161,2.484
2016-03-03 15:30:00+00:00,1,190,stop_too_wide,overlap,1256.0405,,17.305,2.7
2016-03-03 16:00:00+00:00,1,190,stop_too_wide,overlap,1256.2365,,16.048,2.792
2016-03-03 16:15:00+00:00,1,190,stop_too_wide,overlap,1257.2005,,15.891,2.838
2016-03-03 17:15:00+00:00,1,190,stop_too_wide,newyork,1257.124,,12.414,2.724
2016-03-09 05:30:00+00:00,1,190,out_of_session,off,1255.944,,,
2016-03-09 06:00:00+00:00,1,190,out_of_session,off,1256.0435,,,
2016-03-09 07:00:00+00:00,1,190,out_of_session,off,1256.6485,,,
2016-03-09 15:00:00+00:00,1,187,stop_too_wide,overlap,1247.9585,,11.332,2.749
2016-03-09 16:00:00+00:00,1,190,stop_too_wide,overlap,1256.8290000000002,,15.414,3.309
2016-03-09 18:00:00+00:00,1,190,stop_too_wide,newyork,1258.06,,13.515,3.055
2016-03-17 03:30:00+00:00,1,190,out_of_session,off,1256.52,,,
2016-03-17 19:45:00+00:00,1,190,stop_too_wide,newyork,1256.8795,,11.954,2.293
2016-04-18 12:15:00+00:00,1,189,stop_too_wide,overlap,1240.4515000000001,,8.148,1.549
2016-04-18 13:00:00+00:00,1,189,stop_too_wide,overlap,1240.33,,8.052,1.599
2016-04-19 12:00:00+00:00,1,187,stop_too_wide,overlap,1246.7044999999998,,9.071,1.71
2016-04-19 12:00:00+00:00,1,196,stop_too_wide,overlap,1246.7044999999998,,9.281,1.71
2016-04-19 13:15:00+00:00,1,193,stop_too_wide,overlap,1254.519,,13.214,2.162
2016-04-19 13:45:00+00:00,1,193,stop_too_wide,overlap,1254.9810000000002,,12.703,2.202
2016-04-19 16:15:00+00:00,1,193,stop_too_wide,newyork,1254.0515,,8.656,2.013
2016-04-19 17:30:00+00:00,1,193,stop_too_wide,newyork,1253.312,,7.817,1.813
2016-04-19 18:30:00+00:00,1,193,stop_too_wide,newyork,1253.2849999999999,,7.809,1.851
2016-04-20 01:15:00+00:00,1,193,out_of_session,off,1256.7559999999999,,,
2016-04-20 13:00:00+00:00,1,193,stop_too_wide,overlap,1253.694,,8.188,1.791
2016-04-20 14:45:00+00:00,1,193,stop_too_wide,overlap,1254.0895,,8.686,1.996
2016-04-20 16:00:00+00:00,1,193,stop_too_wide,newyork,1254.6015,,9.264,2.129
2016-04-20 17:00:00+00:00,1,193,stop_too_wide,newyork,1253.7910000000002,,8.364,1.949
2016-04-20 22:15:00+00:00,1,196,out_of_session,off,1244.6955,,,
2016-04-20 22:30:00+00:00,1,196,out_of_session,off,1245.065,,,
2016-04-20 23:30:00+00:00,1,196,out_of_session,off,1244.9745,,,
2016-04-21 00:45:00+00:00,1,196,out_of_session,off,1245.0005,,,
2016-04-21 01:00:00+00:00,1,187,out_of_session,off,1247.54,,,
2016-04-21 05:30:00+00:00,1,193,out_of_session,off,1254.3555000000001,,,
2016-04-21 06:00:00+00:00,1,193,out_of_session,off,1255.5304999999998,,,
2016-04-21 12:00:00+00:00,1,199,stop_too_wide,overlap,1267.016,,11.668,2.115
2016-04-22 01:15:00+00:00,1,187,out_of_session,off,1249.4189999999999,,,
2016-04-22 06:45:00+00:00,1,196,out_of_session,off,1245.659,,,
2016-04-22 07:45:00+00:00,1,187,stop_too_wide,london,1248.8195,,11.251,1.84
2016-04-22 07:45:00+00:00,1,196,stop_too_wide,london,1248.8195,,11.721,1.84
2016-04-22 09:30:00+00:00,1,187,stop_too_wide,london,1247.3405,,9.838,1.972
2016-04-22 10:30:00+00:00,1,187,stop_too_wide,london,1247.13,,9.561,1.839
2016-05-09 10:45:00+00:00,1,209,stop_too_wide,london,1276.076,,9.831,1.683
2016-05-09 11:30:00+00:00,1,209,stop_too_wide,london,1274.7640000000001,,8.603,1.851
2016-06-10 13:30:00+00:00,1,209,stop_too_wide,overlap,1274.374,,7.983,1.627
2016-06-10 17:45:00+00:00,1,209,stop_too_wide,newyork,1274.81,,8.442,1.892
2016-06-10 18:00:00+00:00,1,209,stop_too_wide,newyork,1274.915,,8.531,1.86
2016-06-13 02:45:00+00:00,1,209,out_of_session,off,1274.1100000000001,,,
2016-06-13 09:00:00+00:00,1,211,stop_too_wide,london,1284.0495,,7.338,1.697
2016-06-13 09:30:00+00:00,1,211,stop_too_wide,london,1284.411,,7.66,1.617
2016-06-13 10:15:00+00:00,1,211,stop_too_wide,london,1284.477,,7.656,1.478
2016-06-13 12:15:00+00:00,1,211,stop_too_wide,overlap,1285.71,,8.998,1.696
2016-06-13 19:30:00+00:00,1,211,stop_too_wide,newyork,1284.5349999999999,,7.835,1.72
2016-06-13 20:00:00+00:00,1,211,stop_too_wide,newyork,1284.4299999999998,,7.66,1.58
2016-06-14 11:45:00+00:00,1,211,stop_too_wide,london,1283.986,,7.098,1.343
2016-06-14 12:15:00+00:00,1,211,stop_too_wide,overlap,1284.8015,,7.965,1.447
2016-06-14 12:30:00+00:00,1,211,stop_too_wide,overlap,1285.451,,8.687,1.592
2016-06-14 14:45:00+00:00,1,211,stop_too_wide,overlap,1286.1405,,9.662,2.163
2016-06-15 18:15:00+00:00,1,233,stop_too_wide,newyork,1295.7145,,13.565,2.564
2016-06-16 22:00:00+00:00,1,234,out_of_session,off,1280.7040000000002,,,
2016-06-17 02:30:00+00:00,1,234,out_of_session,off,1280.615,,,
2016-06-17 02:45:00+00:00,1,234,out_of_session,off,1282.1100000000001,,,
2016-06-19 23:00:00+00:00,1,233,out_of_session,off,1292.06,,,
2016-06-20 13:30:00+00:00,1,234,stop_too_wide,overlap,1282.069,,8.874,2.155
2016-06-21 00:00:00+00:00,1,233,out_of_session,off,1293.955,,,
2016-06-21 09:45:00+00:00,1,234,stop_too_wide,london,1280.9605,,7.397,1.341
2016-07-07 22:15:00+00:00,1,238,out_of_session,off,1361.1565,,,
2016-07-07 23:45:00+00:00,1,238,out_of_session,off,1361.0545000000002,,,
2016-08-02 00:00:00+00:00,1,246,out_of_session,off,1353.13,,,
2016-08-02 03:00:00+00:00,1,248,out_of_session,off,1349.275,,,
2016-08-02 03:30:00+00:00,1,248,out_of_session,off,1349.54,,,
2016-08-02 06:45:00+00:00,1,246,out_of_session,off,1353.641,,,
2016-08-02 08:15:00+00:00,1,238,stop_too_wide,london,1360.5715,,9.589,1.616
2016-08-02 12:00:00+00:00,1,238,stop_too_wide,overlap,1360.6885,,8.047,1.455
2016-08-02 12:30:00+00:00,1,238,stop_too_wide,overlap,1363.2435,,10.682,1.616
2016-08-04 05:30:00+00:00,1,246,out_of_session,off,1353.06,,,
2016-08-04 11:00:00+00:00,1,246,stop_too_wide,london,1361.3705,,13.444,1.867
2016-08-04 12:00:00+00:00,1,238,stop_too_wide,overlap,1361.0990000000002,,10.572,2.207
2016-08-04 23:30:00+00:00,1,238,out_of_session,off,1360.5904999999998,,,
2016-08-05 00:30:00+00:00,1,238,out_of_session,off,1360.578,,,
2016-08-05 01:00:00+00:00,1,238,out_of_session,off,1361.55,,,
2016-08-10 05:00:00+00:00,1,246,out_of_session,off,1352.819,,,
2016-08-10 08:45:00+00:00,1,246,stop_too_wide,london,1352.47,,5.274,1.183
2016-08-10 09:30:00+00:00,1,246,stop_too_wide,london,1353.846,,6.689,1.262
2016-08-10 10:00:00+00:00,1,246,stop_too_wide,london,1353.05,,5.914,1.304
2016-08-10 11:30:00+00:00,1,246,stop_too_wide,london,1353.3890000000001,,6.236,1.27
2016-08-19 06:45:00+00:00,1,248,out_of_session,off,1348.95,,,
2016-09-16 00:45:00+00:00,-1,257,out_of_session,off,1316.08,,,
2016-09-16 10:30:00+00:00,-1,258,stop_too_wide,london,1312.01,,4.803,1.066
2016-09-16 12:45:00+00:00,-1,258,stop_too_wide,overlap,1310.1689999999999,,6.821,1.544
2016-09-18 23:00:00+00:00,-1,258,out_of_session,off,1311.9745,,,
2016-09-18 23:30:00+00:00,-1,258,out_of_session,off,1311.77,,,
2016-09-19 06:00:00+00:00,-1,257,out_of_session,off,1316.1595,,,
2016-09-19 08:45:00+00:00,-1,257,stop_too_wide,london,1316.2,,6.078,1.07
2016-09-27 02:45:00+00:00,1,270,out_of_session,off,1335.5700000000002,,,
2016-09-27 03:15:00+00:00,1,270,out_of_session,off,1335.3000000000002,,,
2016-09-27 04:30:00+00:00,1,270,out_of_session,off,1335.2755000000002,,,
2016-09-27 07:15:00+00:00,1,270,stop_too_wide,london,1337.6745,,6.508,0.964
2016-09-27 09:00:00+00:00,1,270,stop_too_wide,london,1336.6,,5.502,1.101
2016-11-21 12:15:00+00:00,-1,294,stop_too_wide,london,1215.2935,,9.154,1.333
2016-11-22 06:45:00+00:00,-1,294,out_of_session,off,1215.3200000000002,,,
2016-11-22 12:30:00+00:00,-1,294,stop_too_wide,london,1215.2785,,9.112,1.22
2016-11-23 13:15:00+00:00,-1,292,stop_too_wide,overlap,1203.1999999999998,,11.046,1.85
2016-11-25 01:00:00+00:00,-1,298,out_of_session,off,1174.46,,,
2016-11-25 05:45:00+00:00,-1,298,out_of_session,off,1178.5034999999998,,,
2016-11-28 00:15:00+00:00,-1,299,out_of_session,off,1188.542,,,
2016-11-28 14:15:00+00:00,-1,299,stop_too_wide,overlap,1188.12,,8.114,1.986
2016-11-29 08:45:00+00:00,-1,299,stop_too_wide,london,1188.8705,,7.104,1.466
2016-11-29 11:15:00+00:00,-1,299,stop_too_wide,london,1188.0745000000002,,7.903,1.471
2016-11-29 17:45:00+00:00,-1,299,stop_too_wide,newyork,1187.2935000000002,,8.979,2.061
2016-11-29 20:45:00+00:00,-1,299,stop_too_wide,newyork,1188.56,,7.47,1.576
2016-11-29 23:00:00+00:00,-1,299,out_of_session,off,1188.5145,,,
2016-11-30 04:15:00+00:00,-1,299,out_of_session,off,1188.62,,,
2016-11-30 06:00:00+00:00,-1,299,out_of_session,off,1188.6100000000001,,,
2016-11-30 08:45:00+00:00,-1,299,stop_too_wide,london,1188.2289999999998,,7.805,1.585
2016-11-30 10:15:00+00:00,-1,299,stop_too_wide,london,1188.02,,8.117,1.79
2016-11-30 14:30:00+00:00,-1,298,stop_too_wide,overlap,1176.925,,11.411,2.791
2016-12-05 00:00:00+00:00,-1,298,out_of_session,off,1178.27,,,
2016-12-05 01:00:00+00:00,-1,298,out_of_session,off,1175.78,,,
2016-12-07 14:15:00+00:00,-1,298,stop_too_wide,overlap,1176.5745000000002,,9.067,1.602
2016-12-07 15:00:00+00:00,-1,298,stop_too_wide,overlap,1177.8935000000001,,7.827,1.759
2016-12-07 16:45:00+00:00,-1,298,stop_too_wide,newyork,1177.8000000000002,,7.936,1.791
2016-12-09 12:00:00+00:00,-1,303,stop_too_wide,london,1163.725,,7.458,1.246
2016-12-09 12:45:00+00:00,-1,303,stop_too_wide,london,1161.9,,7.972,1.407
2016-12-12 00:45:00+00:00,-1,302,out_of_session,off,1154.7615,,,
2016-12-12 08:00:00+00:00,-1,302,stop_too_wide,london,1154.9115,,8.493,1.248
2016-12-12 08:15:00+00:00,-1,302,stop_too_wide,london,1152.624,,10.879,1.446
2016-12-12 09:30:00+00:00,-1,302,stop_too_wide,london,1155.0845,,8.471,1.55
2016-12-12 13:00:00+00:00,-1,302,stop_too_wide,overlap,1155.0590000000002,,8.409,1.376
2016-12-12 23:15:00+00:00,-1,303,out_of_session,off,1163.18,,,
2016-12-13 00:15:00+00:00,-1,303,out_of_session,off,1164.0785,,,
2016-12-13 00:45:00+00:00,-1,303,out_of_session,off,1163.5014999999999,,,
2016-12-13 01:00:00+00:00,-1,303,out_of_session,off,1163.03,,,
2016-12-14 19:00:00+00:00,-1,302,stop_too_wide,newyork,1152.0415,,13.155,2.181
2017-01-10 03:30:00+00:00,1,319,out_of_session,off,1186.77,,,
2017-01-10 14:30:00+00:00,1,319,stop_too_wide,overlap,1189.2145,,8.94,1.685
2017-01-10 20:30:00+00:00,1,319,stop_too_wide,newyork,1187.29,,6.404,1.538
2017-01-11 00:00:00+00:00,1,319,out_of_session,off,1188.4209999999998,,,
2017-01-11 01:15:00+00:00,1,319,out_of_session,off,1187.4105,,,
2017-01-11 02:30:00+00:00,1,319,out_of_session,off,1187.0345,,,
2017-01-17 05:45:00+00:00,1,323,out_of_session,off,1211.98,,,
2017-01-17 07:30:00+00:00,1,323,out_of_session,off,1210.99,,,
2017-01-22 23:00:00+00:00,1,323,out_of_session,off,1212.0415,,,
2017-02-20 13:30:00+00:00,1,332,stop_too_wide,overlap,1238.8564999999999,,5.977,0.799
2017-03-02 03:00:00+00:00,1,334,out_of_session,off,1246.466,,,
2017-03-17 09:45:00+00:00,1,333,stop_too_wide,london,1229.5900000000001,,4.87,0.986
2017-03-17 10:15:00+00:00,1,333,stop_too_wide,london,1229.22,,4.533,1.051
2017-03-17 10:45:00+00:00,1,333,stop_too_wide,london,1229.1190000000001,,4.404,0.996
2017-03-17 11:15:00+00:00,1,333,stop_too_wide,london,1229.195,,4.461,0.957
2017-03-17 20:15:00+00:00,1,333,stop_too_wide,newyork,1229.13,,4.326,0.818
2017-03-30 00:15:00+00:00,1,342,out_of_session,off,1252.612,,,
2017-04-03 15:00:00+00:00,1,342,stop_too_wide,overlap,1253.405,,7.886,1.374
2017-04-03 23:15:00+00:00,1,349,out_of_session,off,1255.7730000000001,,,
2017-04-10 01:15:00+00:00,1,342,out_of_session,off,1252.925,,,
2017-04-10 02:15:00+00:00,1,342,out_of_session,off,1252.798,,,
2017-04-10 16:00:00+00:00,1,349,stop_too_wide,newyork,1256.4915,,6.803,1.415
2017-04-10 22:30:00+00:00,1,349,out_of_session,off,1256.4105,,,
2017-04-11 02:30:00+00:00,1,349,out_of_session,off,1256.1105,,,
2017-04-11 04:00:00+00:00,1,349,out_of_session,off,1256.1185,,,
2017-04-11 13:00:00+00:00,1,339,stop_too_wide,overlap,1262.7065,,6.928,1.066
2017-04-18 14:15:00+00:00,1,359,stop_too_wide,overlap,1286.5965,,8.576,1.945
2017-04-19 12:15:00+00:00,1,359,stop_too_wide,overlap,1284.19,,4.495,1.05
2017-04-21 05:30:00+00:00,1,361,out_of_session,off,1280.272,,,
2017-05-16 03:45:00+00:00,-1,368,out_of_session,off,1233.9535,,,
2017-05-31 12:00:00+00:00,1,374,stop_too_wide,overlap,1266.4164999999998,,4.204,0.937
2017-05-31 12:30:00+00:00,1,374,stop_too_wide,overlap,1267.013,,4.807,0.95
2017-05-31 14:45:00+00:00,1,374,stop_too_wide,overlap,1267.2655,,5.212,1.256
2017-05-31 17:00:00+00:00,1,377,stop_too_wide,newyork,1271.9234999999999,,6.412,1.406
2017-05-31 17:15:00+00:00,1,377,stop_too_wide,newyork,1273.281,,7.824,1.513
2017-06-01 06:45:00+00:00,1,374,out_of_session,off,1267.1064999999999,,,
2017-06-01 08:30:00+00:00,1,374,stop_too_wide,london,1266.6015,,4.398,0.955
2017-06-01 09:45:00+00:00,1,374,stop_too_wide,london,1266.6390000000001,,4.391,0.867
2017-06-01 10:30:00+00:00,1,374,stop_too_wide,london,1266.5410000000002,,4.301,0.883
2017-06-01 11:30:00+00:00,1,374,stop_too_wide,london,1266.4389999999999,,4.187,0.858
2017-06-01 11:45:00+00:00,1,374,stop_too_wide,london,1266.7915,,4.534,0.847
2017-06-01 17:15:00+00:00,1,374,stop_too_wide,newyork,1267.796,,5.894,1.432
2017-06-01 18:15:00+00:00,1,374,stop_too_wide,newyork,1268.22,,6.308,1.412
2017-06-02 03:00:00+00:00,1,366,out_of_session,off,1260.5335,,,
2017-06-02 12:30:00+00:00,1,374,stop_too_wide,overlap,1271.514,,10.655,1.434
2017-06-19 12:15:00+00:00,-1,355,stop_too_wide,overlap,1249.6435000000001,,5.205,1.002
2017-06-19 13:00:00+00:00,-1,355,stop_too_wide,overlap,1248.2910000000002,,6.641,1.168
2017-06-19 19:00:00+00:00,-1,375,stop_too_wide,newyork,1244.5065,,5.171,0.928
2017-06-19 20:15:00+00:00,-1,375,stop_too_wide,newyork,1243.5265,,6.151,0.927
2017-06-20 01:15:00+00:00,-1,375,out_of_session,off,1244.8865,,,
2017-06-20 11:30:00+00:00,-1,375,stop_too_wide,london,1244.5079999999998,,5.08,0.75
2017-06-20 13:00:00+00:00,-1,375,stop_too_wide,overlap,1244.8865,,4.831,1.007
2017-06-20 13:30:00+00:00,-1,375,stop_too_wide,overlap,1242.9135,,6.854,1.107
2017-06-20 23:15:00+00:00,-1,375,out_of_session,off,1244.6985,,,
2017-06-21 00:00:00+00:00,-1,375,out_of_session,off,1244.688,,,
2017-06-22 11:00:00+00:00,-1,355,stop_too_wide,london,1249.8745,,4.867,0.789
2017-06-22 17:00:00+00:00,-1,355,stop_too_wide,newyork,1250.116,,4.753,1.044
2017-06-22 17:15:00+00:00,-1,355,stop_too_wide,newyork,1248.7235,,6.179,1.11
2017-06-22 19:15:00+00:00,-1,355,stop_too_wide,newyork,1250.029,,4.815,0.994
2017-06-22 19:30:00+00:00,-1,355,stop_too_wide,newyork,1249.7915,,5.049,0.986
2017-06-23 01:00:00+00:00,-1,355,out_of_session,off,1250.3035,,,
2017-06-27 07:15:00+00:00,-1,355,stop_too_wide,london,1250.1934999999999,,4.722,1.137
2017-06-27 11:45:00+00:00,-1,355,stop_too_wide,london,1248.882,,5.999,1.068
2017-06-27 12:15:00+00:00,-1,355,stop_too_wide,overlap,1249.31,,5.668,1.261
2017-06-27 19:00:00+00:00,-1,355,stop_too_wide,newyork,1250.018,,4.911,1.164
2017-06-28 23:30:00+00:00,-1,355,out_of_session,off,1250.2615,,,
2017-06-29 00:15:00+00:00,-1,355,out_of_session,off,1249.6485,,,
2017-06-29 02:30:00+00:00,-1,388,out_of_session,off,1251.6985,,,
2017-06-29 03:00:00+00:00,-1,388,out_of_session,off,1251.672,,,
2017-06-29 12:30:00+00:00,-1,389,stop_too_wide,overlap,1242.75,,6.992,1.467
2017-06-29 23:15:00+00:00,-1,389,out_of_session,off,1245.573,,,
2017-06-30 00:00:00+00:00,-1,389,out_of_session,off,1245.1145000000001,,,
2017-06-30 05:30:00+00:00,-1,389,out_of_session,off,1245.525,,,
2017-07-07 13:45:00+00:00,-1,391,stop_too_wide,overlap,1215.2745,,14.356,2.169
2017-07-12 13:00:00+00:00,-1,392,stop_too_wide,overlap,1222.81,,7.849,1.818
2017-07-14 00:00:00+00:00,-1,391,out_of_session,off,1216.3085,,,
2017-08-09 07:00:00+00:00,1,404,stop_too_wide,london,1268.2355,,4.558,0.973
2017-08-09 12:15:00+00:00,1,406,stop_too_wide,overlap,1274.995,,8.981,1.46
2017-08-09 12:45:00+00:00,1,406,stop_too_wide,overlap,1274.925,,8.935,1.506
2017-08-18 07:00:00+00:00,1,411,stop_too_wide,london,1294.5735,,8.317,1.199
2017-08-18 08:00:00+00:00,1,411,stop_too_wide,london,1293.777,,7.285,1.198
2017-08-20 22:15:00+00:00,1,412,out_of_session,off,1283.62,,,
2017-08-20 23:45:00+00:00,1,412,out_of_session,off,1283.6190000000001,,,
2017-08-21 01:00:00+00:00,1,412,out_of_session,off,1283.8899999999999,,,
2017-08-25 14:00:00+00:00,1,412,stop_too_wide,overlap,1287.847,,12.97,3.074
2017-09-05 22:00:00+00:00,1,423,out_of_session,off,1341.265,,,
2017-09-05 22:30:00+00:00,1,423,out_of_session,off,1341.6100000000001,,,
2017-09-11 19:45:00+00:00,1,418,stop_too_wide,newyork,1327.649,,6.051,1.411
2017-10-18 03:15:00+00:00,-1,430,out_of_session,off,1287.1750000000002,,,
2017-10-18 03:30:00+00:00,-1,430,out_of_session,off,1286.8899999999999,,,
2017-10-27 06:30:00+00:00,-1,434,out_of_session,off,1265.188,,,
2017-10-27 07:00:00+00:00,-1,434,stop_too_wide,london,1265.3235,,4.531,0.891
2017-11-23 13:00:00+00:00,1,433,stop_too_wide,overlap,1292.285,,4.951,1.042
2017-12-26 00:30:00+00:00,1,436,out_of_session,off,1274.5684999999999,,,
2017-12-26 00:45:00+00:00,1,436,out_of_session,off,1274.85,,,
2017-12-28 05:30:00+00:00,1,433,out_of_session,off,1292.375,,,
2017-12-28 05:45:00+00:00,1,433,out_of_session,off,1292.717,,,
2017-12-28 07:30:00+00:00,1,433,out_of_session,off,1292.525,,,
2017-12-28 08:45:00+00:00,1,433,stop_too_wide,london,1293.0,,5.663,0.684
2017-12-28 10:00:00+00:00,1,433,stop_too_wide,london,1292.3415,,5.003,0.68
2017-12-28 10:30:00+00:00,1,433,stop_too_wide,london,1292.356,,5.007,0.66
2017-12-28 11:00:00+00:00,1,433,stop_too_wide,london,1292.5885,,5.232,0.645
2017-12-28 13:45:00+00:00,1,433,stop_too_wide,overlap,1292.456,,5.265,0.975
2017-12-28 15:15:00+00:00,1,433,stop_too_wide,overlap,1292.974,,5.876,1.162
2018-01-09 01:15:00+00:00,1,473,out_of_session,off,1317.0700000000002,,,
2018-01-10 10:00:00+00:00,1,473,stop_too_wide,london,1316.92,,4.865,1.194
2018-01-10 12:00:00+00:00,1,470,stop_too_wide,london,1324.702,,10.135,2.037
2018-01-11 07:45:00+00:00,1,473,out_of_session,off,1316.815,,,
2018-01-12 00:00:00+00:00,1,470,out_of_session,off,1324.244,,,
2018-01-12 07:00:00+00:00,1,472,out_of_session,off,1329.186,,,
2018-01-12 08:45:00+00:00,1,472,stop_too_wide,london,1329.77,,5.588,1.07
2018-01-18 00:00:00+00:00,1,472,out_of_session,off,1329.5320000000002,,,
2018-01-18 10:15:00+00:00,1,472,stop_too_wide,london,1329.2235,,5.08,1.148
2018-01-18 10:30:00+00:00,1,472,stop_too_wide,london,1329.9560000000001,,5.813,1.15
2018-01-18 13:45:00+00:00,1,472,stop_too_wide,overlap,1330.1309999999999,,6.084,1.34
2018-01-19 01:30:00+00:00,1,472,out_of_session,off,1330.0149999999999,,,
2018-01-22 07:00:00+00:00,1,472,out_of_session,off,1329.8015,,,
2018-01-24 08:00:00+00:00,1,474,stop_too_wide,london,1346.4565,,5.665,1.147
2018-01-24 08:30:00+00:00,1,474,stop_too_wide,london,1346.38,,4.434,1.099
2018-01-25 23:45:00+00:00,1,474,out_of_session,off,1346.85,,,
2018-02-01 00:00:00+00:00,1,474,out_of_session,off,1346.7150000000001,,,
2018-02-12 07:45:00+00:00,-1,477,out_of_session,off,1321.615,,,
2018-02-12 19:45:00+00:00,-1,477,stop_too_wide,newyork,1322.6015,,7.233,1.475
2018-02-12 20:45:00+00:00,-1,477,stop_too_wide,newyork,1321.3865,,8.449,1.478
2018-02-12 23:45:00+00:00,-1,477,out_of_session,off,1322.615,,,
2018-03-05 00:45:00+00:00,-1,489,out_of_session,off,1324.1864999999998,,,
2018-03-05 12:15:00+00:00,-1,477,stop_too_wide,london,1322.853,,6.317,0.998
2018-03-05 12:15:00+00:00,-1,489,stop_too_wide,london,1322.853,,5.745,0.998
2018-03-05 13:30:00+00:00,-1,477,stop_too_wide,overlap,1322.116,,7.03,0.951
2018-03-06 05:00:00+00:00,-1,477,out_of_session,off,1322.9485,,,
2018-03-06 05:45:00+00:00,-1,477,out_of_session,off,1323.136,,,
2018-03-06 06:15:00+00:00,-1,489,out_of_session,off,1323.5385,,,
2018-03-06 09:15:00+00:00,-1,477,stop_too_wide,london,1323.0,,6.099,0.857
2018-03-08 14:45:00+00:00,-1,477,stop_too_wide,overlap,1322.17,,7.192,1.384
2018-03-08 23:15:00+00:00,-1,487,out_of_session,off,1321.257,,,
2018-03-09 13:30:00+00:00,-1,485,stop_too_wide,overlap,1314.465,,8.481,1.596
2018-03-09 18:30:00+00:00,-1,477,stop_too_wide,newyork,1322.0365000000002,,7.535,1.803
2018-03-09 20:00:00+00:00,-1,477,stop_too_wide,newyork,1322.5535,,6.894,1.555
2018-03-12 00:00:00+00:00,-1,477,out_of_session,off,1323.0045,,,
2018-03-12 05:45:00+00:00,-1,477,out_of_session,off,1322.7285,,,
2018-03-12 06:45:00+00:00,-1,477,out_of_session,off,1322.7915,,,
2018-03-12 07:00:00+00:00,-1,477,out_of_session,off,1322.2685,,,
2018-03-12 08:15:00+00:00,-1,487,stop_too_wide,london,1320.8585,,3.547,0.884
2018-03-12 11:15:00+00:00,-1,485,stop_too_wide,london,1316.0500000000002,,6.614,1.031
2018-03-12 19:30:00+00:00,-1,477,stop_too_wide,newyork,1322.9385,,6.293,1.123
2018-03-12 20:00:00+00:00,-1,489,stop_too_wide,newyork,1323.4099999999999,,7.327,1.101
2018-03-12 20:30:00+00:00,-1,477,stop_too_wide,newyork,1323.1264999999999,,6.044,1.0
2018-03-29 06:30:00+00:00,-1,489,out_of_session,off,1323.7785,,,
2018-03-29 06:45:00+00:00,-1,489,out_of_session,off,1323.1965,,,
2018-03-29 09:15:00+00:00,-1,489,stop_too_wide,london,1324.115,,6.593,1.012
2018-03-29 09:30:00+00:00,-1,489,stop_too_wide,london,1323.5010000000002,,7.207,1.012
2018-03-29 12:15:00+00:00,-1,489,stop_too_wide,overlap,1323.87,,6.866,1.069
2018-03-29 13:45:00+00:00,-1,477,stop_too_wide,overlap,1322.815,,6.738,1.366
2018-03-29 13:45:00+00:00,-1,489,stop_too_wide,overlap,1322.815,,8.07,1.366
2018-03-29 15:15:00+00:00,-1,477,stop_too_wide,overlap,1322.3095,,7.269,1.416
2018-03-29 16:30:00+00:00,-1,477,stop_too_wide,newyork,1322.8110000000001,,6.703,1.288
2018-03-29 18:15:00+00:00,-1,489,stop_too_wide,newyork,1323.745,,7.057,1.2
2018-04-03 15:15:00+00:00,1,489,stop_too_wide,overlap,1331.1135,,7.755,1.543
2018-04-18 22:00:00+00:00,1,507,out_of_session,off,1349.933,,,
2018-04-19 02:30:00+00:00,1,507,out_of_session,off,1350.066,,,
2018-04-19 03:00:00+00:00,1,503,out_of_session,off,1352.9815,,,
2018-04-19 04:00:00+00:00,1,503,out_of_session,off,1352.76,,,
2018-04-19 11:45:00+00:00,1,507,stop_too_wide,london,1350.681,,7.827,1.478
2018-04-19 12:15:00+00:00,1,507,stop_too_wide,overlap,1349.844,,7.091,1.68
2018-04-19 12:30:00+00:00,1,507,stop_too_wide,overlap,1350.1015,,7.41,1.803
2018-04-30 02:45:00+00:00,-1,477,out_of_session,off,1322.2715,,,
2018-04-30 06:00:00+00:00,-1,498,out_of_session,off,1319.045,,,
2018-04-30 10:15:00+00:00,-1,485,stop_too_wide,london,1316.474,,6.349,0.979
2018-04-30 11:00:00+00:00,-1,485,stop_too_wide,london,1314.5635000000002,,8.316,1.092
2018-04-30 11:30:00+00:00,-1,513,stop_too_wide,london,1313.2649999999999,,4.923,1.085
2018-04-30 19:45:00+00:00,-1,485,stop_too_wide,newyork,1314.585,,8.478,1.459
2018-05-01 01:15:00+00:00,-1,513,out_of_session,off,1313.5515,,,
2018-05-03 08:45:00+00:00,-1,516,stop_too_wide,london,1310.3719999999998,,4.852,1.189
2018-05-03 12:15:00+00:00,-1,485,stop_too_wide,overlap,1315.996,,7.092,1.509
2018-05-03 12:30:00+00:00,-1,485,stop_too_wide,overlap,1315.8564999999999,,7.251,1.548
2018-05-04 02:30:00+00:00,-1,513,out_of_session,off,1313.683,,,
2018-05-04 07:00:00+00:00,-1,516,stop_too_wide,london,1310.195,,4.861,0.853
2018-05-04 07:45:00+00:00,-1,516,stop_too_wide,london,1310.3165,,4.797,0.968
2018-05-04 08:00:00+00:00,-1,516,stop_too_wide,london,1310.135,,4.985,0.98
2018-05-04 12:00:00+00:00,-1,516,stop_too_wide,overlap,1310.845,,4.217,0.865
2018-05-07 22:30:00+00:00,-1,513,out_of_session,off,1314.1689999999999,,,
2018-05-08 01:30:00+00:00,-1,513,out_of_session,off,1313.055,,,
2018-05-08 06:45:00+00:00,-1,513,out_of_session,off,1313.1864999999998,,,
2018-05-08 09:15:00+00:00,-1,516,stop_too_wide,london,1309.9785,,5.489,1.182
2018-05-08 12:00:00+00:00,-1,516,stop_too_wide,overlap,1310.1644999999999,,5.08,1.23
2018-05-08 12:45:00+00:00,-1,516,stop_too_wide,overlap,1310.0165000000002,,5.25,1.274
2018-05-08 13:30:00+00:00,-1,514,stop_too_wide,overlap,1306.5485,,6.238,1.4
2018-05-08 18:15:00+00:00,-1,485,stop_too_wide,newyork,1314.2585,,9.108,2.065
2018-05-09 05:00:00+00:00,-1,516,out_of_session,off,1310.3400000000001,,,
2018-05-09 06:00:00+00:00,-1,514,out_of_session,off,1309.2085,,,
2018-05-09 06:00:00+00:00,-1,516,out_of_session,off,1309.2085,,,
2018-05-09 14:45:00+00:00,-1,485,stop_too_wide,overlap,1315.6245,,7.547,1.677
2018-05-29 09:45:00+00:00,-1,519,stop_too_wide,london,1303.005,,7.024,1.674
2018-05-30 13:15:00+00:00,-1,515,stop_too_wide,overlap,1300.3585,,5.907,1.386
2018-07-03 19:30:00+00:00,-1,541,stop_too_wide,newyork,1252.94,,4.132,0.971
2018-07-05 07:45:00+00:00,-1,541,stop_too_wide,london,1253.3845000000001,,4.569,0.994
2018-07-05 09:00:00+00:00,-1,541,stop_too_wide,london,1253.074,,3.969,0.913
2018-07-10 08:45:00+00:00,-1,541,stop_too_wide,london,1252.6745,,5.348,1.054
2018-07-10 09:30:00+00:00,-1,541,stop_too_wide,london,1253.375,,4.08,1.009
2018-07-10 10:30:00+00:00,-1,541,stop_too_wide,london,1252.9295,,4.122,0.93
2018-07-10 11:00:00+00:00,-1,544,stop_too_wide,london,1248.4445,,6.022,1.157
2018-07-11 00:45:00+00:00,-1,541,out_of_session,off,1253.4585,,,
2018-07-11 01:00:00+00:00,-1,544,out_of_session,off,1249.9099999999999,,,
2018-07-11 01:30:00+00:00,-1,544,out_of_session,off,1250.0305,,,
2018-07-11 08:15:00+00:00,-1,541,stop_too_wide,london,1252.7945,,4.271,0.959
2018-07-11 09:45:00+00:00,-1,544,stop_too_wide,london,1249.9989999999998,,4.371,0.965
2018-07-11 11:30:00+00:00,-1,544,stop_too_wide,london,1249.3485,,5.01,0.94
2018-07-11 14:45:00+00:00,-1,544,stop_too_wide,overlap,1249.105,,5.38,1.194
2018-07-26 08:15:00+00:00,-1,551,stop_too_wide,london,1227.025,,4.177,1.038
2018-08-03 14:45:00+00:00,-1,550,stop_too_wide,overlap,1218.891,,6.37,1.484
2018-08-06 02:45:00+00:00,-1,554,out_of_session,off,1216.176,,,
2018-08-07 07:15:00+00:00,-1,556,stop_too_wide,london,1211.775,,5.577,0.915
2018-08-07 13:00:00+00:00,-1,556,stop_too_wide,overlap,1212.915,,4.451,0.944
2018-08-07 13:30:00+00:00,-1,556,stop_too_wide,overlap,1211.904,,5.49,1.001
2018-08-07 14:00:00+00:00,-1,556,stop_too_wide,overlap,1211.745,,5.68,1.063
2018-08-07 15:45:00+00:00,-1,556,stop_too_wide,newyork,1212.5205,,4.885,1.024
2018-08-08 00:00:00+00:00,-1,556,out_of_session,off,1212.2165,,,
2018-08-08 02:00:00+00:00,-1,556,out_of_session,off,1212.705,,,
2018-08-08 06:00:00+00:00,-1,556,out_of_session,off,1212.88,,,
2018-08-09 01:15:00+00:00,-1,559,out_of_session,off,1213.935,,,
2018-08-09 03:15:00+00:00,-1,559,out_of_session,off,1214.3305,,,
2018-08-09 04:45:00+00:00,-1,559,out_of_session,off,1214.4305,,,
2018-08-09 06:30:00+00:00,-1,559,out_of_session,off,1214.2865000000002,,,
2018-08-09 07:15:00+00:00,-1,556,stop_too_wide,london,1212.1399999999999,,5.258,1.007
2018-08-09 12:30:00+00:00,-1,554,stop_too_wide,overlap,1215.4295,,5.193,1.059
2018-08-09 16:00:00+00:00,-1,556,stop_too_wide,newyork,1212.8395,,4.593,1.078
2018-08-09 16:45:00+00:00,-1,556,stop_too_wide,newyork,1212.85,,4.578,1.067
2018-08-12 22:45:00+00:00,-1,556,out_of_session,off,1212.6115,,,
2018-08-12 23:30:00+00:00,-1,556,out_of_session,off,1212.5349999999999,,,
2018-08-13 09:45:00+00:00,-1,557,stop_too_wide,london,1202.018,,6.216,1.273
2018-09-10 00:15:00+00:00,-1,573,out_of_session,off,1194.7035,,,
2018-09-10 01:45:00+00:00,-1,573,out_of_session,off,1194.3000000000002,,,
2018-09-10 02:45:00+00:00,-1,573,out_of_session,off,1194.545,,,
2018-09-10 03:30:00+00:00,-1,573,out_of_session,off,1194.5835000000002,,,
2018-09-10 03:45:00+00:00,-1,573,out_of_session,off,1194.4655,,,
2018-09-10 10:15:00+00:00,-1,573,stop_too_wide,london,1193.4135,,4.554,1.098
2018-09-11 00:45:00+00:00,-1,573,out_of_session,off,1194.3115,,,
2018-09-11 01:30:00+00:00,-1,573,out_of_session,off,1193.9755,,,
2018-09-11 09:00:00+00:00,-1,573,stop_too_wide,london,1194.0635000000002,,3.796,0.881
2018-09-11 11:45:00+00:00,-1,573,stop_too_wide,london,1194.3045000000002,,3.513,0.797
2018-09-11 12:30:00+00:00,-1,561,stop_too_wide,overlap,1188.73,,6.955,1.24
2018-09-11 23:45:00+00:00,-1,562,out_of_session,off,1197.0745000000002,,,
2018-09-12 00:30:00+00:00,-1,562,out_of_session,off,1197.35,,,
2018-09-12 01:45:00+00:00,-1,573,out_of_session,off,1194.5700000000002,,,
2018-09-12 06:45:00+00:00,-1,573,out_of_session,off,1193.46,,,
2018-09-25 01:45:00+00:00,-1,572,out_of_session,off,1198.465,,,
2018-09-25 02:00:00+00:00,-1,562,out_of_session,off,1197.51,,,
2018-09-25 03:45:00+00:00,-1,572,out_of_session,off,1198.465,,,
2018-09-25 10:45:00+00:00,-1,571,stop_too_wide,london,1200.15,,4.378,0.798
2018-09-26 08:30:00+00:00,-1,571,stop_too_wide,london,1199.51,,5.012,0.787
2018-09-26 09:30:00+00:00,-1,572,stop_too_wide,london,1198.315,,3.401,0.764
2018-09-26 10:15:00+00:00,-1,572,stop_too_wide,london,1198.5295,,3.192,0.775
2018-09-26 11:15:00+00:00,-1,572,stop_too_wide,london,1197.725,,4.013,0.807
2018-09-26 12:00:00+00:00,-1,562,stop_too_wide,overlap,1197.2805,,3.61,0.828
2018-09-26 17:15:00+00:00,-1,562,stop_too_wide,newyork,1194.9,,6.226,1.3
2018-09-26 18:30:00+00:00,-1,573,stop_too_wide,newyork,1191.8000000000002,,9.495,2.011
2018-09-27 02:45:00+00:00,-1,562,out_of_session,off,1197.415,,,
2018-09-27 05:00:00+00:00,-1,562,out_of_session,off,1197.0,,,
2018-09-27 12:30:00+00:00,-1,561,stop_too_wide,overlap,1187.868,,8.653,1.218
2018-09-27 13:00:00+00:00,-1,567,stop_too_wide,overlap,1184.5835000000002,,11.447,1.41
2018-09-27 14:30:00+00:00,-1,567,stop_too_wide,overlap,1184.719,,6.798,1.681
2018-09-28 13:15:00+00:00,-1,567,stop_too_wide,overlap,1185.295,,5.964,1.166
2018-10-01 01:00:00+00:00,-1,561,out_of_session,off,1189.02,,,
2018-10-01 02:30:00+00:00,-1,561,out_of_session,off,1189.075,,,
2018-10-01 07:00:00+00:00,-1,567,stop_too_wide,london,1186.1399999999999,,4.971,0.868
2018-10-01 08:15:00+00:00,-1,567,stop_too_wide,london,1186.494,,4.636,0.907
2018-10-01 10:45:00+00:00,-1,567,stop_too_wide,london,1186.3200000000002,,4.836,0.959
2018-10-01 13:00:00+00:00,-1,561,stop_too_wide,overlap,1187.7444999999998,,7.434,1.464
2018-10-01 16:45:00+00:00,-1,561,stop_too_wide,newyork,1188.975,,6.188,1.432
2018-10-01 19:15:00+00:00,-1,561,stop_too_wide,newyork,1189.585,,5.403,1.083
2018-10-01 19:45:00+00:00,-1,561,stop_too_wide,newyork,1189.5765000000001,,5.367,0.993
2018-10-01 20:00:00+00:00,-1,561,stop_too_wide,newyork,1189.4650000000001,,5.463,0.962
2018-10-01 23:30:00+00:00,-1,561,out_of_session,off,1189.3705,,,
2018-10-02 06:45:00+00:00,-1,573,out_of_session,off,1192.98,,,
2018-10-02 07:45:00+00:00,-1,573,stop_too_wide,london,1193.165,,5.424,1.025
2018-10-02 08:45:00+00:00,-1,573,stop_too_wide,london,1193.2385,,5.368,1.06
2018-10-02 10:15:00+00:00,-1,577,stop_too_wide,london,1190.6345000000001,,4.743,1.05
2018-10-08 12:00:00+00:00,-1,573,stop_too_wide,overlap,1189.9585,,8.902,1.068
2018-10-08 12:00:00+00:00,-1,577,stop_too_wide,overlap,1189.9585,,5.427,1.068
2018-10-08 12:15:00+00:00,-1,561,stop_too_wide,overlap,1187.5684999999999,,7.675,1.248
2018-10-08 12:30:00+00:00,-1,567,stop_too_wide,overlap,1185.423,,9.879,1.364
2018-10-08 13:15:00+00:00,-1,567,stop_too_wide,overlap,1186.4085,,8.941,1.459
2018-10-08 13:45:00+00:00,-1,567,stop_too_wide,overlap,1186.225,,8.917,1.488
2018-10-08 14:15:00+00:00,-1,561,stop_too_wide,overlap,1186.6015,,8.723,1.756
2018-10-09 05:00:00+00:00,-1,577,out_of_session,off,1191.03,,,
2018-10-09 05:45:00+00:00,-1,577,out_of_session,off,1190.85,,,
2018-10-09 07:15:00+00:00,-1,561,stop_too_wide,london,1188.8600000000001,,5.993,0.812
2018-10-09 08:15:00+00:00,-1,561,stop_too_wide,london,1189.3795,,5.489,0.843
2018-10-09 09:00:00+00:00,-1,561,stop_too_wide,london,1189.089,,5.798,0.881
2018-10-09 10:15:00+00:00,-1,567,stop_too_wide,london,1186.44,,4.684,0.895
2018-10-09 11:00:00+00:00,-1,567,stop_too_wide,london,1186.1855,,4.932,0.881
2018-10-09 12:30:00+00:00,-1,567,stop_too_wide,overlap,1185.6985,,5.521,1.086
2018-10-09 13:30:00+00:00,-1,567,stop_too_wide,overlap,1185.51,,5.78,1.226
2018-10-09 15:45:00+00:00,-1,561,stop_too_wide,newyork,1189.24,,5.901,1.388
2018-10-09 16:00:00+00:00,-1,561,stop_too_wide,newyork,1188.1644999999999,,6.99,1.416
2018-10-09 22:30:00+00:00,-1,561,out_of_session,off,1189.404,,,
2018-10-10 01:15:00+00:00,-1,577,out_of_session,off,1190.109,,,
2018-10-10 03:30:00+00:00,-1,561,out_of_session,off,1189.405,,,
2018-10-10 06:30:00+00:00,-1,561,out_of_session,off,1189.635,,,
2018-10-10 07:00:00+00:00,-1,577,stop_too_wide,london,1189.834,,5.607,0.838
2018-10-10 07:15:00+00:00,-1,561,stop_too_wide,london,1189.1205,,5.744,0.835
2018-10-10 14:00:00+00:00,-1,561,stop_too_wide,overlap,1188.456,,6.68,1.377
2018-10-10 17:00:00+00:00,-1,577,stop_too_wide,newyork,1189.947,,5.59,1.191
2018-10-10 17:30:00+00:00,-1,561,stop_too_wide,newyork,1189.3465,,5.69,1.179
2018-10-10 17:30:00+00:00,-1,577,stop_too_wide,newyork,1189.3465,,6.185,1.179
2018-10-10 19:45:00+00:00,-1,573,stop_too_wide,newyork,1193.0555,,5.899,1.257
2018-10-22 12:00:00+00:00,1,583,stop_too_wide,overlap,1222.7715,,5.644,0.927
2018-10-22 13:45:00+00:00,1,583,stop_too_wide,overlap,1222.214,,5.233,1.221
2018-10-22 16:15:00+00:00,1,583,stop_too_wide,newyork,1222.1399999999999,,5.104,1.111
2018-10-22 17:30:00+00:00,1,583,stop_too_wide,newyork,1222.185,,5.077,0.967
2018-10-22 19:00:00+00:00,1,583,stop_too_wide,newyork,1222.3290000000002,,5.189,0.903
2018-10-22 23:00:00+00:00,1,583,out_of_session,off,1222.225,,,
2018-10-26 03:15:00+00:00,1,584,out_of_session,off,1232.4415,,,
2018-10-26 05:30:00+00:00,1,584,out_of_session,off,1232.518,,,
2018-10-26 07:00:00+00:00,1,584,stop_too_wide,london,1233.9615,,5.854,0.968
2018-10-26 07:15:00+00:00,1,582,stop_too_wide,london,1234.701,,3.992,0.978
2018-10-26 07:30:00+00:00,1,582,stop_too_wide,london,1235.1565,,4.47,1.023
2018-10-28 22:00:00+00:00,1,582,out_of_session,off,1234.9189999999999,,,
2018-10-29 01:30:00+00:00,1,582,out_of_session,off,1234.7935,,,
2018-10-29 02:45:00+00:00,1,582,out_of_session,off,1234.649,,,
2018-11-02 01:45:00+00:00,1,584,out_of_session,off,1232.0865,,,
2018-11-02 02:45:00+00:00,1,584,out_of_session,off,1232.5515,,,
2018-11-02 04:45:00+00:00,1,584,out_of_session,off,1233.165,,,
2018-11-02 06:30:00+00:00,1,584,out_of_session,off,1232.9185,,,
2018-11-28 12:00:00+00:00,-1,596,stop_too_wide,london,1214.0285,,4.064,0.862
2018-12-12 08:00:00+00:00,1,603,stop_too_wide,london,1243.5265,,3.655,0.705
2018-12-19 14:30:00+00:00,1,602,stop_too_wide,overlap,1254.5435,,7.853,1.119
2018-12-20 09:15:00+00:00,1,602,stop_too_wide,london,1253.045,,5.97,1.172
2019-01-02 05:30:00+00:00,1,611,out_of_session,off,1286.045,,,
2019-01-02 05:45:00+00:00,1,611,out_of_session,off,1286.3215,,,
2019-01-02 07:45:00+00:00,1,611,out_of_session,off,1285.5749999999998,,,
2019-01-02 08:30:00+00:00,1,611,stop_too_wide,london,1287.9415,,7.379,1.204
2019-01-02 12:45:00+00:00,1,611,stop_too_wide,london,1285.6035,,4.986,1.093
2019-01-02 13:15:00+00:00,1,611,stop_too_wide,overlap,1286.835,,6.283,1.225
2019-01-02 15:30:00+00:00,1,611,stop_too_wide,overlap,1286.9814999999999,,6.636,1.637
2019-01-04 16:45:00+00:00,1,611,stop_too_wide,newyork,1285.6265,,9.636,2.106
2019-01-04 21:45:00+00:00,1,611,stop_too_wide,newyork,1285.31,,4.712,1.133
2019-01-08 13:15:00+00:00,1,612,stop_too_wide,overlap,1280.8735,,5.92,1.015
2019-01-08 17:30:00+00:00,1,611,stop_too_wide,newyork,1286.415,,5.903,1.304
2019-01-08 18:30:00+00:00,1,611,stop_too_wide,newyork,1285.6665,,5.132,1.26
2019-01-08 19:30:00+00:00,1,611,stop_too_wide,newyork,1285.2085000000002,,4.606,1.123
2019-01-08 20:45:00+00:00,1,611,stop_too_wide,newyork,1285.3815,,4.707,0.979
2019-01-08 23:45:00+00:00,1,611,out_of_session,off,1285.2285000000002,,,
2019-01-09 10:45:00+00:00,1,612,stop_too_wide,london,1280.9165,,5.741,0.884
2019-01-11 20:15:00+00:00,1,613,stop_too_wide,newyork,1287.56,,4.405,0.847
2019-02-13 01:00:00+00:00,1,623,out_of_session,off,1310.95,,,
2019-02-13 11:45:00+00:00,1,623,stop_too_wide,london,1311.1535,,4.501,0.736
2019-02-13 13:30:00+00:00,1,623,stop_too_wide,overlap,1310.6215000000002,,4.056,0.912
2019-02-15 11:00:00+00:00,1,627,stop_too_wide,london,1318.7065,,5.182,0.854
2019-02-15 12:45:00+00:00,1,627,stop_too_wide,london,1317.9615,,4.492,0.964
2019-02-25 00:00:00+00:00,1,624,out_of_session,off,1328.6685,,,
2019-02-25 00:30:00+00:00,1,624,out_of_session,off,1328.7085000000002,,,
2019-02-25 00:45:00+00:00,1,624,out_of_session,off,1329.705,,,
2019-02-25 09:45:00+00:00,1,624,stop_too_wide,london,1329.5715,,4.493,0.869
2019-02-25 13:30:00+00:00,1,624,stop_too_wide,overlap,1330.4965,,5.904,1.311
2019-02-26 02:30:00+00:00,1,624,out_of_session,off,1329.1665,,,
2019-02-26 06:00:00+00:00,1,624,out_of_session,off,1328.6235,,,
2019-02-27 02:30:00+00:00,1,624,out_of_session,off,1329.255,,,
2019-02-28 13:00:00+00:00,1,631,stop_too_wide,overlap,1325.5435,,5.969,1.03
2019-03-12 19:15:00+00:00,-1,628,stop_too_wide,newyork,1300.9,,5.724,0.988
2019-04-10 02:45:00+00:00,1,640,out_of_session,off,1302.2885,,,
2019-04-10 03:15:00+00:00,1,640,out_of_session,off,1302.2565,,,
2019-04-10 15:00:00+00:00,1,643,stop_too_wide,overlap,1308.0715,,6.409,1.294
2019-04-11 00:45:00+00:00,1,643,out_of_session,off,1307.8535,,,
2019-04-11 05:00:00+00:00,1,643,out_of_session,off,1307.51,,,
2019-04-11 05:30:00+00:00,1,643,out_of_session,off,1307.935,,,
2019-04-25 07:15:00+00:00,-1,659,stop_too_wide,london,1277.51,,3.657,0.857
2019-04-25 09:30:00+00:00,-1,659,stop_too_wide,london,1276.7915,,4.383,0.874
2019-04-25 10:30:00+00:00,-1,659,stop_too_wide,london,1277.43,,3.724,0.833
2019-04-25 18:30:00+00:00,-1,659,stop_too_wide,newyork,1276.9785000000002,,4.283,1.046
2019-04-25 19:45:00+00:00,-1,659,stop_too_wide,newyork,1277.38,,3.812,0.907
2019-04-25 22:30:00+00:00,-1,659,out_of_session,off,1277.6385,,,
2019-04-26 03:15:00+00:00,-1,654,out_of_session,off,1280.045,,,
2019-04-26 03:30:00+00:00,-1,654,out_of_session,off,1279.94,,,
2019-04-29 19:45:00+00:00,-1,654,stop_too_wide,newyork,1280.0,,3.785,0.717
2019-05-16 13:00:00+00:00,1,657,stop_too_wide,overlap,1292.6915,,5.946,1.239
2019-05-28 23:45:00+00:00,-1,654,out_of_session,off,1280.0014999999999,,,
2019-05-29 01:45:00+00:00,-1,654,out_of_session,off,1280.065,,,
2019-05-29 03:00:00+00:00,-1,654,out_of_session,off,1280.1265,,,
2019-05-29 22:00:00+00:00,-1,654,out_of_session,off,1279.6734999999999,,,
2019-05-29 23:45:00+00:00,-1,654,out_of_session,off,1279.9485,,,
2019-06-13 19:45:00+00:00,1,678,stop_too_wide,newyork,1341.335,,4.617,1.089
2019-06-17 01:15:00+00:00,1,678,out_of_session,off,1341.0749999999998,,,
2019-06-17 02:30:00+00:00,1,678,out_of_session,off,1341.3335,,,
2019-06-18 01:45:00+00:00,1,678,out_of_session,off,1341.9915,,,
2019-06-18 02:30:00+00:00,1,678,out_of_session,off,1341.92,,,
2019-06-18 03:30:00+00:00,1,678,out_of_session,off,1341.49,,,
2019-07-11 17:45:00+00:00,1,689,stop_too_wide,newyork,1405.6535,,10.445,2.424
2019-07-11 22:00:00+00:00,1,689,out_of_session,off,1405.1999999999998,,,
2019-07-23 19:45:00+00:00,1,691,stop_too_wide,newyork,1417.29,,10.008,1.732
2019-07-24 06:30:00+00:00,1,695,out_of_session,off,1422.21,,,
2019-07-24 07:15:00+00:00,1,695,stop_too_wide,london,1423.1100000000001,,6.867,1.166
2019-07-24 17:15:00+00:00,1,695,stop_too_wide,newyork,1423.3265,,7.324,1.647
2019-07-25 14:15:00+00:00,1,691,stop_too_wide,overlap,1419.7635,,12.619,2.951
2019-07-25 15:15:00+00:00,1,691,stop_too_wide,overlap,1418.935,,11.756,2.88
2019-09-12 12:00:00+00:00,1,703,stop_too_wide,overlap,1516.7815,,16.283,2.32
2019-10-15 10:30:00+00:00,-1,718,stop_too_wide,london,1496.72,,6.58,1.502
2019-10-15 14:00:00+00:00,-1,704,stop_too_wide,overlap,1483.5985,,15.454,2.116
2019-10-15 14:30:00+00:00,-1,717,stop_too_wide,overlap,1479.0635,,16.399,2.483
2019-10-15 18:30:00+00:00,-1,717,stop_too_wide,newyork,1481.2385,,8.598,1.715
2019-10-15 19:00:00+00:00,-1,717,stop_too_wide,newyork,1481.2185,,8.581,1.642
2019-10-15 19:15:00+00:00,-1,717,stop_too_wide,newyork,1480.8885,,8.878,1.576
2019-10-15 19:30:00+00:00,-1,717,stop_too_wide,newyork,1480.5,,9.249,1.541
2019-10-15 20:00:00+00:00,-1,717,stop_too_wide,newyork,1481.0515,,8.649,1.444
2019-10-15 20:45:00+00:00,-1,717,stop_too_wide,newyork,1481.06,,8.564,1.291
2019-10-15 22:15:00+00:00,-1,717,out_of_session,off,1480.76,,,
2019-10-16 06:00:00+00:00,-1,717,out_of_session,off,1480.78,,,
2019-10-16 07:45:00+00:00,-1,704,stop_too_wide,london,1483.4915,,15.297,1.588
2019-10-16 11:00:00+00:00,-1,717,stop_too_wide,london,1480.9050000000002,,8.867,1.587
2019-10-16 12:00:00+00:00,-1,717,stop_too_wide,overlap,1480.2150000000001,,9.626,1.726
2019-10-16 13:30:00+00:00,-1,704,stop_too_wide,overlap,1484.63,,14.749,2.77
2019-10-16 14:00:00+00:00,-1,704,stop_too_wide,overlap,1485.0765000000001,,14.268,2.7
2019-10-17 10:00:00+00:00,-1,704,stop_too_wide,london,1484.895,,13.941,1.683
2019-10-31 01:30:00+00:00,1,704,out_of_session,off,1499.0865,,,
2019-10-31 02:30:00+00:00,1,704,out_of_session,off,1498.2865,,,
2019-10-31 03:45:00+00:00,1,704,out_of_session,off,1498.3415,,,
2019-10-31 05:45:00+00:00,1,704,out_of_session,off,1498.32,,,
2019-10-31 06:15:00+00:00,1,704,out_of_session,off,1498.0149999999999,,,
2019-10-31 07:45:00+00:00,1,722,out_of_session,off,1500.3265000000001,,,
2019-10-31 08:00:00+00:00,1,722,stop_too_wide,london,1500.56,,7.575,1.016
2019-10-31 08:45:00+00:00,1,722,stop_too_wide,london,1500.89,,7.925,1.055
2019-10-31 09:00:00+00:00,1,718,stop_too_wide,london,1503.5349999999999,,5.841,1.213
2019-10-31 12:30:00+00:00,1,710,stop_too_wide,overlap,1508.93,,10.892,1.536
2019-10-31 13:30:00+00:00,1,710,stop_too_wide,overlap,1510.0135,,12.103,1.791
2019-11-01 12:45:00+00:00,1,710,stop_too_wide,overlap,1507.9765,,10.023,1.705
2019-11-01 17:15:00+00:00,1,710,stop_too_wide,newyork,1509.3984999999998,,11.629,2.073
2019-11-04 17:00:00+00:00,1,710,stop_too_wide,newyork,1508.2714999999998,,10.369,1.806
2019-11-04 19:00:00+00:00,1,710,stop_too_wide,newyork,1507.7235,,9.636,1.437
2019-11-04 19:45:00+00:00,1,710,stop_too_wide,newyork,1508.3600000000001,,10.242,1.376
2019-11-18 09:45:00+00:00,-1,729,stop_too_wide,london,1458.5285,,5.798,1.232
2019-11-18 12:00:00+00:00,-1,729,stop_too_wide,london,1458.8215,,5.46,1.145
2019-11-29 13:00:00+00:00,-1,731,stop_too_wide,overlap,1453.6934999999999,,4.479,0.842
2019-12-02 07:00:00+00:00,-1,729,out_of_session,off,1459.0684999999999,,,
2019-12-02 07:30:00+00:00,-1,729,out_of_session,off,1458.615,,,
2019-12-02 08:30:00+00:00,-1,731,stop_too_wide,london,1454.67,,6.333,1.033
2019-12-02 13:45:00+00:00,-1,729,stop_too_wide,overlap,1458.7435,,5.677,1.287
2019-12-02 14:00:00+00:00,-1,729,stop_too_wide,overlap,1458.4285,,6.002,1.307
2019-12-02 14:45:00+00:00,-1,729,stop_too_wide,overlap,1458.3985,,6.076,1.396
2019-12-12 10:00:00+00:00,1,741,stop_too_wide,london,1474.335,,4.316,0.785
2019-12-12 10:15:00+00:00,1,741,stop_too_wide,london,1474.635,,4.645,0.843
2019-12-12 13:00:00+00:00,1,730,stop_too_wide,overlap,1477.7015000000001,,6.558,1.02
2019-12-12 13:30:00+00:00,1,736,stop_too_wide,overlap,1483.0465,,9.551,1.331
2019-12-12 14:00:00+00:00,1,740,stop_too_wide,overlap,1485.9615,,12.583,1.567
2019-12-12 23:15:00+00:00,1,729,out_of_session,off,1464.55,,,
2019-12-16 00:00:00+00:00,1,741,out_of_session,off,1474.4965,,,
2019-12-16 00:15:00+00:00,1,741,out_of_session,off,1474.585,,,
2019-12-16 00:45:00+00:00,1,741,out_of_session,off,1474.4050000000002,,,
2019-12-16 01:45:00+00:00,1,741,out_of_session,off,1474.4135,,,
2019-12-16 06:30:00+00:00,1,730,out_of_session,off,1477.865,,,
2019-12-16 09:45:00+00:00,1,730,stop_too_wide,london,1477.5715,,6.45,1.063
2019-12-16 12:30:00+00:00,1,730,stop_too_wide,london,1477.29,,6.073,0.872
2019-12-16 12:45:00+00:00,1,730,stop_too_wide,london,1477.59,,6.37,0.867
2019-12-17 04:15:00+00:00,1,730,out_of_session,off,1477.1100000000001,,,
2019-12-17 04:30:00+00:00,1,730,out_of_session,off,1477.4434999999999,,,
2019-12-17 06:00:00+00:00,1,730,out_of_session,off,1477.5815,,,
2019-12-17 06:45:00+00:00,1,730,out_of_session,off,1477.3715,,,
2019-12-17 08:00:00+00:00,1,730,stop_too_wide,london,1477.9115000000002,,6.646,0.775
2019-12-17 14:30:00+00:00,1,730,stop_too_wide,overlap,1477.4985000000001,,6.362,1.034
2019-12-17 15:15:00+00:00,1,741,stop_too_wide,overlap,1475.9185,,6.047,1.122
2019-12-17 15:45:00+00:00,1,741,stop_too_wide,overlap,1475.8735000000001,,6.022,1.162
2019-12-17 16:30:00+00:00,1,730,stop_too_wide,newyork,1477.2150000000001,,6.133,1.142
2019-12-17 17:30:00+00:00,1,730,stop_too_wide,newyork,1477.3885,,6.338,1.206
2019-12-18 04:45:00+00:00,1,730,out_of_session,off,1477.15,,,
2019-12-18 05:45:00+00:00,1,730,out_of_session,off,1477.1084999999998,,,
2019-12-18 07:30:00+00:00,1,730,out_of_session,off,1477.38,,,
2019-12-18 08:30:00+00:00,1,730,stop_too_wide,london,1477.6064999999999,,6.265,0.624
2019-12-18 15:15:00+00:00,1,741,stop_too_wide,overlap,1475.7335,,5.943,1.456
2019-12-18 15:30:00+00:00,1,730,stop_too_wide,overlap,1477.6815000000001,,7.944,1.563
2019-12-18 19:00:00+00:00,1,741,stop_too_wide,newyork,1475.5235,,5.582,1.172
2019-12-18 20:45:00+00:00,1,741,stop_too_wide,newyork,1475.925,,5.887,0.979
2019-12-18 23:00:00+00:00,1,741,out_of_session,off,1475.5814999999998,,,
2019-12-19 01:15:00+00:00,1,741,out_of_session,off,1475.8584999999998,,,
2019-12-19 08:30:00+00:00,1,741,stop_too_wide,london,1475.7665,,5.587,0.696
2019-12-19 13:30:00+00:00,1,730,stop_too_wide,overlap,1477.1515,,5.974,0.951
2019-12-19 13:30:00+00:00,1,741,stop_too_wide,overlap,1477.1515,,7.1,0.951
2020-01-29 01:45:00+00:00,1,754,out_of_session,off,1565.9,,,
2020-01-29 11:00:00+00:00,1,757,stop_too_wide,london,1571.3135,,5.328,1.172
2020-01-29 13:30:00+00:00,1,757,stop_too_wide,overlap,1572.04,,6.195,1.453
2020-02-04 07:15:00+00:00,1,761,out_of_session,off,1573.7185,,,
2020-02-07 13:00:00+00:00,1,754,stop_too_wide,overlap,1565.95,,7.229,1.415
2020-02-07 13:30:00+00:00,1,754,stop_too_wide,overlap,1568.7165,,10.297,2.019
2020-02-07 14:15:00+00:00,1,757,stop_too_wide,overlap,1570.32,,10.985,2.177
2020-02-07 14:30:00+00:00,1,761,stop_too_wide,overlap,1573.2714999999998,,13.994,2.292
2020-02-28 06:15:00+00:00,1,767,out_of_session,off,1633.3915000000002,,,
2020-03-11 04:30:00+00:00,1,768,out_of_session,off,1664.1965,,,
2020-03-11 07:15:00+00:00,1,768,out_of_session,off,1665.0085,,,
2020-03-11 10:45:00+00:00,1,768,stop_too_wide,london,1665.0665,,20.671,2.773
2020-03-11 12:45:00+00:00,1,768,stop_too_wide,overlap,1665.6265,,21.343,2.997
2020-03-11 15:45:00+00:00,1,766,stop_too_wide,overlap,1649.8535,,23.195,4.55
2020-03-25 02:00:00+00:00,1,769,out_of_session,off,1619.98,,,
2020-03-25 03:15:00+00:00,1,769,out_of_session,off,1618.79,,,
2020-03-25 09:45:00+00:00,1,769,stop_too_wide,london,1624.5265,,37.275,7.478
2020-03-26 11:30:00+00:00,1,769,stop_too_wide,london,1620.3515,,31.291,3.861
2020-03-27 12:15:00+00:00,1,769,stop_too_wide,overlap,1621.49,,32.802,4.605
2020-04-09 12:15:00+00:00,1,768,stop_too_wide,overlap,1664.6599999999999,,24.135,3.431
2020-04-09 13:30:00+00:00,1,773,stop_too_wide,overlap,1682.525,,24.185,4.478
2020-04-12 22:00:00+00:00,1,773,out_of_session,off,1691.025,,,
2020-05-12 13:45:00+00:00,1,790,stop_too_wide,overlap,1708.7849999999999,,11.329,2.735
2020-05-13 12:15:00+00:00,1,790,stop_too_wide,overlap,1710.8,,12.0,2.029
2020-05-13 15:00:00+00:00,1,787,stop_too_wide,overlap,1715.2350000000001,,14.298,3.393
2020-05-13 19:00:00+00:00,1,787,stop_too_wide,newyork,1714.9865,,11.441,2.539
2020-05-13 19:45:00+00:00,1,795,stop_too_wide,newyork,1717.5349999999999,,10.017,2.435
2020-05-13 22:30:00+00:00,1,795,out_of_session,off,1716.9565,,,
2020-05-14 01:45:00+00:00,1,787,out_of_session,off,1714.71,,,
2020-05-14 02:15:00+00:00,1,787,out_of_session,off,1714.1750000000002,,,
2020-05-14 05:45:00+00:00,1,787,out_of_session,off,1714.5700000000002,,,
2020-05-14 06:45:00+00:00,1,795,out_of_session,off,1717.0915,,,
2020-05-14 08:00:00+00:00,1,787,stop_too_wide,london,1716.545,,12.681,1.902
2020-05-14 08:00:00+00:00,1,795,stop_too_wide,london,1716.545,,8.76,1.902
2020-05-14 08:45:00+00:00,1,795,stop_too_wide,london,1717.9615,,10.197,1.941
2020-05-14 11:30:00+00:00,1,795,stop_too_wide,london,1717.6385,,9.868,1.929
2020-05-14 12:30:00+00:00,1,787,stop_too_wide,overlap,1716.875,,13.255,2.39
2020-05-14 13:30:00+00:00,1,794,stop_too_wide,overlap,1726.345,,16.475,3.11
2020-05-14 13:45:00+00:00,1,794,stop_too_wide,overlap,1731.74,,22.018,3.405
2020-05-15 12:30:00+00:00,1,788,stop_too_wide,overlap,1743.6865,,14.349,3.026
2020-05-15 13:00:00+00:00,1,788,stop_too_wide,overlap,1744.63,,15.378,3.195
2020-05-18 13:15:00+00:00,1,788,stop_too_wide,overlap,1747.915,,16.863,4.199
2020-05-19 14:15:00+00:00,1,788,stop_too_wide,overlap,1743.7035,,14.358,3.511
2020-05-19 17:45:00+00:00,1,788,stop_too_wide,newyork,1743.0965,,11.279,2.668
2020-05-21 03:30:00+00:00,1,788,out_of_session,off,1742.79,,,
2020-05-21 04:30:00+00:00,1,788,out_of_session,off,1742.5285,,,
2020-06-08 01:15:00+00:00,-1,792,out_of_session,off,1685.62,,,
2020-06-08 01:45:00+00:00,-1,792,out_of_session,off,1686.2615,,,
2020-06-09 03:30:00+00:00,-1,793,out_of_session,off,1694.9615,,,
2020-06-09 04:00:00+00:00,-1,793,out_of_session,off,1695.3765,,,
2020-06-09 04:30:00+00:00,-1,793,out_of_session,off,1695.5365000000002,,,
2020-06-09 06:15:00+00:00,-1,793,out_of_session,off,1694.0135,,,
2020-06-30 15:00:00+00:00,1,810,stop_too_wide,overlap,1783.6664999999998,,18.761,3.116
2020-06-30 22:00:00+00:00,1,810,out_of_session,off,1783.365,,,
2020-07-01 02:45:00+00:00,1,810,out_of_session,off,1782.9465,,,
2020-07-02 00:30:00+00:00,1,813,out_of_session,off,1768.1035000000002,,,
2020-07-02 01:15:00+00:00,1,813,out_of_session,off,1768.6785,,,
2020-07-02 03:00:00+00:00,1,813,out_of_session,off,1768.5785,,,
2020-07-02 13:30:00+00:00,1,813,stop_too_wide,overlap,1769.4099999999999,,13.122,3.143
2020-07-06 12:15:00+00:00,1,810,stop_too_wide,overlap,1782.955,,9.506,1.728
2020-07-06 15:00:00+00:00,1,810,stop_too_wide,overlap,1783.245,,10.163,2.463
2020-07-07 13:30:00+00:00,1,810,stop_too_wide,overlap,1784.88,,11.646,2.158
2020-07-07 14:00:00+00:00,1,814,stop_too_wide,overlap,1793.26,,18.981,2.835
2020-07-14 01:15:00+00:00,1,819,out_of_session,off,1798.205,,,
2020-07-14 02:30:00+00:00,1,819,out_of_session,off,1797.9935,,,
2020-07-14 05:15:00+00:00,1,819,out_of_session,off,1797.8935000000001,,,
2020-07-14 06:00:00+00:00,1,819,out_of_session,off,1800.2365,,,
2020-07-14 11:45:00+00:00,1,819,stop_too_wide,london,1800.5765000000001,,11.172,2.501
2020-08-04 14:45:00+00:00,1,827,stop_too_wide,overlap,1991.9465,,22.531,4.135
2020-08-18 01:00:00+00:00,1,827,out_of_session,off,1989.3535000000002,,,
2020-08-18 01:30:00+00:00,1,827,out_of_session,off,1989.4285,,,
2020-08-18 03:30:00+00:00,1,827,out_of_session,off,1990.095,,,
2020-08-19 06:15:00+00:00,1,827,out_of_session,off,1990.7285000000002,,,
2020-08-19 12:45:00+00:00,1,827,stop_too_wide,overlap,1992.1335,,17.11,4.089
2020-09-10 02:15:00+00:00,1,844,out_of_session,off,1945.3735,,,
2020-09-10 07:15:00+00:00,1,844,stop_too_wide,london,1945.835,,8.932,2.098
2020-09-10 08:15:00+00:00,1,844,stop_too_wide,london,1946.4185,,9.624,2.316
2020-09-10 12:45:00+00:00,1,837,stop_too_wide,overlap,1956.2649999999999,,12.662,3.157
2020-09-10 22:00:00+00:00,1,844,out_of_session,off,1947.1235000000001,,,
2020-09-10 23:30:00+00:00,1,844,out_of_session,off,1944.9450000000002,,,
2020-10-21 12:30:00+00:00,1,853,stop_too_wide,overlap,1923.7365,,14.907,2.378
2020-10-21 13:00:00+00:00,1,853,stop_too_wide,overlap,1925.355,,16.616,2.557
2020-10-21 13:30:00+00:00,1,853,stop_too_wide,overlap,1924.6415000000002,,15.95,2.653
2020-10-21 15:15:00+00:00,1,853,stop_too_wide,overlap,1924.2435,,15.884,3.318
2020-10-21 19:15:00+00:00,1,853,stop_too_wide,newyork,1923.505,,14.726,2.478
2020-10-21 19:45:00+00:00,1,853,stop_too_wide,newyork,1924.5835,,15.745,2.359
2020-10-22 12:30:00+00:00,1,852,stop_too_wide,overlap,1906.8049999999998,,11.207,2.555
2020-11-02 01:15:00+00:00,-1,848,out_of_session,off,1877.6,,,
2020-11-02 09:45:00+00:00,-1,849,stop_too_wide,london,1887.005,,11.222,2.567
2020-11-02 10:15:00+00:00,-1,849,stop_too_wide,london,1886.7765,,11.398,2.463
2020-11-10 03:15:00+00:00,-1,848,out_of_session,off,1878.3784999999998,,,
2020-11-10 10:00:00+00:00,-1,848,stop_too_wide,london,1874.6515,,17.111,3.691
2020-11-10 18:15:00+00:00,-1,848,stop_too_wide,newyork,1877.0614999999998,,14.536,3.362
2020-11-10 19:15:00+00:00,-1,848,stop_too_wide,newyork,1877.1815000000001,,14.295,3.119
2020-11-10 23:45:00+00:00,-1,848,out_of_session,off,1876.7215,,,
2020-11-11 01:45:00+00:00,-1,859,out_of_session,off,1879.7235,,,
2020-11-11 07:00:00+00:00,-1,848,out_of_session,off,1878.3,,,
2020-11-11 07:00:00+00:00,-1,859,out_of_session,off,1878.3,,,
2020-11-11 07:15:00+00:00,-1,848,out_of_session,off,1875.13,,,
2020-11-11 10:00:00+00:00,-1,859,stop_too_wide,london,1879.9115000000002,,15.863,2.624
2020-11-11 10:15:00+00:00,-1,848,stop_too_wide,london,1877.9615,,13.266,2.62
2020-11-11 12:00:00+00:00,-1,848,stop_too_wide,london,1873.32,,18.095,2.996
2020-11-11 13:30:00+00:00,-1,854,stop_too_wide,overlap,1863.9035,,16.878,3.532
2020-11-11 23:00:00+00:00,-1,854,out_of_session,off,1865.975,,,
2020-11-19 03:15:00+00:00,-1,854,out_of_session,off,1866.8649999999998,,,
2020-11-19 04:45:00+00:00,-1,854,out_of_session,off,1866.96,,,
2020-11-19 05:15:00+00:00,-1,854,out_of_session,off,1866.98,,,
2020-11-19 08:00:00+00:00,-1,867,stop_too_wide,london,1858.34,,10.172,2.405
2020-11-19 21:30:00+00:00,-1,854,stop_too_wide,newyork,1867.145,,9.443,1.85
2020-11-19 21:45:00+00:00,-1,854,stop_too_wide,newyork,1866.1399999999999,,10.451,1.855
2020-11-20 01:15:00+00:00,-1,854,out_of_session,off,1865.0535,,,
2020-11-20 05:00:00+00:00,-1,854,out_of_session,off,1866.801,,,
2020-11-20 06:15:00+00:00,-1,854,out_of_session,off,1867.05,,,
2020-11-20 07:15:00+00:00,-1,854,out_of_session,off,1866.0735,,,
2020-11-20 09:00:00+00:00,-1,854,stop_too_wide,london,1866.5185000000001,,10.412,2.533
2020-11-20 10:15:00+00:00,-1,854,stop_too_wide,london,1866.96,,9.865,2.323
2020-11-20 10:45:00+00:00,-1,854,stop_too_wide,london,1865.6535,,11.149,2.278
2020-11-20 12:15:00+00:00,-1,854,stop_too_wide,london,1865.685,,11.039,2.122
2020-11-20 13:00:00+00:00,-1,854,stop_too_wide,overlap,1866.856,,9.87,2.124
2020-11-20 14:45:00+00:00,-1,848,stop_too_wide,overlap,1875.62,,15.707,2.82
2020-11-20 15:30:00+00:00,-1,848,stop_too_wide,overlap,1875.615,,15.797,2.99
2020-12-28 06:30:00+00:00,1,868,out_of_session,off,1884.9365,,,
2020-12-28 09:30:00+00:00,1,868,stop_too_wide,london,1883.0715,,11.48,2.57
2020-12-28 13:15:00+00:00,1,868,stop_too_wide,overlap,1882.575,,14.853,3.187
2020-12-29 08:00:00+00:00,1,868,stop_too_wide,london,1882.9234999999999,,11.178,2.261
2020-12-30 13:30:00+00:00,1,868,stop_too_wide,overlap,1882.7065,,10.914,2.167
2020-12-30 13:45:00+00:00,1,868,stop_too_wide,overlap,1883.5135,,11.728,2.181
2020-12-30 14:30:00+00:00,1,868,stop_too_wide,overlap,1883.56,,11.956,2.544
2020-12-30 14:45:00+00:00,1,868,stop_too_wide,overlap,1887.4585,,16.013,2.861
2020-12-30 20:45:00+00:00,1,883,stop_too_wide,newyork,1893.2935,,10.116,1.793
2020-12-30 21:15:00+00:00,1,883,stop_too_wide,newyork,1892.6734999999999,,9.44,1.682
2021-01-15 01:15:00+00:00,-1,885,out_of_session,off,1852.5865,,,
2021-01-15 01:30:00+00:00,-1,885,out_of_session,off,1852.3584999999998,,,
2021-01-15 02:30:00+00:00,-1,885,out_of_session,off,1851.8215,,,
2021-01-15 03:45:00+00:00,-1,885,out_of_session,off,1852.1100000000001,,,
2021-01-15 05:00:00+00:00,-1,885,out_of_session,off,1852.5785,,,
2021-01-15 05:30:00+00:00,-1,885,out_of_session,off,1849.8065000000001,,,
2021-01-15 08:45:00+00:00,-1,885,stop_too_wide,london,1851.1365,,11.628,2.51
2021-01-15 11:15:00+00:00,-1,885,stop_too_wide,london,1851.3565,,11.337,2.368
2021-01-17 23:45:00+00:00,-1,874,out_of_session,off,1810.63,,,
2021-01-20 06:15:00+00:00,-1,885,out_of_session,off,1852.355,,,
2021-01-20 06:45:00+00:00,-1,892,out_of_session,off,1852.8114999999998,,,
2021-01-20 07:30:00+00:00,-1,892,out_of_session,off,1854.0085,,,
2021-01-20 13:00:00+00:00,-1,894,stop_too_wide,overlap,1835.1745,,19.913,3.083
2021-02-25 06:00:00+00:00,-1,893,out_of_session,off,1794.92,,,
2021-03-04 18:30:00+00:00,-1,909,stop_too_wide,newyork,1698.74,,22.028,5.456
2021-03-04 18:45:00+00:00,-1,909,stop_too_wide,newyork,1691.2350000000001,,29.659,5.709
2021-03-05 07:45:00+00:00,-1,909,out_of_session,off,1696.6865,,,
2021-03-05 11:30:00+00:00,-1,909,stop_too_wide,london,1696.3915000000002,,15.416,2.526
2021-03-05 13:00:00+00:00,-1,909,stop_too_wide,overlap,1696.1395,,15.805,2.8
2021-03-05 13:45:00+00:00,-1,909,stop_too_wide,overlap,1693.5245,,18.895,3.751
2021-03-05 20:45:00+00:00,-1,909,stop_too_wide,newyork,1698.118,,13.855,2.857
2021-03-08 08:15:00+00:00,-1,909,stop_too_wide,london,1696.63,,15.268,2.707
2021-03-09 08:30:00+00:00,-1,909,stop_too_wide,london,1697.0065,,14.716,2.357
2021-04-16 03:00:00+00:00,1,908,out_of_session,off,1762.4215,,,
2021-04-16 06:30:00+00:00,1,908,out_of_session,off,1763.025,,,
2021-04-16 07:45:00+00:00,1,908,stop_too_wide,london,1764.255,,11.381,1.781
2021-04-28 00:45:00+00:00,1,927,out_of_session,off,1771.9115,,,
2021-04-28 02:15:00+00:00,1,927,out_of_session,off,1772.0484999999999,,,
2021-04-28 03:30:00+00:00,1,927,out_of_session,off,1772.1485,,,
2021-04-29 01:15:00+00:00,1,922,out_of_session,off,1787.9615,,,
2021-05-17 01:00:00+00:00,1,929,out_of_session,off,1848.6484999999998,,,
2021-05-17 12:30:00+00:00,1,929,stop_too_wide,overlap,1848.21,,9.498,1.876
2021-05-17 13:15:00+00:00,1,929,stop_too_wide,overlap,1850.33,,11.822,2.282
2021-05-25 14:00:00+00:00,1,935,stop_too_wide,overlap,1894.855,,16.518,3.18
2021-05-27 01:15:00+00:00,1,935,out_of_session,off,1893.7485000000001,,,
2021-05-27 11:45:00+00:00,1,935,stop_too_wide,london,1894.8,,11.073,2.252
2021-05-27 12:15:00+00:00,1,935,stop_too_wide,overlap,1894.37,,10.811,2.59
2021-05-28 05:15:00+00:00,1,935,out_of_session,off,1892.67,,,
2021-05-28 05:30:00+00:00,1,935,out_of_session,off,1892.9835,,,
2021-05-28 05:30:00+00:00,1,940,out_of_session,off,1892.9835,,,
2021-05-28 08:30:00+00:00,1,935,stop_too_wide,london,1894.435,,10.465,1.768
2021-05-28 08:30:00+00:00,1,940,stop_too_wide,london,1894.435,,8.977,1.768
2021-05-28 10:00:00+00:00,1,940,stop_too_wide,london,1893.1315,,7.585,1.592
2021-05-28 13:00:00+00:00,1,935,stop_too_wide,overlap,1896.3249999999998,,15.554,3.126
2021-05-28 13:00:00+00:00,1,940,stop_too_wide,overlap,1896.3249999999998,,15.554,3.126
2021-06-01 06:15:00+00:00,1,939,out_of_session,off,1915.225,,,
2021-06-25 12:30:00+00:00,-1,953,stop_too_wide,overlap,1785.01,,8.357,2.053
2021-06-25 14:45:00+00:00,-1,953,stop_too_wide,overlap,1782.08,,11.564,2.606
2021-06-29 08:00:00+00:00,-1,954,stop_too_wide,london,1769.87,,8.348,1.899
2021-06-29 08:45:00+00:00,-1,954,stop_too_wide,london,1769.5115,,8.235,1.88
2021-06-29 12:30:00+00:00,-1,950,stop_too_wide,overlap,1758.02,,19.745,3.511
2021-06-29 18:45:00+00:00,-1,950,stop_too_wide,newyork,1763.9265,,9.962,2.442
2021-06-30 22:00:00+00:00,-1,954,out_of_session,off,1769.665,,,
2021-07-01 15:15:00+00:00,-1,954,stop_too_wide,overlap,1769.1,,15.368,3.205
2021-07-15 15:00:00+00:00,1,957,stop_too_wide,overlap,1823.335,,11.57,2.684
2021-07-16 12:30:00+00:00,1,957,stop_too_wide,overlap,1823.53,,11.741,2.636
2021-07-19 01:15:00+00:00,1,959,out_of_session,off,1815.9250000000002,,,
2021-07-19 04:00:00+00:00,1,959,out_of_session,off,1815.1550000000002,,,
2021-08-02 00:15:00+00:00,1,959,out_of_session,off,1814.9650000000001,,,
2021-08-27 01:00:00+00:00,1,976,out_of_session,off,1795.0515,,,
2021-08-27 06:00:00+00:00,1,960,out_of_session,off,1802.975,,,
2021-08-27 06:15:00+00:00,1,960,out_of_session,off,1804.0635,,,
2021-08-27 11:15:00+00:00,1,976,stop_too_wide,london,1794.8335,,8.998,1.529
2021-08-27 12:30:00+00:00,1,976,stop_too_wide,overlap,1798.19,,12.497,1.814
2021-08-27 14:00:00+00:00,1,978,stop_too_wide,overlap,1802.56,,26.121,4.066
2021-08-27 14:30:00+00:00,1,960,stop_too_wide,overlap,1807.2335,,25.223,4.449
2021-08-27 15:30:00+00:00,1,966,stop_too_wide,newyork,1808.82,,26.554,3.939
2021-08-27 15:45:00+00:00,1,964,stop_too_wide,newyork,1813.0435,,30.805,3.993
2021-08-27 15:45:00+00:00,1,967,stop_too_wide,newyork,1813.0435,,30.805,3.993
2021-08-30 00:45:00+00:00,1,957,out_of_session,off,1821.0349999999999,,,
2021-08-30 14:30:00+00:00,1,964,stop_too_wide,overlap,1812.7269999999999,,8.765,2.024
2021-08-30 14:30:00+00:00,1,967,stop_too_wide,overlap,1812.7269999999999,,8.855,2.024
2021-08-30 18:45:00+00:00,1,964,stop_too_wide,newyork,1811.01,,6.766,1.46
2021-08-30 19:15:00+00:00,1,964,stop_too_wide,newyork,1811.092,,6.809,1.382
2021-08-30 23:30:00+00:00,1,964,out_of_session,off,1810.94,,,
2021-08-31 00:00:00+00:00,1,964,out_of_session,off,1810.8165,,,
2021-08-31 00:30:00+00:00,1,967,out_of_session,off,1811.7649999999999,,,
2021-08-31 13:30:00+00:00,1,964,stop_too_wide,overlap,1814.1415000000002,,13.891,2.948
2021-08-31 13:30:00+00:00,1,967,stop_too_wide,overlap,1814.1415000000002,,13.891,2.948
2021-09-01 01:45:00+00:00,1,964,out_of_session,off,1812.1399999999999,,,
2021-09-01 01:45:00+00:00,1,967,out_of_session,off,1812.1399999999999,,,
2021-09-01 08:30:00+00:00,1,964,stop_too_wide,london,1811.1399999999999,,7.139,1.747
2021-09-01 09:15:00+00:00,1,967,stop_too_wide,london,1812.2359999999999,,8.188,1.671
2021-09-02 04:00:00+00:00,1,967,out_of_session,off,1811.795,,,
2021-09-02 05:00:00+00:00,1,967,out_of_session,off,1812.28,,,
2021-09-02 12:45:00+00:00,1,967,stop_too_wide,overlap,1813.85,,9.755,1.578
2021-09-02 13:15:00+00:00,1,967,stop_too_wide,overlap,1812.4,,8.346,1.661
2021-09-02 13:45:00+00:00,1,964,stop_too_wide,overlap,1812.6,,8.612,1.917
2021-09-02 13:45:00+00:00,1,967,stop_too_wide,overlap,1812.6,,8.675,1.917
2021-09-03 00:45:00+00:00,1,964,out_of_session,off,1811.1084999999998,,,
2021-09-03 05:15:00+00:00,1,967,out_of_session,off,1811.5735,,,
2021-09-03 05:30:00+00:00,1,967,out_of_session,off,1812.415,,,
2021-09-03 08:00:00+00:00,1,967,stop_too_wide,london,1812.8535,,8.541,1.142
2021-09-03 12:45:00+00:00,1,957,stop_too_wide,overlap,1823.5349999999999,,12.475,2.671
2021-09-03 13:45:00+00:00,1,957,stop_too_wide,overlap,1824.96,,14.178,3.227
2021-09-03 13:45:00+00:00,1,968,stop_too_wide,overlap,1824.96,,13.354,3.227
2021-09-06 08:00:00+00:00,1,968,stop_too_wide,london,1826.2,,8.779,1.244
2021-09-07 00:00:00+00:00,1,968,out_of_session,off,1825.5785,,,
2021-09-07 09:30:00+00:00,1,964,stop_too_wide,london,1812.246,,9.606,1.818
2021-09-07 09:30:00+00:00,1,967,stop_too_wide,london,1812.246,,8.271,1.818
2021-09-07 10:00:00+00:00,1,964,stop_too_wide,london,1811.121,,8.493,1.842
2021-09-07 11:45:00+00:00,1,964,stop_too_wide,london,1811.0535,,8.426,1.843
2021-09-14 00:45:00+00:00,-1,977,out_of_session,off,1791.3220000000001,,,
2021-09-14 01:30:00+00:00,-1,977,out_of_session,off,1790.577,,,
2021-09-14 02:30:00+00:00,-1,977,out_of_session,off,1791.163,,,
2021-09-14 04:30:00+00:00,-1,977,out_of_session,off,1791.692,,,
2021-09-14 07:30:00+00:00,-1,977,stop_too_wide,london,1790.6950000000002,,7.512,1.43
2021-09-14 10:30:00+00:00,-1,976,stop_too_wide,london,1786.5285,,8.608,1.453
2021-09-14 13:30:00+00:00,-1,983,stop_too_wide,overlap,1792.522,,15.174,3.728
2021-09-16 02:00:00+00:00,-1,960,out_of_session,off,1795.4470000000001,,,
2021-09-16 06:45:00+00:00,-1,976,out_of_session,off,1785.833,,,
2021-09-16 08:00:00+00:00,-1,976,stop_too_wide,london,1785.4715,,9.841,1.807
2021-09-16 09:45:00+00:00,-1,978,stop_too_wide,london,1777.9665,,9.607,1.908
2021-09-16 11:15:00+00:00,-1,978,stop_too_wide,london,1776.4865,,10.473,1.98
2021-09-28 06:45:00+00:00,-1,985,out_of_session,off,1740.995,,,
2021-09-28 10:45:00+00:00,-1,987,stop_too_wide,london,1733.6170000000002,,11.89,2.492
2021-09-28 11:45:00+00:00,-1,987,stop_too_wide,london,1734.495,,11.048,2.564
2021-09-28 12:15:00+00:00,-1,987,stop_too_wide,overlap,1733.7685000000001,,11.862,2.738
2021-09-28 12:30:00+00:00,-1,987,stop_too_wide,overlap,1729.8315,,15.956,3.052
2021-09-29 09:15:00+00:00,-1,985,stop_too_wide,london,1742.4035,,7.943,1.914
2021-09-29 11:15:00+00:00,-1,985,stop_too_wide,london,1741.4185000000002,,8.871,1.801
2021-09-29 12:00:00+00:00,-1,985,stop_too_wide,overlap,1741.6885000000002,,8.615,1.829
2021-09-29 14:00:00+00:00,-1,987,stop_too_wide,overlap,1731.43,,14.269,2.876
2021-10-06 04:00:00+00:00,-1,992,out_of_session,off,1753.24,,,
2021-10-06 14:45:00+00:00,-1,986,stop_too_wide,overlap,1760.0035,,14.37,3.112
2021-10-15 14:00:00+00:00,1,986,stop_too_wide,overlap,1774.6129999999998,,13.644,3.213
2021-10-21 02:00:00+00:00,1,989,out_of_session,off,1788.192,,,
2021-10-21 06:00:00+00:00,1,989,out_of_session,off,1787.165,,,
2021-10-21 09:30:00+00:00,1,989,stop_too_wide,london,1786.972,,8.175,1.631
2021-10-21 09:45:00+00:00,1,989,stop_too_wide,london,1787.6970000000001,,8.882,1.594
2021-10-22 03:00:00+00:00,1,989,out_of_session,off,1787.412,,,
2021-10-22 04:00:00+00:00,1,989,out_of_session,off,1787.603,,,
2021-10-22 05:15:00+00:00,1,989,out_of_session,off,1787.5529999999999,,,
2021-10-22 06:00:00+00:00,1,989,out_of_session,off,1787.4250000000002,,,
2021-10-22 06:15:00+00:00,1,989,out_of_session,off,1788.32,,,
2021-10-27 05:15:00+00:00,1,989,out_of_session,off,1787.8049999999998,,,
2021-10-27 06:00:00+00:00,1,989,out_of_session,off,1788.018,,,
2021-10-27 07:45:00+00:00,1,989,stop_too_wide,london,1787.612,,8.863,1.728
2021-10-27 09:00:00+00:00,1,989,stop_too_wide,london,1787.818,,9.082,1.754
2021-10-27 09:30:00+00:00,1,989,stop_too_wide,london,1787.1599999999999,,8.539,1.984
2021-10-27 10:30:00+00:00,1,989,stop_too_wide,london,1789.49,,10.85,1.944
2021-11-04 11:15:00+00:00,-1,989,stop_too_wide,london,1778.8415,,9.038,1.819
2021-12-06 09:30:00+00:00,-1,1004,stop_too_wide,london,1778.3445000000002,,10.006,1.988
2021-12-06 13:45:00+00:00,-1,1004,stop_too_wide,overlap,1778.94,,9.494,2.156
2021-12-06 14:15:00+00:00,-1,1004,stop_too_wide,overlap,1777.885,,10.535,2.128
2021-12-06 14:30:00+00:00,-1,1004,stop_too_wide,overlap,1777.04,,11.466,2.298
2021-12-06 15:45:00+00:00,-1,1004,stop_too_wide,overlap,1778.3085,,10.254,2.412
2021-12-06 18:00:00+00:00,-1,1004,stop_too_wide,newyork,1778.53,,9.975,2.297
2021-12-06 18:15:00+00:00,-1,1004,stop_too_wide,newyork,1778.5214999999998,,9.936,2.202
2021-12-06 19:30:00+00:00,-1,1004,stop_too_wide,newyork,1777.8915000000002,,10.407,1.884
2021-12-06 21:00:00+00:00,-1,1004,stop_too_wide,newyork,1778.6365,,9.498,1.555
2021-12-06 21:30:00+00:00,-1,1004,stop_too_wide,newyork,1778.455,,9.612,1.421
2021-12-07 09:00:00+00:00,-1,1004,stop_too_wide,london,1778.8690000000001,,9.302,1.629
2021-12-07 13:15:00+00:00,-1,1004,stop_too_wide,overlap,1778.255,,10.031,1.859
2021-12-09 12:15:00+00:00,-1,1004,stop_too_wide,london,1775.8249999999998,,11.853,1.794
2021-12-09 12:45:00+00:00,-1,1004,stop_too_wide,london,1776.4135,,11.325,1.914
2021-12-09 17:45:00+00:00,-1,1004,stop_too_wide,newyork,1777.065,,10.907,2.382
2021-12-09 19:00:00+00:00,-1,1004,stop_too_wide,newyork,1776.0635,,11.902,2.369
2021-12-15 18:15:00+00:00,-1,1021,stop_too_wide,newyork,1763.9015,,8.737,1.953
2021-12-16 00:30:00+00:00,-1,1004,out_of_session,off,1777.7185,,,
2021-12-28 10:30:00+00:00,1,1019,stop_too_wide,london,1817.295,,5.652,1.064
2021-12-28 11:30:00+00:00,1,1019,stop_too_wide,london,1817.4545,,5.84,1.121
2021-12-28 11:45:00+00:00,1,1019,stop_too_wide,london,1817.893,,6.287,1.138
2021-12-28 13:15:00+00:00,1,1019,stop_too_wide,overlap,1818.7095,,7.213,1.357
2021-12-30 01:45:00+00:00,1,997,out_of_session,off,1803.4050000000002,,,
2021-12-30 03:00:00+00:00,1,997,out_of_session,off,1803.0149999999999,,,
2021-12-30 20:45:00+00:00,1,1019,stop_too_wide,newyork,1817.1265,,5.619,1.333
2021-12-31 01:00:00+00:00,1,1019,out_of_session,off,1817.4850000000001,,,
2021-12-31 02:45:00+00:00,1,1019,out_of_session,off,1817.955,,,
2021-12-31 08:15:00+00:00,1,1019,stop_too_wide,london,1817.6685000000002,,6.128,1.269
2022-01-05 11:00:00+00:00,1,1019,stop_too_wide,london,1819.525,,8.336,1.479
2022-01-05 13:00:00+00:00,1,1019,stop_too_wide,overlap,1820.1425,,8.975,1.523
2022-01-05 13:15:00+00:00,1,1019,stop_too_wide,overlap,1821.185,,10.238,1.963
2022-01-24 00:15:00+00:00,1,1033,out_of_session,off,1834.02,,,
2022-01-24 01:30:00+00:00,1,1033,out_of_session,off,1836.3049999999998,,,
2022-01-25 14:45:00+00:00,1,1035,stop_too_wide,overlap,1850.438,,13.687,2.727
2022-01-25 23:30:00+00:00,1,1035,out_of_session,off,1849.907,,,
2022-02-07 00:15:00+00:00,1,1040,out_of_session,off,1812.4745,,,
2022-02-07 00:45:00+00:00,1,1040,out_of_session,off,1813.2205,,,
2022-02-07 07:45:00+00:00,1,1040,out_of_session,off,1813.085,,,
2022-02-07 08:30:00+00:00,1,1040,stop_too_wide,london,1813.028,,6.449,1.433
2022-02-07 09:45:00+00:00,1,1040,stop_too_wide,london,1812.48,,5.909,1.449
2022-02-07 11:30:00+00:00,1,1040,stop_too_wide,london,1812.9189999999999,,6.331,1.414
2022-02-07 12:30:00+00:00,1,1040,stop_too_wide,london,1813.655,,7.079,1.438
2022-02-07 15:15:00+00:00,1,1040,stop_too_wide,overlap,1815.333,,9.144,2.212
2022-02-08 07:45:00+00:00,1,1034,out_of_session,off,1817.4,,,
2022-02-08 15:15:00+00:00,1,1032,stop_too_wide,overlap,1827.172,,9.443,2.082
2022-02-08 16:00:00+00:00,1,1032,stop_too_wide,overlap,1826.468,,8.78,2.165
2022-02-09 00:45:00+00:00,1,1032,out_of_session,off,1825.54,,,
2022-02-09 17:00:00+00:00,1,1033,stop_too_wide,newyork,1834.088,,8.509,2.078
2022-02-09 23:15:00+00:00,1,1033,out_of_session,off,1833.51,,,
2022-02-10 08:45:00+00:00,1,1037,stop_too_wide,london,1832.075,,5.867,1.161
2022-02-10 09:45:00+00:00,1,1037,stop_too_wide,london,1832.585,,6.41,1.225
2022-02-10 12:30:00+00:00,1,1037,stop_too_wide,london,1831.782,,5.541,1.094
2022-02-10 15:00:00+00:00,1,1033,stop_too_wide,overlap,1834.472,,14.37,3.172
2022-02-10 15:00:00+00:00,1,1037,stop_too_wide,overlap,1834.472,,14.37,3.172
2022-02-10 15:15:00+00:00,1,1033,stop_too_wide,overlap,1835.775,,15.687,3.201
2022-02-10 15:30:00+00:00,1,1036,stop_too_wide,overlap,1840.41,,16.722,3.32
2022-02-10 16:00:00+00:00,1,1036,stop_too_wide,overlap,1838.88,,15.291,3.518
2022-02-11 00:45:00+00:00,1,1032,out_of_session,off,1826.185,,,
2022-02-11 01:30:00+00:00,1,1032,out_of_session,off,1825.7130000000002,,,
2022-02-11 05:00:00+00:00,1,1032,out_of_session,off,1825.17,,,
2022-02-11 07:45:00+00:00,1,1032,out_of_session,off,1826.222,,,
2022-02-11 11:30:00+00:00,1,1043,stop_too_wide,london,1826.5349999999999,,7.078,1.366
2022-02-11 12:00:00+00:00,1,1043,stop_too_wide,london,1828.19,,8.772,1.443
2022-02-11 13:00:00+00:00,1,1037,stop_too_wide,overlap,1833.225,,8.581,1.701
2022-02-11 15:00:00+00:00,1,1037,stop_too_wide,overlap,1833.19,,9.39,2.339
2022-02-11 18:30:00+00:00,1,1038,stop_too_wide,newyork,1850.2,,17.793,2.856
2022-02-11 18:45:00+00:00,1,1035,stop_too_wide,newyork,1857.21,,22.303,3.413
2022-02-23 10:30:00+00:00,1,1049,stop_too_wide,london,1895.5525,,12.254,2.04
2022-02-23 12:30:00+00:00,1,1049,stop_too_wide,london,1895.4875,,12.066,1.794
2022-02-28 08:00:00+00:00,1,1049,stop_too_wide,london,1897.9975,,21.787,3.994
2022-02-28 08:15:00+00:00,1,1049,stop_too_wide,london,1899.4775,,23.251,3.961
2022-02-28 17:45:00+00:00,1,1049,stop_too_wide,newyork,1899.3,,23.514,4.841
2022-03-11 15:00:00+00:00,1,1058,stop_too_wide,overlap,1980.6,,29.276,7.141
2022-03-11 15:45:00+00:00,1,1058,stop_too_wide,overlap,1980.855,,29.533,7.147
2022-03-13 22:45:00+00:00,1,1058,out_of_session,off,1980.433,,,
2022-03-24 11:45:00+00:00,1,1055,stop_too_wide,london,1956.574,,17.39,2.892
2022-03-25 07:30:00+00:00,1,1055,out_of_session,off,1955.493,,,
2022-03-25 12:15:00+00:00,1,1055,stop_too_wide,overlap,1955.3285,,10.375,2.522
2022-03-25 12:45:00+00:00,1,1055,stop_too_wide,overlap,1956.3725,,11.536,2.755
2022-03-25 15:15:00+00:00,1,1055,stop_too_wide,overlap,1958.4695000000002,,17.182,3.874
2022-05-05 19:45:00+00:00,-1,1049,stop_too_wide,newyork,1877.9685,,21.369,3.42
2022-05-06 12:45:00+00:00,-1,1049,stop_too_wide,overlap,1876.6350000000002,,22.647,3.309
2022-05-09 00:00:00+00:00,-1,1049,out_of_session,off,1879.185,,,
2022-05-09 10:00:00+00:00,-1,1074,stop_too_wide,london,1862.6275,,13.86,2.661
2022-05-09 14:15:00+00:00,-1,1074,stop_too_wide,overlap,1858.9465,,18.19,3.96
2022-05-09 14:45:00+00:00,-1,1074,stop_too_wide,overlap,1860.5175,,16.64,4.002
2022-05-09 16:45:00+00:00,-1,1074,stop_too_wide,newyork,1861.1284999999998,,15.821,3.587
2022-05-10 05:30:00+00:00,-1,1074,out_of_session,off,1862.5549999999998,,,
2022-05-10 06:15:00+00:00,-1,1074,out_of_session,off,1862.7325,,,
2022-05-10 09:15:00+00:00,-1,1074,stop_too_wide,london,1861.4375,,14.935,2.432
2022-05-10 11:45:00+00:00,-1,1074,stop_too_wide,london,1860.4975,,15.882,2.446
2022-05-10 13:30:00+00:00,-1,1074,stop_too_wide,overlap,1859.375,,17.249,2.934
2022-05-10 15:00:00+00:00,-1,1076,stop_too_wide,overlap,1845.9875000000002,,20.484,3.688
2022-05-11 07:15:00+00:00,-1,1076,stop_too_wide,london,1847.1275,,11.451,2.692
2022-05-12 07:00:00+00:00,-1,1076,stop_too_wide,london,1847.0925,,11.418,2.556
2022-05-12 11:30:00+00:00,-1,1076,stop_too_wide,london,1841.245,,17.753,3.53
2022-05-25 17:30:00+00:00,-1,1076,stop_too_wide,newyork,1847.467,,11.074,2.617
2022-05-26 15:30:00+00:00,-1,1076,stop_too_wide,newyork,1845.342,,13.454,3.126
2022-06-13 05:00:00+00:00,1,1081,out_of_session,off,1865.4850000000001,,,
2022-06-20 00:15:00+00:00,-1,1091,out_of_session,off,1837.84,,,
2022-06-20 01:15:00+00:00,-1,1091,out_of_session,off,1837.5,,,
2022-06-20 01:45:00+00:00,-1,1091,out_of_session,off,1836.895,,,
2022-06-20 13:15:00+00:00,-1,1090,stop_too_wide,overlap,1840.313,,10.714,2.136
2022-06-21 00:00:00+00:00,-1,1097,out_of_session,off,1838.932,,,
2022-06-21 08:00:00+00:00,-1,1091,stop_too_wide,london,1836.8305,,8.052,1.897
2022-06-21 15:00:00+00:00,-1,1097,stop_too_wide,overlap,1838.105,,12.049,2.915
2022-06-21 15:30:00+00:00,-1,1097,stop_too_wide,newyork,1835.3125,,14.904,3.04
2022-06-22 04:45:00+00:00,-1,1080,out_of_session,off,1825.77,,,
2022-06-22 05:45:00+00:00,-1,1080,out_of_session,off,1824.97,,,
2022-06-22 06:00:00+00:00,-1,1080,out_of_session,off,1824.6525000000001,,,
2022-06-22 07:00:00+00:00,-1,1080,stop_too_wide,london,1824.9025000000001,,12.713,1.964
2022-06-22 08:00:00+00:00,-1,1080,stop_too_wide,london,1824.16,,13.664,2.382
2022-06-22 11:45:00+00:00,-1,1097,stop_too_wide,london,1836.4515000000001,,13.251,2.924
2022-06-22 23:30:00+00:00,-1,1091,out_of_session,off,1837.1475,,,
2022-06-23 15:15:00+00:00,-1,1097,stop_too_wide,overlap,1836.5774999999999,,15.024,3.154
2022-06-23 18:15:00+00:00,-1,1080,stop_too_wide,newyork,1823.19,,14.948,3.01
2022-06-23 20:00:00+00:00,-1,1080,stop_too_wide,newyork,1825.5925,,12.225,2.369
2022-06-24 03:00:00+00:00,-1,1080,out_of_session,off,1824.7024999999999,,,
2022-06-24 03:30:00+00:00,-1,1080,out_of_session,off,1825.2145,,,
2022-06-24 05:00:00+00:00,-1,1080,out_of_session,off,1825.3725,,,
2022-06-24 05:45:00+00:00,-1,1080,out_of_session,off,1824.8955,,,
2022-06-24 10:45:00+00:00,-1,1080,stop_too_wide,london,1825.26,,12.459,2.172
2022-06-24 11:15:00+00:00,-1,1080,stop_too_wide,london,1824.6875,,13.039,2.187
2022-06-24 12:00:00+00:00,-1,1080,stop_too_wide,overlap,1823.8274999999999,,13.968,2.325
2022-06-24 13:45:00+00:00,-1,1080,stop_too_wide,overlap,1822.745,,15.556,3.335
2022-06-24 19:30:00+00:00,-1,1080,stop_too_wide,newyork,1825.5775,,12.125,2.139
2022-06-26 22:00:00+00:00,-1,1091,out_of_session,off,1834.4499999999998,,,
2022-06-26 22:00:00+00:00,-1,1097,out_of_session,off,1834.4499999999998,,,
2022-07-05 08:15:00+00:00,-1,1082,stop_too_wide,london,1802.8225,,12.115,1.692
2022-07-05 08:45:00+00:00,-1,1082,stop_too_wide,london,1801.0475000000001,,13.921,1.754
2022-07-05 10:30:00+00:00,-1,1082,stop_too_wide,london,1802.0025,,13.042,1.906
2022-07-05 11:15:00+00:00,-1,1100,stop_too_wide,london,1798.7069999999999,,8.232,1.962
2022-07-05 12:30:00+00:00,-1,1082,stop_too_wide,overlap,1800.4450000000002,,14.96,2.627
2022-07-12 01:00:00+00:00,-1,1104,out_of_session,off,1724.7350000000001,,,
2022-07-12 04:30:00+00:00,-1,1104,out_of_session,off,1729.125,,,
2022-07-14 02:45:00+00:00,-1,1104,out_of_session,off,1729.31,,,
2022-07-14 04:15:00+00:00,-1,1104,out_of_session,off,1729.9445,,,
2022-07-14 04:30:00+00:00,-1,1104,out_of_session,off,1729.528,,,
2022-07-14 04:45:00+00:00,-1,1104,out_of_session,off,1728.103,,,
2022-07-20 23:00:00+00:00,-1,1109,out_of_session,off,1695.2800000000002,,,
2022-07-20 23:30:00+00:00,-1,1109,out_of_session,off,1695.132,,,
2022-07-21 00:00:00+00:00,-1,1109,out_of_session,off,1694.1550000000002,,,
2022-08-29 01:45:00+00:00,-1,1129,out_of_session,off,1723.882,,,
2022-08-29 03:45:00+00:00,-1,1129,out_of_session,off,1724.622,,,
2022-08-30 19:15:00+00:00,-1,1129,stop_too_wide,newyork,1724.63,,8.887,1.836
2022-09-06 12:15:00+00:00,-1,1135,stop_too_wide,overlap,1712.565,,7.963,1.787
2022-09-09 00:45:00+00:00,-1,1135,out_of_session,off,1713.683,,,
2022-09-22 01:00:00+00:00,-1,1144,out_of_session,off,1657.357,,,
2022-09-23 10:45:00+00:00,-1,1142,stop_too_wide,london,1643.56,,21.331,3.493
2022-11-06 23:00:00+00:00,1,1153,out_of_session,off,1678.54,,,
2022-11-15 07:30:00+00:00,1,1165,out_of_session,off,1780.47,,,
2022-11-15 23:00:00+00:00,1,1165,out_of_session,off,1779.2005,,,
2022-11-16 08:45:00+00:00,1,1165,stop_too_wide,london,1779.1595,,9.88,2.289
2022-11-16 13:15:00+00:00,1,1165,stop_too_wide,overlap,1781.0,,11.778,2.403
2022-11-24 07:00:00+00:00,1,1166,out_of_session,off,1756.8645000000001,,,
2022-11-24 07:15:00+00:00,1,1166,out_of_session,off,1756.8944999999999,,,
2022-11-24 09:00:00+00:00,1,1166,stop_too_wide,london,1757.865,,7.671,1.696
2022-11-24 10:00:00+00:00,1,1166,stop_too_wide,london,1758.2849999999999,,8.075,1.664
2022-11-24 11:30:00+00:00,1,1166,stop_too_wide,london,1757.96,,7.787,1.738
2022-11-24 15:15:00+00:00,1,1166,stop_too_wide,overlap,1756.7649999999999,,6.412,1.378
2022-11-24 15:30:00+00:00,1,1166,stop_too_wide,overlap,1758.17,,7.839,1.422
2022-11-24 16:45:00+00:00,1,1166,stop_too_wide,newyork,1756.9345,,6.541,1.296
2022-11-25 02:00:00+00:00,1,1166,out_of_session,off,1757.9545,,,
2022-11-25 06:45:00+00:00,1,1166,out_of_session,off,1757.0245,,,
2022-11-28 08:15:00+00:00,1,1166,stop_too_wide,london,1757.07,,8.318,2.065
2022-11-29 15:15:00+00:00,1,1166,stop_too_wide,overlap,1757.045,,11.477,2.763
2022-11-30 08:30:00+00:00,1,1166,stop_too_wide,london,1757.6149999999998,,7.381,1.615
2022-11-30 18:45:00+00:00,1,1166,stop_too_wide,newyork,1760.385,,17.454,3.957
2022-11-30 19:45:00+00:00,1,1173,stop_too_wide,newyork,1767.94,,25.16,4.259
2022-12-01 00:45:00+00:00,1,1165,out_of_session,off,1778.4250000000002,,,
2022-12-01 01:00:00+00:00,1,1165,out_of_session,off,1779.3045,,,
2022-12-01 04:00:00+00:00,1,1165,out_of_session,off,1777.68,,,
2022-12-01 04:15:00+00:00,1,1165,out_of_session,off,1778.0949999999998,,,
2022-12-01 11:00:00+00:00,1,1165,stop_too_wide,london,1778.3105,,8.98,2.186
2022-12-01 11:15:00+00:00,1,1165,stop_too_wide,london,1780.21,,10.903,2.233
2022-12-06 13:15:00+00:00,1,1165,stop_too_wide,overlap,1779.4099999999999,,10.074,2.175
2022-12-06 13:45:00+00:00,1,1165,stop_too_wide,overlap,1778.3249999999998,,9.017,2.231
2022-12-08 21:15:00+00:00,1,1167,stop_too_wide,newyork,1789.375,,7.581,1.671
2022-12-09 00:15:00+00:00,1,1167,out_of_session,off,1789.0700000000002,,,
2022-12-09 00:45:00+00:00,1,1167,out_of_session,off,1790.41,,,
2022-12-12 02:30:00+00:00,1,1167,out_of_session,off,1789.24,,,
2022-12-12 07:15:00+00:00,1,1167,out_of_session,off,1790.165,,,
2023-01-02 23:15:00+00:00,1,1181,out_of_session,off,1828.221,,,
2023-01-11 05:30:00+00:00,1,1191,out_of_session,off,1884.415,,,
2023-01-12 02:30:00+00:00,1,1191,out_of_session,off,1883.9765,,,
2023-01-12 04:45:00+00:00,1,1191,out_of_session,off,1884.4365,,,
2023-01-12 09:30:00+00:00,1,1191,stop_too_wide,london,1884.9585000000002,,6.972,1.568
2023-01-12 10:45:00+00:00,1,1191,stop_too_wide,london,1884.38,,6.358,1.496
2023-01-19 20:00:00+00:00,1,1196,stop_too_wide,newyork,1934.885,,15.517,3.026
2023-01-20 00:00:00+00:00,1,1196,out_of_session,off,1931.865,,,
2023-01-20 01:15:00+00:00,1,1196,out_of_session,off,1934.685,,,
2023-01-20 02:15:00+00:00,1,1196,out_of_session,off,1931.7965,,,
2023-01-20 07:45:00+00:00,1,1196,out_of_session,off,1933.135,,,
2023-01-23 00:45:00+00:00,1,1196,out_of_session,off,1932.3165,,,
2023-01-23 23:15:00+00:00,1,1196,out_of_session,off,1932.3465,,,
2023-01-24 00:00:00+00:00,1,1196,out_of_session,off,1932.0700000000002,,,
2023-01-24 01:00:00+00:00,1,1196,out_of_session,off,1932.46,,,
2023-01-24 15:30:00+00:00,1,1196,stop_too_wide,overlap,1933.63,,18.209,3.588
2023-01-24 16:45:00+00:00,1,1196,stop_too_wide,newyork,1932.4850000000001,,17.037,3.535
2023-01-25 03:15:00+00:00,1,1196,out_of_session,off,1932.845,,,
2023-01-25 03:45:00+00:00,1,1196,out_of_session,off,1931.85,,,
2023-01-25 06:30:00+00:00,1,1196,out_of_session,off,1932.2285000000002,,,
2023-01-25 06:45:00+00:00,1,1196,out_of_session,off,1933.6,,,
2023-01-25 10:15:00+00:00,1,1201,stop_too_wide,london,1925.94,,12.332,2.481
2023-01-25 14:00:00+00:00,1,1201,stop_too_wide,overlap,1926.6039999999998,,13.131,2.751
2023-01-26 07:45:00+00:00,1,1200,out_of_session,off,1942.99,,,
2023-01-26 08:15:00+00:00,1,1200,stop_too_wide,london,1943.655,,11.664,2.222
2023-01-27 00:15:00+00:00,1,1196,out_of_session,off,1932.4565,,,
2023-01-27 05:00:00+00:00,1,1201,out_of_session,off,1923.435,,,
2023-01-27 07:00:00+00:00,1,1201,out_of_session,off,1924.545,,,
2023-01-27 12:00:00+00:00,1,1196,stop_too_wide,london,1932.0900000000001,,9.325,1.853
2023-01-27 13:15:00+00:00,1,1196,stop_too_wide,overlap,1932.646,,9.97,2.031
2023-01-27 15:00:00+00:00,1,1201,stop_too_wide,overlap,1927.185,,14.114,3.214
2023-01-30 04:15:00+00:00,1,1196,out_of_session,off,1931.45,,,
2023-01-30 07:00:00+00:00,1,1196,out_of_session,off,1931.51,,,
2023-01-30 08:45:00+00:00,1,1201,stop_too_wide,london,1923.3435,,10.156,2.251
2023-01-30 09:00:00+00:00,1,1201,stop_too_wide,london,1923.5085,,10.291,2.19
2023-01-30 09:15:00+00:00,1,1201,stop_too_wide,london,1924.3384999999998,,11.104,2.156
2023-01-30 16:45:00+00:00,1,1201,stop_too_wide,newyork,1924.3935,,11.325,2.488
2023-01-30 17:30:00+00:00,1,1201,stop_too_wide,newyork,1924.6399999999999,,11.527,2.399
2023-01-30 19:15:00+00:00,1,1201,stop_too_wide,newyork,1924.1599999999999,,10.945,2.194
2023-02-01 17:15:00+00:00,1,1201,stop_too_wide,newyork,1925.6235,,12.546,2.948
2023-02-01 19:30:00+00:00,1,1201,stop_too_wide,newyork,1938.8665,,26.387,4.142
2023-02-01 19:45:00+00:00,1,1200,stop_too_wide,newyork,1943.08,,23.984,4.507
2023-02-01 20:15:00+00:00,1,1200,stop_too_wide,newyork,1947.5349999999999,,28.637,4.905
2023-02-13 01:15:00+00:00,-1,1192,out_of_session,off,1859.26,,,
2023-02-13 02:30:00+00:00,-1,1192,out_of_session,off,1860.1100000000001,,,
2023-02-13 03:45:00+00:00,-1,1192,out_of_session,off,1858.815,,,
2023-02-13 09:00:00+00:00,-1,1192,stop_too_wide,london,1860.25,,12.517,2.214
2023-02-13 12:30:00+00:00,-1,1192,stop_too_wide,london,1860.35,,12.492,2.363
2023-02-13 13:00:00+00:00,-1,1192,stop_too_wide,overlap,1859.93,,12.913,2.365
2023-02-14 06:15:00+00:00,-1,1192,out_of_session,off,1859.85,,,
2023-02-14 07:15:00+00:00,-1,1192,out_of_session,off,1859.214,,,
2023-02-14 08:15:00+00:00,-1,1192,stop_too_wide,london,1859.846,,12.749,1.869
2023-02-14 10:15:00+00:00,-1,1192,stop_too_wide,london,1860.53,,12.11,1.96
2023-02-14 10:30:00+00:00,-1,1192,stop_too_wide,london,1859.8915000000002,,12.768,1.998
2023-02-14 10:45:00+00:00,-1,1192,stop_too_wide,london,1859.23,,13.413,1.964
2023-02-14 13:00:00+00:00,-1,1192,stop_too_wide,overlap,1858.6,,14.221,2.321
2023-02-15 03:30:00+00:00,-1,1207,out_of_session,off,1848.3899999999999,,,
2023-02-21 00:45:00+00:00,-1,1212,out_of_session,off,1841.7035,,,
2023-02-21 02:30:00+00:00,-1,1212,out_of_session,off,1842.5385,,,
2023-02-23 03:15:00+00:00,-1,1211,out_of_session,off,1828.4335,,,
2023-02-23 03:30:00+00:00,-1,1211,out_of_session,off,1827.9735,,,
2023-02-23 05:00:00+00:00,-1,1211,out_of_session,off,1828.375,,,
2023-02-23 05:15:00+00:00,-1,1211,out_of_session,off,1828.35,,,
2023-02-23 08:30:00+00:00,-1,1211,stop_too_wide,london,1827.275,,7.506,1.852
2023-02-28 03:45:00+00:00,-1,1213,out_of_session,off,1814.98,,,
2023-02-28 07:00:00+00:00,-1,1213,out_of_session,off,1812.385,,,
2023-03-01 02:45:00+00:00,-1,1211,out_of_session,off,1827.81,,,
2023-03-08 11:45:00+00:00,-1,1213,stop_too_wide,london,1815.1399999999999,,6.321,1.48
2023-03-08 12:00:00+00:00,-1,1213,stop_too_wide,london,1815.1515,,6.295,1.451
2023-03-12 22:00:00+00:00,1,1208,out_of_session,off,1893.79,,,
2023-03-13 02:00:00+00:00,1,1208,out_of_session,off,1875.7645,,,
2023-03-13 07:30:00+00:00,1,1208,out_of_session,off,1877.585,,,
2023-03-17 12:15:00+00:00,1,1224,stop_too_wide,overlap,1940.85,,12.836,2.651
2023-03-21 22:15:00+00:00,1,1224,out_of_session,off,1942.2595,,,
2023-03-22 02:30:00+00:00,1,1224,out_of_session,off,1942.1165,,,
2023-03-22 03:30:00+00:00,1,1224,out_of_session,off,1940.99,,,
2023-03-22 06:15:00+00:00,1,1224,out_of_session,off,1941.81,,,
2023-03-22 08:00:00+00:00,1,1224,stop_too_wide,london,1943.55,,14.387,2.672
2023-03-22 10:45:00+00:00,1,1224,stop_too_wide,london,1942.69,,13.52,2.658
2023-03-22 11:45:00+00:00,1,1224,stop_too_wide,london,1942.53,,13.389,2.717
2023-03-22 13:15:00+00:00,1,1224,stop_too_wide,overlap,1940.94,,11.87,2.857
2023-03-22 13:45:00+00:00,1,1224,stop_too_wide,overlap,1942.9465,,13.937,2.98
2023-04-10 06:15:00+00:00,1,1233,out_of_session,off,1994.9355,,,
2023-04-11 00:00:00+00:00,1,1233,out_of_session,off,1995.2535,,,
2023-04-11 02:00:00+00:00,1,1233,out_of_session,off,1995.8715000000002,,,
2023-04-12 01:15:00+00:00,1,1229,out_of_session,off,2009.88,,,
2023-04-12 01:30:00+00:00,1,1226,out_of_session,off,2013.025,,,
2023-04-12 01:45:00+00:00,1,1226,out_of_session,off,2014.81,,,
2023-04-12 12:30:00+00:00,1,1226,stop_too_wide,overlap,2022.3400000000001,,18.675,3.25
2023-04-13 12:30:00+00:00,1,1235,stop_too_wide,overlap,2037.395,,13.178,2.592
2023-04-14 08:45:00+00:00,1,1235,stop_too_wide,london,2035.7615,,11.11,2.568
2023-04-14 12:15:00+00:00,1,1235,stop_too_wide,overlap,2036.8020000000001,,12.175,2.618
2023-04-17 11:00:00+00:00,1,1229,stop_too_wide,london,2008.475,,9.784,2.27
2023-05-09 20:00:00+00:00,1,1235,stop_too_wide,newyork,2034.8565,,9.801,1.684
2023-05-09 22:00:00+00:00,1,1235,out_of_session,off,2035.1245,,,
2023-05-10 12:30:00+00:00,1,1235,stop_too_wide,overlap,2046.2694999999999,,22.716,3.131
2023-05-11 00:45:00+00:00,1,1235,out_of_session,off,2035.3595,,,
2023-05-11 11:15:00+00:00,1,1235,stop_too_wide,london,2036.7445,,13.926,2.702
2023-05-22 05:45:00+00:00,-1,1234,out_of_session,off,1973.165,,,
2023-05-22 11:30:00+00:00,-1,1234,stop_too_wide,london,1971.2785,,15.161,2.305
2023-05-22 13:15:00+00:00,-1,1234,stop_too_wide,overlap,1972.3685,,14.202,2.566
2023-05-22 13:45:00+00:00,-1,1234,stop_too_wide,overlap,1971.5445,,15.127,2.768
2023-05-22 15:00:00+00:00,-1,1234,stop_too_wide,overlap,1972.72,,14.132,3.129
2023-05-22 15:30:00+00:00,-1,1234,stop_too_wide,newyork,1971.2335,,15.542,2.977
2023-05-23 14:15:00+00:00,-1,1234,stop_too_wide,overlap,1968.9450000000002,,18.063,3.442
2023-05-23 16:45:00+00:00,-1,1234,stop_too_wide,newyork,1973.1295,,13.647,2.979
2023-05-23 17:00:00+00:00,-1,1234,stop_too_wide,newyork,1972.07,,14.677,2.919
2023-05-24 13:45:00+00:00,-1,1234,stop_too_wide,overlap,1972.6045,,14.163,2.916
2023-05-24 15:45:00+00:00,-1,1240,stop_too_wide,newyork,1963.105,,15.31,3.53
2023-05-25 13:30:00+00:00,-1,1249,stop_too_wide,overlap,1944.725,,20.438,4.063
2023-05-26 05:45:00+00:00,-1,1249,out_of_session,off,1948.74,,,
2023-05-26 12:30:00+00:00,-1,1249,stop_too_wide,overlap,1944.7849999999999,,12.759,2.221
2023-05-30 05:30:00+00:00,-1,1252,out_of_session,off,1934.55,,,
2023-05-30 06:00:00+00:00,-1,1252,out_of_session,off,1932.6750000000002,,,
2023-05-31 15:30:00+00:00,-1,1234,stop_too_wide,newyork,1971.9765,,15.089,3.556
2023-06-04 22:15:00+00:00,-1,1249,out_of_session,off,1949.605,,,
2023-06-04 23:15:00+00:00,-1,1249,out_of_session,off,1948.775,,,
2023-06-19 17:45:00+00:00,-1,1249,stop_too_wide,newyork,1949.72,,9.621,1.163
2023-06-20 01:15:00+00:00,-1,1249,out_of_session,off,1948.94,,,
2023-06-20 01:30:00+00:00,-1,1249,out_of_session,off,1947.8899999999999,,,
2023-06-20 05:00:00+00:00,-1,1249,out_of_session,off,1948.03,,,
2023-06-20 07:45:00+00:00,-1,1253,stop_too_wide,london,1954.96,,8.169,1.857
2023-06-20 12:30:00+00:00,-1,1249,stop_too_wide,overlap,1948.165,,11.601,2.013
2023-06-20 13:30:00+00:00,-1,1252,stop_too_wide,overlap,1933.41,,22.591,2.803
2023-06-21 06:00:00+00:00,-1,1252,out_of_session,off,1932.145,,,
2023-06-21 08:00:00+00:00,-1,1252,stop_too_wide,london,1934.63,,8.512,1.735
2023-06-21 09:00:00+00:00,-1,1252,stop_too_wide,london,1933.4250000000002,,9.711,1.723
2023-06-21 09:45:00+00:00,-1,1252,stop_too_wide,london,1933.32,,9.881,1.852
2023-06-21 10:45:00+00:00,-1,1252,stop_too_wide,london,1934.385,,8.783,1.786
2023-06-21 11:15:00+00:00,-1,1252,stop_too_wide,london,1933.625,,9.53,1.761
2023-06-21 12:00:00+00:00,-1,1252,stop_too_wide,overlap,1934.3249999999998,,8.79,1.68
2023-06-21 19:30:00+00:00,-1,1252,stop_too_wide,newyork,1934.065,,9.354,2.287
2023-06-21 23:45:00+00:00,-1,1252,out_of_session,off,1933.91,,,
2023-06-22 08:30:00+00:00,-1,1255,stop_too_wide,london,1925.0865,,9.904,1.955
2023-06-23 13:45:00+00:00,-1,1252,stop_too_wide,overlap,1932.29,,11.359,2.749
2023-06-23 14:30:00+00:00,-1,1255,stop_too_wide,overlap,1924.35,,14.591,2.991
2023-06-26 01:45:00+00:00,-1,1255,out_of_session,off,1925.51,,,
2023-06-26 13:30:00+00:00,-1,1255,stop_too_wide,overlap,1924.975,,9.985,1.894
2023-06-26 15:45:00+00:00,-1,1255,stop_too_wide,newyork,1925.77,,9.29,2.092
2023-06-27 02:00:00+00:00,-1,1255,out_of_session,off,1927.7845,,,
2023-06-27 02:15:00+00:00,-1,1255,out_of_session,off,1927.2395000000001,,,
2023-06-27 05:30:00+00:00,-1,1255,out_of_session,off,1926.73,,,
2023-06-27 08:00:00+00:00,-1,1255,stop_too_wide,london,1926.3384999999998,,8.461,1.572
2023-06-27 13:45:00+00:00,-1,1255,stop_too_wide,overlap,1923.65,,11.694,2.66
2023-07-07 12:30:00+00:00,-1,1255,stop_too_wide,overlap,1920.1280000000002,,15.075,2.378
2023-07-07 15:00:00+00:00,-1,1252,stop_too_wide,overlap,1929.4845,,14.573,3.565
2023-07-17 09:45:00+00:00,1,1249,stop_too_wide,london,1958.7044999999998,,10.158,1.771
2023-07-18 01:15:00+00:00,1,1249,out_of_session,off,1959.0349999999999,,,
2023-07-18 02:45:00+00:00,1,1249,out_of_session,off,1959.08,,,
2023-07-18 06:15:00+00:00,1,1249,out_of_session,off,1959.835,,,
2023-07-18 07:00:00+00:00,1,1253,stop_too_wide,london,1962.495,,7.974,1.447
2023-07-18 07:15:00+00:00,1,1253,stop_too_wide,london,1963.0549999999998,,8.539,1.455
2023-07-18 10:00:00+00:00,1,1253,stop_too_wide,london,1963.19,,8.676,1.46
2023-07-18 11:00:00+00:00,1,1253,stop_too_wide,london,1963.625,,9.095,1.428
2023-07-18 12:45:00+00:00,1,1253,stop_too_wide,overlap,1968.7395000000001,,15.1,3.208
2023-07-20 19:00:00+00:00,1,1251,stop_too_wide,newyork,1969.9535,,8.862,2.176
2023-07-21 06:00:00+00:00,1,1251,out_of_session,off,1971.15,,,
2023-07-21 07:00:00+00:00,1,1251,stop_too_wide,london,1970.81,,9.243,1.227
2023-07-21 08:15:00+00:00,1,1253,stop_too_wide,london,1963.815,,9.382,1.621
2023-07-21 09:15:00+00:00,1,1253,stop_too_wide,london,1963.8899999999999,,9.602,1.912
2023-07-21 14:15:00+00:00,1,1249,stop_too_wide,overlap,1960.87,,12.754,2.633
2023-07-21 15:00:00+00:00,1,1249,stop_too_wide,overlap,1960.885,,12.927,2.948
2023-07-21 20:15:00+00:00,1,1253,stop_too_wide,newyork,1962.1985,,7.699,1.489
2023-07-23 22:00:00+00:00,1,1253,out_of_session,off,1962.8105,,,
2023-07-23 22:45:00+00:00,1,1253,out_of_session,off,1962.0,,,
2023-07-24 01:00:00+00:00,1,1253,out_of_session,off,1962.2855,,,
2023-07-24 09:00:00+00:00,1,1253,stop_too_wide,london,1962.9650000000001,,8.628,1.815
2023-07-24 13:30:00+00:00,1,1253,stop_too_wide,overlap,1963.2395,,9.043,2.094
2023-07-24 14:30:00+00:00,1,1249,stop_too_wide,overlap,1960.06,,11.967,2.679
2023-07-25 04:00:00+00:00,1,1253,out_of_session,off,1961.99,,,
2023-07-25 05:30:00+00:00,1,1253,out_of_session,off,1962.6100000000001,,,
2023-07-25 07:00:00+00:00,1,1253,stop_too_wide,london,1962.6135,,8.122,1.505
2023-07-25 08:15:00+00:00,1,1253,stop_too_wide,london,1962.17,,7.798,1.745
2023-07-25 08:30:00+00:00,1,1253,stop_too_wide,london,1962.475,,8.141,1.821
2023-07-25 11:45:00+00:00,1,1249,stop_too_wide,london,1960.7849999999999,,12.408,2.11
2023-07-25 12:45:00+00:00,1,1249,stop_too_wide,overlap,1959.4699999999998,,11.211,2.346
2023-07-25 15:15:00+00:00,1,1253,stop_too_wide,overlap,1963.6965,,13.183,3.025
2023-07-26 06:15:00+00:00,1,1251,out_of_session,off,1969.9015,,,
2023-07-26 07:45:00+00:00,1,1251,stop_too_wide,london,1970.6415000000002,,9.221,1.446
2023-07-26 15:00:00+00:00,1,1251,stop_too_wide,overlap,1970.955,,9.952,2.28
2023-07-26 17:30:00+00:00,1,1251,stop_too_wide,newyork,1970.32,,9.156,1.958
2023-07-26 18:30:00+00:00,1,1251,stop_too_wide,newyork,1976.205,,15.628,3.132
2023-08-03 07:00:00+00:00,-1,1261,stop_too_wide,london,1931.5345,,9.272,1.595
2023-08-04 07:45:00+00:00,-1,1261,stop_too_wide,london,1932.95,,7.8,1.48
2023-08-04 10:00:00+00:00,-1,1261,stop_too_wide,london,1932.66,,8.029,1.358
2023-08-04 11:00:00+00:00,-1,1261,stop_too_wide,london,1932.6,,8.077,1.335
2023-08-07 13:45:00+00:00,-1,1270,stop_too_wide,overlap,1933.745,,15.029,2.133
2023-08-07 15:15:00+00:00,-1,1261,stop_too_wide,overlap,1933.0665,,8.961,2.196
2023-08-08 01:15:00+00:00,-1,1261,out_of_session,off,1933.315,,,
2023-08-08 03:45:00+00:00,-1,1261,out_of_session,off,1933.16,,,
2023-08-08 05:15:00+00:00,-1,1261,out_of_session,off,1933.3935000000001,,,
2023-08-08 06:15:00+00:00,-1,1261,out_of_session,off,1933.2685000000001,,,
2023-08-08 06:45:00+00:00,-1,1261,out_of_session,off,1933.21,,,
2023-08-08 07:15:00+00:00,-1,1261,stop_too_wide,london,1932.83,,7.853,1.348
2023-08-08 10:15:00+00:00,-1,1261,stop_too_wide,london,1932.5385,,8.297,1.651
2023-08-09 14:45:00+00:00,-1,1279,stop_too_wide,overlap,1917.41,,11.637,2.734
2023-08-10 13:15:00+00:00,-1,1279,stop_too_wide,overlap,1920.48,,10.886,2.362
2023-08-10 14:00:00+00:00,-1,1279,stop_too_wide,overlap,1917.53,,14.146,2.982
2023-08-22 04:45:00+00:00,-1,1291,out_of_session,off,1894.045,,,
2023-08-22 13:15:00+00:00,-1,1291,stop_too_wide,overlap,1894.6835,,9.748,1.904
2023-08-23 02:00:00+00:00,-1,1288,out_of_session,off,1901.6100000000001,,,
2023-08-23 05:45:00+00:00,-1,1288,out_of_session,off,1902.65,,,
2023-08-23 06:45:00+00:00,-1,1288,out_of_session,off,1902.955,,,
2023-08-23 07:30:00+00:00,-1,1288,stop_too_wide,london,1902.315,,7.065,1.343
2023-09-14 02:00:00+00:00,-1,1281,out_of_session,off,1909.7649999999999,,,
2023-09-14 03:00:00+00:00,-1,1281,out_of_session,off,1909.3600000000001,,,
2023-09-14 04:30:00+00:00,-1,1281,out_of_session,off,1909.63,,,
2023-09-14 05:30:00+00:00,-1,1281,out_of_session,off,1910.0,,,
2023-09-14 12:30:00+00:00,-1,1288,stop_too_wide,overlap,1903.0,,8.241,1.632
2023-09-14 12:30:00+00:00,-1,1298,stop_too_wide,overlap,1903.0,,8.241,1.632
2023-09-14 13:15:00+00:00,-1,1288,stop_too_wide,overlap,1902.49,,9.023,2.176
2023-09-14 13:15:00+00:00,-1,1298,stop_too_wide,overlap,1902.49,,9.023,2.176
2023-09-14 22:15:00+00:00,-1,1281,out_of_session,off,1910.5265,,,
2023-09-14 22:30:00+00:00,-1,1281,out_of_session,off,1910.4,,,
2023-09-15 00:15:00+00:00,-1,1281,out_of_session,off,1910.49,,,
2023-09-15 02:00:00+00:00,-1,1297,out_of_session,off,1915.0035,,,
2023-09-15 03:00:00+00:00,-1,1297,out_of_session,off,1914.7735,,,
2023-10-27 18:00:00+00:00,1,1317,stop_too_wide,newyork,2004.3285,,26.47,3.672
2023-10-30 13:00:00+00:00,1,1317,stop_too_wide,overlap,2002.2649999999999,,12.338,2.547
2023-10-31 10:45:00+00:00,1,1317,stop_too_wide,london,2000.06,,9.672,1.625
2023-10-31 11:30:00+00:00,1,1317,stop_too_wide,london,1999.84,,9.447,1.615
2023-10-31 13:45:00+00:00,1,1317,stop_too_wide,overlap,2002.5445,,12.582,2.477
2023-11-24 08:15:00+00:00,1,1324,stop_too_wide,london,1993.3165,,5.642,1.312
2023-11-24 13:30:00+00:00,1,1317,stop_too_wide,overlap,2000.955,,12.607,1.745
2023-11-24 16:15:00+00:00,1,1317,stop_too_wide,overlap,2000.3114999999998,,12.134,2.087
2023-11-24 16:45:00+00:00,1,1317,stop_too_wide,newyork,1999.9365,,11.713,1.995
2023-11-27 01:15:00+00:00,1,1323,out_of_session,off,2017.0900000000001,,,
2023-11-27 04:30:00+00:00,1,1323,out_of_session,off,2013.2555,,,
2023-11-27 05:30:00+00:00,1,1323,out_of_session,off,2012.1599999999999,,,
2023-11-27 06:00:00+00:00,1,1323,out_of_session,off,2011.6315,,,
2023-12-06 16:30:00+00:00,1,1337,stop_too_wide,newyork,2026.615,,20.918,3.247
2023-12-14 08:15:00+00:00,1,1339,stop_too_wide,london,2040.2150000000001,,12.407,3.053
2023-12-14 14:30:00+00:00,1,1339,stop_too_wide,overlap,2047.83,,22.097,3.735
2023-12-14 14:30:00+00:00,1,1342,stop_too_wide,overlap,2047.83,,22.097,3.735
2023-12-15 08:45:00+00:00,1,1339,stop_too_wide,london,2040.12,,10.648,1.826
2023-12-15 09:00:00+00:00,1,1342,stop_too_wide,london,2043.145,,10.99,1.992
2023-12-15 10:15:00+00:00,1,1342,stop_too_wide,london,2043.85,,11.766,2.134
2023-12-15 10:30:00+00:00,1,1342,stop_too_wide,london,2043.935,,11.828,2.088
2023-12-15 12:00:00+00:00,1,1342,stop_too_wide,london,2043.15,,11.0,2.002
2024-01-18 00:00:00+00:00,-1,1337,out_of_session,off,2008.74,,,
2024-01-18 02:30:00+00:00,-1,1337,out_of_session,off,2008.8615,,,
2024-01-18 13:30:00+00:00,-1,1337,stop_too_wide,overlap,2009.29,,14.666,2.313
2024-01-18 13:45:00+00:00,-1,1337,stop_too_wide,overlap,2009.165,,14.823,2.377
2024-01-19 11:00:00+00:00,-1,1342,stop_too_wide,london,2030.29,,13.013,1.537
2024-01-19 14:30:00+00:00,-1,1342,stop_too_wide,overlap,2027.9535,,15.747,2.332
2024-01-19 15:00:00+00:00,-1,1340,stop_too_wide,overlap,2024.7150000000001,,16.162,2.824
2024-01-19 15:00:00+00:00,-1,1342,stop_too_wide,overlap,2024.7150000000001,,19.231,2.824
2024-01-23 07:15:00+00:00,-1,1342,out_of_session,off,2029.6135,,,
2024-01-23 12:15:00+00:00,-1,1340,stop_too_wide,london,2024.165,,10.605,2.122
2024-01-23 14:00:00+00:00,-1,1340,stop_too_wide,overlap,2024.0185000000001,,10.905,2.429
2024-01-23 16:15:00+00:00,-1,1340,stop_too_wide,overlap,2023.815,,11.162,2.536
2024-01-23 17:00:00+00:00,-1,1340,stop_too_wide,newyork,2024.615,,10.306,2.425
2024-01-26 14:00:00+00:00,-1,1340,stop_too_wide,overlap,2023.125,,11.755,2.342
2024-01-28 23:00:00+00:00,-1,1340,out_of_session,off,2024.405,,,
2024-01-28 23:30:00+00:00,-1,1340,out_of_session,off,2023.565,,,
2024-02-07 07:00:00+00:00,1,1340,out_of_session,off,2034.34,,,
2024-02-07 09:15:00+00:00,1,1340,stop_too_wide,london,2034.1,,9.466,1.17
2024-02-07 11:15:00+00:00,1,1340,stop_too_wide,london,2035.03,,10.376,1.131
2024-02-07 11:45:00+00:00,1,1340,stop_too_wide,london,2034.21,,9.571,1.161
2024-02-07 13:15:00+00:00,1,1340,stop_too_wide,overlap,2034.725,,10.226,1.44
2024-02-07 14:30:00+00:00,1,1340,stop_too_wide,overlap,2040.37,,16.281,2.259
2024-02-09 01:00:00+00:00,1,1340,out_of_session,off,2034.145,,,
2024-02-27 01:30:00+00:00,1,1340,out_of_session,off,2033.3065,,,
2024-02-27 01:45:00+00:00,1,1340,out_of_session,off,2033.6115,,,
2024-02-27 02:30:00+00:00,1,1340,out_of_session,off,2034.1665,,,
2024-02-27 03:45:00+00:00,1,1340,out_of_session,off,2033.49,,,
2024-02-27 08:15:00+00:00,1,1354,stop_too_wide,london,2037.41,,7.172,1.038
2024-02-27 10:45:00+00:00,1,1354,stop_too_wide,london,2036.51,,6.377,1.247
2024-02-27 11:30:00+00:00,1,1354,stop_too_wide,london,2037.8265,,7.726,1.313
2024-02-27 14:15:00+00:00,1,1354,stop_too_wide,overlap,2036.5,,6.54,1.593
2024-02-27 16:15:00+00:00,1,1340,stop_too_wide,overlap,2034.0165,,9.228,1.836
2024-02-27 18:00:00+00:00,1,1340,stop_too_wide,newyork,2035.135,,10.362,1.867
2024-02-27 20:30:00+00:00,1,1356,stop_too_wide,newyork,2030.1435,,7.219,1.566
2024-02-28 01:30:00+00:00,1,1340,out_of_session,off,2033.31,,,
2024-02-28 01:45:00+00:00,1,1340,out_of_session,off,2033.5149999999999,,,
2024-02-28 12:30:00+00:00,1,1356,stop_too_wide,london,2029.6115,,6.487,1.166
2024-02-28 13:00:00+00:00,1,1356,stop_too_wide,overlap,2032.3765,,9.335,1.332
2024-02-28 16:15:00+00:00,1,1340,stop_too_wide,overlap,2033.6215000000002,,8.814,1.799
2024-02-28 16:45:00+00:00,1,1340,stop_too_wide,newyork,2033.68,,8.852,1.757
2024-02-28 17:45:00+00:00,1,1340,stop_too_wide,newyork,2033.87,,9.016,1.705
2024-02-28 20:00:00+00:00,1,1340,stop_too_wide,newyork,2033.7335,,8.739,1.425
2024-02-28 20:15:00+00:00,1,1340,stop_too_wide,newyork,2034.2,,9.194,1.402
2024-02-28 21:15:00+00:00,1,1340,stop_too_wide,newyork,2033.72,,8.614,1.202
2024-02-29 01:30:00+00:00,1,1354,out_of_session,off,2036.31,,,
2024-02-29 01:45:00+00:00,1,1354,out_of_session,off,2036.5585,,,
2024-02-29 02:15:00+00:00,1,1354,out_of_session,off,2036.7615,,,
2024-02-29 03:45:00+00:00,1,1354,out_of_session,off,2036.6165,,,
2024-02-29 06:15:00+00:00,1,1354,out_of_session,off,2036.4595,,,
2024-02-29 08:15:00+00:00,1,1354,stop_too_wide,london,2036.905,,6.669,1.042
2024-02-29 08:45:00+00:00,1,1354,stop_too_wide,london,2037.2849999999999,,7.068,1.079
2024-02-29 11:45:00+00:00,1,1356,stop_too_wide,london,2030.3784999999998,,7.285,1.227
2024-02-29 12:30:00+00:00,1,1356,stop_too_wide,london,2030.2849999999999,,7.227,1.299
2024-02-29 13:30:00+00:00,1,1340,stop_too_wide,overlap,2043.92,,19.298,2.169
2024-02-29 13:30:00+00:00,1,1354,stop_too_wide,overlap,2043.92,,16.834,2.169
2024-03-01 09:00:00+00:00,1,1342,stop_too_wide,london,2043.7350000000001,,12.073,1.659
2024-03-01 15:15:00+00:00,1,1352,stop_too_wide,overlap,2063.7015,,19.743,3.402
2024-03-17 22:15:00+00:00,1,1374,out_of_session,off,2155.45,,,
2024-03-17 22:45:00+00:00,1,1374,out_of_session,off,2155.06,,,
2024-03-18 09:00:00+00:00,1,1374,stop_too_wide,london,2155.3514999999998,,7.769,1.866
2024-03-18 09:30:00+00:00,1,1374,stop_too_wide,london,2155.38,,7.789,1.85
2024-03-19 07:45:00+00:00,1,1374,out_of_session,off,2155.8315000000002,,,
2024-03-19 10:00:00+00:00,1,1374,stop_too_wide,london,2155.425,,9.356,2.282
2024-03-19 12:30:00+00:00,1,1374,stop_too_wide,overlap,2157.995,,10.793,2.627
2024-03-20 08:15:00+00:00,1,1374,stop_too_wide,london,2156.4385,,8.683,1.521
2024-03-20 09:15:00+00:00,1,1374,stop_too_wide,london,2155.6585,,7.864,1.442
2024-03-20 18:30:00+00:00,1,1371,stop_too_wide,newyork,2174.4305,,19.947,4.353
2024-05-17 14:15:00+00:00,1,1392,stop_too_wide,overlap,2405.93,,21.074,4.149
2024-05-17 14:30:00+00:00,1,1392,stop_too_wide,overlap,2409.05,,21.915,4.31
2024-05-17 15:45:00+00:00,1,1392,stop_too_wide,newyork,2407.79,,21.042,5.085
2024-05-22 11:45:00+00:00,1,1392,stop_too_wide,london,2408.7785,,21.117,3.258
2024-07-04 06:30:00+00:00,1,1399,out_of_session,off,2355.3415,,,
2024-07-04 07:30:00+00:00,1,1405,stop_too_wide,london,2357.24,,9.292,2.226
2024-07-04 07:45:00+00:00,1,1405,stop_too_wide,london,2357.62,,9.661,2.205
2024-07-04 09:15:00+00:00,1,1405,stop_too_wide,london,2357.26,,9.295,2.193
2024-07-05 12:30:00+00:00,1,1399,stop_too_wide,overlap,2373.0085,,36.319,3.926
2024-07-05 12:30:00+00:00,1,1422,stop_too_wide,overlap,2373.0085,,26.395,3.926
2024-07-08 10:00:00+00:00,1,1411,stop_too_wide,london,2372.1465,,11.675,2.55
2024-07-08 13:45:00+00:00,1,1411,stop_too_wide,overlap,2375.59,,15.379,3.07
2024-07-08 19:00:00+00:00,1,1422,stop_too_wide,newyork,2357.7565000000004,,12.632,3.089
2024-07-10 06:45:00+00:00,1,1411,out_of_session,off,2372.0015000000003,,,
2024-07-10 17:45:00+00:00,1,1411,stop_too_wide,newyork,2373.0834999999997,,12.844,3.014
2024-07-10 18:30:00+00:00,1,1411,stop_too_wide,newyork,2371.8185000000003,,11.495,2.846
2024-07-10 19:45:00+00:00,1,1411,stop_too_wide,newyork,2371.875,,11.345,2.432
2024-07-24 12:45:00+00:00,1,1428,stop_too_wide,overlap,2421.48,,13.56,2.92
2024-07-24 13:30:00+00:00,1,1428,stop_too_wide,overlap,2422.955,,15.32,3.491
2024-07-24 14:15:00+00:00,1,1428,stop_too_wide,overlap,2426.3215,,19.13,4.378
2024-08-08 14:15:00+00:00,1,1428,stop_too_wide,overlap,2423.87,,24.038,5.146
2024-08-08 16:15:00+00:00,1,1428,stop_too_wide,newyork,2423.2250000000004,,22.614,4.884
2024-08-08 17:15:00+00:00,1,1428,stop_too_wide,newyork,2423.705,,23.06,4.816
2024-08-08 17:45:00+00:00,1,1428,stop_too_wide,newyork,2423.605,,22.87,4.638
2024-08-09 01:15:00+00:00,1,1428,out_of_session,off,2424.0245,,,
2024-08-09 04:45:00+00:00,1,1428,out_of_session,off,2423.98,,,
2024-08-09 07:15:00+00:00,1,1428,stop_too_wide,london,2424.615,,22.897,2.672
2024-08-09 08:45:00+00:00,1,1428,stop_too_wide,london,2424.5335,,22.883,2.807
2024-08-09 10:30:00+00:00,1,1426,stop_too_wide,london,2430.145,,18.224,2.668
2024-08-09 12:45:00+00:00,1,1426,stop_too_wide,overlap,2429.755,,17.907,2.815
2024-08-09 13:15:00+00:00,1,1426,stop_too_wide,overlap,2431.9865,,20.142,2.822
2024-08-09 13:45:00+00:00,1,1428,stop_too_wide,overlap,2426.735,,25.484,3.606
2024-08-09 14:00:00+00:00,1,1426,stop_too_wide,overlap,2430.2555,,18.847,3.695
2024-08-09 14:15:00+00:00,1,1426,stop_too_wide,overlap,2432.15,,20.741,3.693
2024-08-09 15:30:00+00:00,1,1426,stop_too_wide,newyork,2431.3665,,20.064,3.905
2024-08-09 16:15:00+00:00,1,1426,stop_too_wide,newyork,2430.63,,19.23,3.71
2024-08-09 18:45:00+00:00,1,1426,stop_too_wide,newyork,2429.885,,18.147,3.034
2024-08-09 20:00:00+00:00,1,1426,stop_too_wide,newyork,2430.3315000000002,,18.378,2.605
2024-08-09 20:30:00+00:00,1,1426,stop_too_wide,newyork,2430.58,,18.554,2.46
2024-08-11 22:15:00+00:00,1,1426,out_of_session,off,2432.71,,,
2024-08-11 22:45:00+00:00,1,1426,out_of_session,off,2430.55,,,
2024-08-12 04:00:00+00:00,1,1426,out_of_session,off,2429.81,,,
2024-08-12 05:45:00+00:00,1,1426,out_of_session,off,2434.7200000000003,,,
2024-08-12 10:30:00+00:00,1,1430,stop_too_wide,london,2444.655,,11.78,2.356
2024-08-12 12:15:00+00:00,1,1430,stop_too_wide,overlap,2444.1099999999997,,11.21,2.306
2024-08-12 13:00:00+00:00,1,1430,stop_too_wide,overlap,2444.7349999999997,,11.836,2.309
2024-08-12 18:00:00+00:00,1,1439,stop_too_wide,newyork,2469.105,,17.643,3.59
2024-08-13 12:30:00+00:00,1,1439,stop_too_wide,overlap,2471.0415000000003,,19.174,2.779
2024-08-13 13:30:00+00:00,1,1439,stop_too_wide,overlap,2473.745,,22.455,3.934
2024-08-13 14:30:00+00:00,1,1439,stop_too_wide,overlap,2469.1000000000004,,17.929,4.172
2024-08-13 16:45:00+00:00,1,1439,stop_too_wide,newyork,2469.5285000000003,,18.078,3.612
2024-08-14 01:00:00+00:00,1,1439,out_of_session,off,2468.4134999999997,,,
2024-08-14 07:00:00+00:00,1,1439,stop_too_wide,london,2469.84,,17.85,2.534
2024-08-16 11:00:00+00:00,1,1439,stop_too_wide,london,2468.7445,,16.815,2.656
2024-08-16 11:45:00+00:00,1,1439,stop_too_wide,london,2472.2084999999997,,20.435,2.967
2024-08-16 13:15:00+00:00,1,1431,stop_too_wide,overlap,2488.0215,,25.154,4.528
2024-08-16 13:30:00+00:00,1,1431,stop_too_wide,overlap,2494.09,,29.122,4.933
2024-08-22 04:30:00+00:00,1,1447,out_of_session,off,2502.015,,,
2024-08-23 09:15:00+00:00,1,1447,stop_too_wide,london,2501.2799999999997,,11.627,2.283
2024-08-23 11:45:00+00:00,1,1447,stop_too_wide,london,2501.6785,,12.06,2.352
2024-08-23 12:30:00+00:00,1,1447,stop_too_wide,overlap,2500.9,,11.306,2.4
2024-08-23 14:00:00+00:00,1,1447,stop_too_wide,overlap,2517.105,,28.365,4.108
2024-08-28 13:00:00+00:00,1,1447,stop_too_wide,overlap,2506.2200000000003,,17.025,3.2
2024-08-29 00:15:00+00:00,1,1451,out_of_session,off,2514.255,,,
2024-08-29 13:30:00+00:00,1,1451,stop_too_wide,overlap,2514.445,,15.602,3.882
2024-09-27 20:45:00+00:00,1,1462,stop_too_wide,newyork,2658.425,,14.511,3.573
2024-09-30 05:30:00+00:00,1,1462,out_of_session,off,2658.7585,,,
2024-09-30 06:15:00+00:00,1,1462,out_of_session,off,2659.375,,,
2024-09-30 07:00:00+00:00,1,1462,stop_too_wide,london,2659.135,,13.783,2.767
2024-10-02 01:15:00+00:00,1,1462,out_of_session,off,2659.2799999999997,,,
2024-10-02 13:15:00+00:00,1,1462,stop_too_wide,overlap,2657.99,,16.066,3.795
2024-10-02 13:45:00+00:00,1,1462,stop_too_wide,overlap,2659.518,,17.765,4.136
2024-10-02 19:30:00+00:00,1,1462,stop_too_wide,newyork,2658.2615,,13.043,3.034
2024-10-02 19:45:00+00:00,1,1462,stop_too_wide,newyork,2658.6765,,13.407,2.932
2024-10-03 01:45:00+00:00,1,1462,out_of_session,off,2658.3199999999997,,,
2024-10-03 02:15:00+00:00,1,1462,out_of_session,off,2658.215,,,
2024-10-29 01:45:00+00:00,1,1471,out_of_session,off,2752.14,,,
2024-10-29 03:30:00+00:00,1,1471,out_of_session,off,2752.7915000000003,,,
2024-10-29 06:00:00+00:00,1,1471,out_of_session,off,2751.285,,,
2024-10-29 08:30:00+00:00,1,1471,stop_too_wide,london,2751.9745000000003,,15.767,2.795
2024-10-29 11:00:00+00:00,1,1471,stop_too_wide,london,2751.2,,14.925,2.66
2024-10-29 12:30:00+00:00,1,1471,stop_too_wide,overlap,2752.145,,16.052,3.025
2024-10-29 13:00:00+00:00,1,1471,stop_too_wide,overlap,2755.58,,19.71,3.47
2024-11-01 03:45:00+00:00,1,1471,out_of_session,off,2751.855,,,
2024-11-01 04:15:00+00:00,1,1471,out_of_session,off,2751.81,,,
2024-11-01 08:00:00+00:00,1,1471,stop_too_wide,london,2752.525,,16.195,2.55
2024-11-06 01:00:00+00:00,1,1474,out_of_session,off,2738.99,,,
2024-11-26 12:30:00+00:00,-1,1464,stop_too_wide,london,2630.4750000000004,,19.389,3.792
2024-11-26 14:15:00+00:00,-1,1464,stop_too_wide,overlap,2629.195,,21.242,4.938
2024-11-27 00:00:00+00:00,-1,1464,out_of_session,off,2631.1800000000003,,,
2024-12-26 11:30:00+00:00,-1,1491,stop_too_wide,london,2628.755,,7.993,1.772
2024-12-26 13:15:00+00:00,-1,1491,stop_too_wide,overlap,2628.1495,,8.753,2.082
2024-12-27 12:15:00+00:00,-1,1464,stop_too_wide,london,2628.6265000000003,,19.351,2.326
2024-12-27 12:30:00+00:00,-1,1491,stop_too_wide,london,2627.6535,,9.377,2.338
2024-12-27 13:15:00+00:00,-1,1496,stop_too_wide,overlap,2620.7585,,17.327,2.907
2024-12-27 14:15:00+00:00,-1,1484,stop_too_wide,overlap,2614.973,,17.934,3.243
2024-12-27 15:00:00+00:00,-1,1484,stop_too_wide,overlap,2615.1504999999997,,17.869,3.467
2024-12-27 15:15:00+00:00,-1,1484,stop_too_wide,overlap,2614.805,,18.22,3.479
2024-12-27 20:00:00+00:00,-1,1484,stop_too_wide,newyork,2615.2335000000003,,17.46,2.815
2024-12-27 20:15:00+00:00,-1,1484,stop_too_wide,newyork,2613.2749999999996,,19.412,2.803
