signal_ts,entry_ts,direction,structural_stop,atr_buffer,stop,stop_distance,ref_close,atr15,spread,zone_id,zone_lo,zone_hi,zone_touches,setup,session,regime,bars_to_retest,retest_completed,body_pct,upper_wick_pct,lower_wick_pct,close_pos,range
2015-03-02 16:00:00+00:00,2015-03-02 16:15:00+00:00,-1,1215.36,1.097,1216.457,7.972,1208.486,2.194,0.2902,26,1208.844,1213.523,2,rejection,overlap,bear,,,0.1035,0.6332,0.2633,0.2633,1.637
2015-03-02 16:30:00+00:00,2015-03-02 16:45:00+00:00,-1,1214.747,1.058,1215.805,7.49,1208.315,2.115,0.2998,26,1208.844,1213.523,2,rejection,newyork,bear,,,0.4837,0.2962,0.2201,0.2201,1.183
2015-03-02 19:00:00+00:00,2015-03-02 19:15:00+00:00,-1,1213.523,0.788,1214.311,5.51,1208.801,1.575,0.3279,26,1208.844,1213.523,2,rejection,newyork,bear,,,0.0803,0.7243,0.1954,0.1954,0.691
2015-03-03 04:30:00+00:00,2015-03-03 04:45:00+00:00,-1,1213.523,1.057,1214.581,5.963,1208.618,2.115,0.3197,26,1208.844,1213.523,2,rejection,off,bear,,,0.3858,0.3488,0.2654,0.2654,0.648
2015-03-03 05:15:00+00:00,2015-03-03 05:30:00+00:00,-1,1213.523,0.919,1214.442,6.197,1208.245,1.837,0.2976,26,1208.844,1213.523,2,rejection,off,bear,,,0.4378,0.2773,0.2849,0.2849,0.981
2015-03-03 07:30:00+00:00,2015-03-03 07:45:00+00:00,-1,1213.523,0.832,1214.356,5.929,1208.427,1.665,0.2817,26,1208.844,1213.523,2,rejection,off,bear,,,0.6493,0.3507,0.0,0.0,1.043
2015-03-03 09:45:00+00:00,2015-03-03 10:00:00+00:00,-1,1213.523,0.726,1214.249,5.509,1208.74,1.452,0.3039,26,1208.844,1213.523,2,rejection,london,bear,,,0.607,0.0811,0.3119,0.3119,1.898
2015-03-31 11:30:00+00:00,2015-03-31 11:45:00+00:00,-1,1188.171,0.742,1188.912,5.185,1183.727,1.483,0.3022,40,1184.169,1188.171,2,rejection,london,bear,,,0.8431,0.0819,0.0751,0.0751,1.319
2015-03-31 16:45:00+00:00,2015-03-31 17:00:00+00:00,-1,1188.359,0.87,1189.229,5.385,1183.844,1.74,0.2743,40,1184.169,1188.171,2,rejection,newyork,bear,,,0.9163,0.0557,0.028,0.028,3.144
2015-03-31 17:00:00+00:00,2015-03-31 17:15:00+00:00,-1,1188.171,0.87,1189.04,5.912,1183.128,1.739,0.2526,40,1184.169,1188.171,2,rejection,newyork,bear,,,0.4095,0.4518,0.1387,0.1387,1.726
2015-03-31 18:30:00+00:00,2015-03-31 18:45:00+00:00,-1,1188.171,0.825,1188.995,6.378,1182.617,1.649,0.2784,40,1184.169,1188.171,2,rejection,newyork,bear,,,0.6041,0.2589,0.1371,0.1371,2.16
2015-03-31 20:00:00+00:00,2015-03-31 20:15:00+00:00,-1,1188.171,0.687,1188.858,5.275,1183.583,1.375,0.3072,40,1184.169,1188.171,2,rejection,newyork,bear,,,0.7732,0.1313,0.0954,0.0954,0.975
2015-04-16 14:45:00+00:00,2015-04-16 15:00:00+00:00,1,1191.348,1.013,1190.335,7.042,1197.378,2.026,0.2371,42,1191.348,1196.43,3,rejection,overlap,bear,,,0.8611,0.0835,0.0554,0.9165,1.426
2015-04-23 08:15:00+00:00,2015-04-23 08:30:00+00:00,-1,1193.081,0.645,1193.726,4.924,1188.802,1.29,0.2777,39,1189.485,1193.081,2,rejection,london,bear,,,0.6823,0.2664,0.0513,0.0513,1.541
2015-04-23 13:00:00+00:00,2015-04-23 13:15:00+00:00,-1,1193.081,0.793,1193.875,5.062,1188.812,1.587,0.2612,39,1189.485,1193.081,2,rejection,overlap,bear,,,0.3156,0.6758,0.0086,0.0086,1.694
2015-04-23 14:00:00+00:00,2015-04-23 14:15:00+00:00,-1,1193.081,0.959,1194.04,6.663,1187.377,1.917,0.2986,39,1189.485,1193.081,2,rejection,overlap,bear,,,0.0008,0.6934,0.3058,0.3058,3.058
2015-04-24 13:15:00+00:00,2015-04-24 13:30:00+00:00,-1,1193.081,0.887,1193.968,6.223,1187.745,1.774,0.2681,39,1189.485,1193.081,2,rejection,overlap,bear,,,0.8067,0.0544,0.1389,0.1389,2.084
2015-04-24 16:45:00+00:00,2015-04-24 17:00:00+00:00,-1,1182.495,1.044,1183.539,7.575,1175.963,2.088,0.2625,38,1177.026,1182.495,3,rejection,newyork,bear,,,0.6331,0.0785,0.2884,0.2884,2.204
2015-05-08 08:30:00+00:00,2015-05-08 08:45:00+00:00,-1,1190.35,0.495,1190.844,3.812,1187.032,0.989,0.2903,47,1187.08,1190.35,2,rejection,london,bear,,,0.2875,0.6569,0.0556,0.0556,1.385
2015-05-08 10:30:00+00:00,2015-05-08 10:45:00+00:00,-1,1190.35,0.558,1190.907,3.953,1186.954,1.115,0.3075,47,1187.08,1190.35,2,rejection,london,bear,,,0.1559,0.6265,0.2176,0.2176,1.184
2015-05-08 13:30:00+00:00,2015-05-08 13:45:00+00:00,-1,1196.387,1.491,1197.878,9.814,1188.063,2.981,0.3095,42,1190.165,1196.387,6,rejection,overlap,bear,,,0.8355,0.0835,0.0809,0.0809,4.861
2015-05-08 13:45:00+00:00,2015-05-08 14:00:00+00:00,-1,1194.12,1.484,1195.604,9.538,1186.066,2.968,0.2986,47,1187.08,1190.35,2,rejection,overlap,bear,,,0.7036,0.2482,0.0482,0.0482,2.798
2015-05-08 14:15:00+00:00,2015-05-08 14:30:00+00:00,-1,1193.617,1.416,1195.033,9.008,1186.024,2.832,0.2755,47,1187.08,1190.35,2,rejection,overlap,bear,,,0.3945,0.4719,0.1336,0.1336,1.524
2015-06-01 11:45:00+00:00,2015-06-01 12:00:00+00:00,-1,1190.35,0.569,1190.918,4.363,1186.555,1.137,0.2706,47,1187.08,1190.35,2,rejection,london,bear,,,0.2879,0.3894,0.3228,0.3228,1.261
2015-06-01 14:00:00+00:00,2015-06-01 14:15:00+00:00,-1,1206.956,1.275,1208.231,7.912,1200.32,2.55,0.2696,60,1201.897,1206.956,3,rejection,overlap,bear,,,0.7878,0.0,0.2122,0.2122,4.633
2015-06-01 15:00:00+00:00,2015-06-01 15:15:00+00:00,-1,1204.394,1.318,1205.713,9.966,1195.747,2.637,0.2667,48,1196.125,1200.96,5,rejection,overlap,bear,,,0.823,0.0173,0.1597,0.1597,5.753
2015-06-01 17:00:00+00:00,2015-06-01 17:15:00+00:00,-1,1195.8,1.183,1196.983,8.473,1188.51,2.365,0.2709,52,1189.992,1195.148,5,rejection,newyork,bear,,,0.9463,0.0181,0.0356,0.0356,2.821
2015-06-02 07:45:00+00:00,2015-06-02 08:00:00+00:00,-1,1190.7,0.683,1191.384,4.333,1187.051,1.366,0.2686,47,1187.08,1190.35,2,rejection,london,bear,,,0.3986,0.5534,0.048,0.048,1.553
2015-06-02 08:30:00+00:00,2015-06-02 08:45:00+00:00,-1,1190.35,0.665,1191.014,3.938,1187.077,1.329,0.2884,47,1187.08,1190.35,2,rejection,london,bear,,,0.1285,0.8715,0.0,0.0,1.039
2015-06-02 09:00:00+00:00,2015-06-02 09:15:00+00:00,-1,1190.35,0.649,1190.998,3.983,1187.015,1.297,0.2861,47,1187.08,1190.35,2,rejection,london,bear,,,0.0581,0.7608,0.1811,0.1811,0.972
2015-06-02 09:15:00+00:00,2015-06-02 09:30:00+00:00,-1,1190.35,0.65,1191.0,4.742,1186.258,1.301,0.2866,47,1187.08,1190.35,2,rejection,london,bear,,,0.5697,0.3605,0.0699,0.0699,1.346
2015-06-03 13:45:00+00:00,2015-06-03 14:00:00+00:00,-1,1195.148,0.908,1196.056,6.178,1189.878,1.817,0.3049,52,1189.992,1195.148,5,rejection,overlap,bear,,,0.2498,0.484,0.2661,0.2661,1.565
2015-06-03 14:15:00+00:00,2015-06-03 14:30:00+00:00,-1,1195.148,0.924,1196.072,6.17,1189.902,1.848,0.2952,52,1189.992,1195.148,5,rejection,overlap,bear,,,0.5108,0.334,0.1552,0.1552,1.846
2015-06-03 15:30:00+00:00,2015-06-03 15:45:00+00:00,-1,1195.148,0.801,1195.949,6.197,1189.751,1.601,0.1977,52,1189.992,1195.148,5,rejection,newyork,bear,,,0.7445,0.0063,0.2492,0.2492,1.666
2015-06-04 06:00:00+00:00,2015-06-04 06:15:00+00:00,-1,1187.303,0.584,1187.886,4.003,1183.883,1.167,0.2957,62,1184.411,1187.303,3,rejection,off,bear,,,0.4966,0.3631,0.1403,0.1403,2.235
2015-06-04 06:15:00+00:00,2015-06-04 06:30:00+00:00,-1,1187.303,0.59,1187.892,4.008,1183.884,1.179,0.3104,62,1184.411,1187.303,3,rejection,off,bear,,,0.0498,0.688,0.2623,0.2623,1.336
2015-06-04 08:45:00+00:00,2015-06-04 09:00:00+00:00,-1,1187.303,0.853,1188.155,5.555,1182.6,1.706,0.3211,62,1184.411,1187.303,3,rejection,london,bear,,,0.7724,0.1725,0.0552,0.0552,3.282
2015-06-04 12:45:00+00:00,2015-06-04 13:00:00+00:00,-1,1185.983,1.001,1186.984,7.885,1179.099,2.001,0.2987,54,1180.656,1185.983,3,rejection,overlap,bear,,,0.5611,0.1973,0.2416,0.2416,3.015
2015-06-04 13:45:00+00:00,2015-06-04 14:00:00+00:00,-1,1183.856,1.121,1184.977,8.719,1176.258,2.241,0.2875,53,1177.708,1182.18,5,rejection,overlap,bear,,,0.387,0.2811,0.3318,0.3318,2.682
2015-06-04 18:45:00+00:00,2015-06-04 19:00:00+00:00,-1,1182.18,0.769,1182.949,5.485,1177.463,1.537,0.2649,53,1177.708,1182.18,5,rejection,newyork,bear,,,0.6751,0.2348,0.0901,0.0901,0.832
2015-06-04 19:00:00+00:00,2015-06-04 19:15:00+00:00,-1,1182.18,0.75,1182.93,5.589,1177.341,1.499,0.2793,53,1177.708,1182.18,5,rejection,newyork,bear,,,0.1135,0.5779,0.3086,0.3086,1.005
2015-06-04 19:30:00+00:00,2015-06-04 19:45:00+00:00,-1,1182.18,0.701,1182.881,5.521,1177.36,1.401,0.2911,53,1177.708,1182.18,5,rejection,newyork,bear,,,0.2346,0.6169,0.1485,0.1485,0.68
2015-06-09 16:00:00+00:00,2015-06-09 16:15:00+00:00,-1,1182.18,0.683,1182.863,5.332,1177.53,1.366,0.2943,53,1177.708,1182.18,5,rejection,newyork,bear,,,0.8197,0.161,0.0192,0.0192,1.065
2015-06-10 07:15:00+00:00,2015-06-10 07:30:00+00:00,-1,1187.303,0.609,1187.911,3.556,1184.355,1.218,0.2592,62,1184.411,1187.303,3,rejection,london,bear,,,0.1164,0.7451,0.1385,0.1385,0.975
2015-06-11 12:45:00+00:00,2015-06-11 13:00:00+00:00,-1,1187.303,0.994,1188.297,5.379,1182.918,1.989,0.3011,62,1184.411,1187.303,3,rejection,overlap,bear,,,0.2271,0.4531,0.3198,0.3198,3.384
2015-06-11 16:00:00+00:00,2015-06-11 16:15:00+00:00,-1,1185.983,0.911,1186.895,6.609,1180.286,1.823,0.2423,54,1180.656,1185.983,3,rejection,newyork,bear,,,0.3825,0.2912,0.3263,0.3263,1.238
2015-06-14 23:30:00+00:00,2015-06-14 23:45:00+00:00,-1,1187.303,0.524,1187.826,3.756,1184.07,1.047,0.3758,62,1184.411,1187.303,3,rejection,off,bear,,,0.908,0.0305,0.0615,0.0615,0.821
2015-06-15 13:45:00+00:00,2015-06-15 14:00:00+00:00,-1,1185.413,0.966,1186.378,4.653,1181.725,1.931,0.2933,68,1182.042,1185.413,2,rejection,overlap,bear,,,0.457,0.4524,0.0906,0.0906,1.291
2015-06-15 15:00:00+00:00,2015-06-15 15:15:00+00:00,-1,1185.413,0.908,1186.321,4.641,1181.68,1.817,0.2841,68,1182.042,1185.413,2,rejection,overlap,bear,,,0.3225,0.347,0.3305,0.3305,1.18
2015-06-15 15:45:00+00:00,2015-06-15 16:00:00+00:00,-1,1195.173,1.151,1196.324,7.244,1189.08,2.301,0.2687,52,1189.967,1195.173,6,rejection,newyork,bear,,,0.5791,0.0997,0.3212,0.3212,1.966
2015-07-13 09:15:00+00:00,2015-07-13 09:30:00+00:00,-1,1159.631,0.78,1160.411,4.771,1155.64,1.56,0.3097,74,1155.917,1159.631,3,rejection,london,bear,,,0.484,0.4569,0.059,0.059,1.456
2015-07-13 12:00:00+00:00,2015-07-13 12:15:00+00:00,-1,1159.631,0.695,1160.326,4.976,1155.35,1.391,0.3063,74,1155.917,1159.631,3,rejection,overlap,bear,,,0.4256,0.4026,0.1718,0.1718,1.978
2015-07-13 12:30:00+00:00,2015-07-13 12:45:00+00:00,-1,1159.631,0.692,1160.323,4.542,1155.78,1.384,0.3033,74,1155.917,1159.631,3,rejection,overlap,bear,,,0.3919,0.452,0.1561,0.1561,1.249
2015-07-14 15:00:00+00:00,2015-07-14 15:15:00+00:00,-1,1159.9,0.684,1160.584,5.003,1155.581,1.369,0.2762,74,1155.917,1159.631,3,rejection,overlap,bear,,,0.3775,0.4962,0.1263,0.1263,1.12
2015-07-14 15:15:00+00:00,2015-07-14 15:30:00+00:00,-1,1159.631,0.678,1160.309,4.747,1155.562,1.356,0.2882,74,1155.917,1159.631,3,rejection,overlap,bear,,,0.0034,0.7136,0.283,0.283,1.189
2015-07-15 15:15:00+00:00,2015-07-15 15:30:00+00:00,-1,1149.593,0.925,1150.518,5.227,1145.291,1.851,0.2851,78,1145.814,1149.593,2,rejection,overlap,bear,,,0.9534,0.0115,0.0351,0.0351,2.134
2015-07-15 15:45:00+00:00,2015-07-15 16:00:00+00:00,-1,1149.593,0.966,1150.559,5.13,1145.428,1.931,0.2887,78,1145.814,1149.593,2,rejection,newyork,bear,,,0.9121,0.0052,0.0827,0.0827,1.905
2015-07-16 13:15:00+00:00,2015-07-16 13:30:00+00:00,-1,1149.593,0.781,1150.374,5.98,1144.394,1.563,0.2813,78,1145.814,1149.593,2,rejection,overlap,bear,,,0.7913,0.1325,0.0762,0.0762,2.218
2015-09-16 15:30:00+00:00,2015-09-16 15:45:00+00:00,-1,1126.144,0.881,1127.024,6.264,1120.76,1.761,0.3066,97,1121.721,1126.144,2,rejection,newyork,bear,,,0.7116,0.2882,0.0002,0.0002,2.221
2015-09-22 12:15:00+00:00,2015-09-22 12:30:00+00:00,1,1125.786,0.822,1124.964,5.611,1130.575,1.643,0.2866,95,1125.786,1130.455,3,rejection,overlap,bear,,,0.5834,0.0091,0.4075,0.9909,2.251
2015-09-22 15:00:00+00:00,2015-09-22 15:15:00+00:00,1,1121.855,0.928,1120.926,5.384,1126.311,1.857,0.2718,97,1121.855,1126.01,3,rejection,overlap,bear,,,0.7581,0.1182,0.1238,0.8818,1.688
2015-09-25 12:30:00+00:00,2015-09-25 12:45:00+00:00,1,1139.665,0.697,1138.967,5.049,1144.017,1.395,0.3231,103,1139.665,1143.802,3,rejection,overlap,bear,,,0.0324,0.2514,0.7162,0.7486,4.155
2015-09-28 11:45:00+00:00,2015-09-28 12:00:00+00:00,1,1125.786,0.908,1124.878,6.622,1131.5,1.816,0.2899,95,1125.786,1130.455,3,rejection,london,bear,,,0.4777,0.2044,0.3179,0.7956,2.274
2015-10-05 15:15:00+00:00,2015-10-05 15:30:00+00:00,1,1131.211,1.09,1130.122,6.299,1136.421,2.18,0.2687,107,1131.211,1136.094,2,rejection,overlap,bear,,,0.6116,0.1472,0.2412,0.8528,2.207
2015-11-19 16:00:00+00:00,2015-11-19 16:15:00+00:00,-1,1086.545,0.992,1087.537,5.192,1082.345,1.983,0.3013,140,1083.251,1086.545,4,rejection,overlap,bear,,,0.608,0.2364,0.1556,0.1556,1.25
2015-11-19 17:15:00+00:00,2015-11-19 17:30:00+00:00,-1,1087.52,1.098,1088.618,6.262,1082.356,2.197,0.2862,140,1083.251,1086.545,4,rejection,newyork,bear,,,0.483,0.2937,0.2234,0.2234,2.261
2015-11-20 14:15:00+00:00,2015-11-20 14:30:00+00:00,-1,1087.014,0.804,1087.818,5.553,1082.265,1.608,0.2337,140,1083.251,1086.545,4,rejection,overlap,bear,,,0.3126,0.6077,0.0797,0.0797,1.261
2015-12-01 02:15:00+00:00,2015-12-01 02:30:00+00:00,-1,1076.179,0.927,1077.106,4.935,1072.17,1.854,0.3,150,1072.734,1076.179,2,rejection,off,bear,,,0.8338,0.0,0.1662,0.1662,3.105
2015-12-01 02:30:00+00:00,2015-12-01 02:45:00+00:00,-1,1076.179,0.923,1077.101,5.491,1071.61,1.846,0.3063,150,1072.734,1076.179,2,rejection,off,bear,,,0.329,0.6451,0.0259,0.0259,1.735
2015-12-03 18:45:00+00:00,2015-12-03 19:00:00+00:00,-1,1069.208,1.076,1070.283,7.983,1062.3,2.151,0.3548,147,1063.487,1069.208,4,rejection,newyork,bear,,,0.7019,0.1967,0.1014,0.1014,2.293
2015-12-03 20:30:00+00:00,2015-12-03 20:45:00+00:00,-1,1069.208,1.0,1070.208,7.718,1062.49,2.0,0.3968,147,1063.487,1069.208,4,rejection,newyork,bear,,,0.765,0.0002,0.2348,0.2348,3.0
2015-12-04 15:45:00+00:00,2015-12-04 16:00:00+00:00,-1,1091.185,1.77,1092.955,9.235,1083.72,3.54,0.3165,143,1086.076,1091.185,3,rejection,overlap,bear,,,0.7043,0.0382,0.2575,0.2575,5.239
2016-01-29 03:45:00+00:00,2016-01-29 04:00:00+00:00,1,1107.297,0.78,1106.517,6.003,1112.52,1.561,0.3426,163,1107.297,1111.083,2,rejection,off,bear,,,0.1979,0.0267,0.7754,0.9733,4.093
2016-02-16 19:00:00+00:00,2016-02-16 19:15:00+00:00,1,1197.1,1.364,1195.736,8.438,1204.174,2.727,0.3456,181,1197.1,1202.906,2,rejection,newyork,bull,,,0.2548,0.1663,0.5788,0.8337,1.779
2016-02-16 23:00:00+00:00,2016-02-16 23:15:00+00:00,1,1197.1,1.109,1195.991,7.619,1203.61,2.218,0.4467,181,1197.1,1202.906,2,rejection,off,bull,,,0.8226,0.0526,0.1248,0.9474,2.565
2016-02-17 02:30:00+00:00,2016-02-17 02:45:00+00:00,1,1196.762,1.041,1195.721,7.524,1203.245,2.082,0.3561,181,1197.1,1202.906,2,rejection,off,bull,,,0.5284,0.0325,0.439,0.9675,1.399
2016-02-17 10:00:00+00:00,2016-02-17 10:15:00+00:00,1,1197.1,1.127,1195.973,7.393,1203.365,2.254,0.2962,181,1197.1,1202.906,2,rejection,london,bull,,,0.3537,0.1086,0.5376,0.8914,2.518
2016-02-17 11:00:00+00:00,2016-02-17 11:15:00+00:00,1,1197.1,1.12,1195.979,8.367,1204.347,2.241,0.3047,181,1197.1,1202.906,2,rejection,london,bull,,,0.6718,0.1695,0.1587,0.8305,2.649
2016-03-09 17:15:00+00:00,2016-03-09 17:30:00+00:00,1,1246.072,1.57,1244.502,11.464,1255.966,3.141,0.3333,190,1246.072,1255.905,2,rejection,newyork,bull,,,0.8389,0.0032,0.1579,0.9968,1.58
2016-04-19 14:45:00+00:00,2016-04-19 15:00:00+00:00,1,1246.402,1.119,1245.283,8.467,1253.75,2.239,0.2741,193,1246.402,1252.828,4,rejection,overlap,bull,,,0.2145,0.1131,0.6724,0.8869,2.17
2016-04-20 14:30:00+00:00,2016-04-20 14:45:00+00:00,1,1246.402,1.021,1245.381,7.72,1253.101,2.042,0.3043,193,1246.402,1252.828,4,rejection,overlap,bull,,,0.5895,0.285,0.1256,0.715,2.154
2016-04-20 19:45:00+00:00,2016-04-20 20:00:00+00:00,1,1238.279,1.115,1237.163,7.857,1245.02,2.231,0.3468,196,1238.279,1244.681,3,rejection,newyork,bull,,,0.8124,0.1853,0.0024,0.8147,2.327
2016-04-21 14:00:00+00:00,2016-04-21 14:15:00+00:00,1,1246.402,1.924,1244.478,9.242,1253.72,3.848,0.3361,193,1246.402,1252.828,4,rejection,overlap,bull,,,0.7791,0.1275,0.0934,0.8725,5.731
2016-04-22 14:15:00+00:00,2016-04-22 14:30:00+00:00,1,1238.018,1.24,1236.778,8.213,1244.991,2.48,0.3009,196,1238.018,1244.941,4,rejection,overlap,bull,,,0.2223,0.1056,0.6721,0.8944,2.742
2016-06-13 15:30:00+00:00,2016-06-13 15:45:00+00:00,1,1277.56,1.243,1276.317,9.142,1285.458,2.486,0.2901,211,1277.56,1283.986,3,rejection,newyork,bull,,,0.4866,0.0281,0.4852,0.9719,3.27
2016-06-13 16:15:00+00:00,2016-06-13 16:30:00+00:00,1,1277.56,1.158,1276.402,8.124,1284.526,2.316,0.3177,211,1277.56,1283.986,3,rejection,newyork,bull,,,0.7006,0.1376,0.1618,0.8624,1.885
2016-06-13 17:15:00+00:00,2016-06-13 17:30:00+00:00,1,1277.56,1.029,1276.531,7.571,1284.102,2.057,0.3127,211,1277.56,1283.986,3,rejection,newyork,bull,,,0.2561,0.1878,0.5561,0.8122,1.004
2016-06-15 19:00:00+00:00,2016-06-15 19:15:00+00:00,1,1283.431,1.416,1282.015,11.146,1293.161,2.832,0.3673,233,1285.873,1291.344,2,rejection,newyork,bull,,,0.5504,0.0591,0.3905,0.9409,3.036
2016-06-16 17:15:00+00:00,2016-06-16 17:30:00+00:00,1,1285.873,1.699,1284.174,11.546,1295.72,3.398,0.3593,233,1285.873,1291.344,2,rejection,newyork,bull,,,0.3026,0.0384,0.659,0.9616,5.731
2016-06-16 22:00:00+00:00,2016-06-16 22:15:00+00:00,1,1274.85,1.643,1273.207,7.497,1280.704,3.287,0.4971,234,1274.85,1280.087,2,rejection,off,bull,,,0.4878,0.0077,0.5045,0.9923,2.776
2016-06-17 02:30:00+00:00,2016-06-17 02:45:00+00:00,1,1274.85,1.155,1273.695,6.92,1280.615,2.31,0.3505,234,1274.85,1280.087,2,rejection,off,bull,,,0.8283,0.0051,0.1666,0.9949,1.081
2016-06-17 02:45:00+00:00,2016-06-17 03:00:00+00:00,1,1274.85,1.155,1273.695,8.415,1282.11,2.311,0.3633,234,1274.85,1280.087,2,rejection,off,bull,,,0.6466,0.117,0.2364,0.883,2.312
2016-06-17 14:00:00+00:00,2016-06-17 14:15:00+00:00,1,1285.873,1.023,1284.85,8.176,1293.026,2.046,0.3022,233,1285.873,1291.344,2,rejection,overlap,bull,,,0.727,0.0972,0.1758,0.9028,2.525
2016-06-17 17:15:00+00:00,2016-06-17 17:30:00+00:00,1,1285.873,1.119,1284.754,7.185,1291.939,2.238,0.359,233,1285.873,1291.344,2,rejection,newyork,bull,,,0.6427,0.126,0.2313,0.874,2.075
2016-06-19 23:00:00+00:00,2016-06-19 23:15:00+00:00,1,1281.274,1.616,1279.659,12.401,1292.06,3.231,0.5475,233,1285.873,1291.344,2,rejection,off,bull,,,0.5633,0.0104,0.4263,0.9896,3.426
2016-06-20 14:30:00+00:00,2016-06-20 14:45:00+00:00,1,1274.272,1.102,1273.171,8.649,1281.82,2.203,0.3168,234,1274.272,1280.665,3,rejection,overlap,bull,,,0.774,0.0256,0.2004,0.9744,2.971
2016-07-07 16:45:00+00:00,2016-07-07 17:00:00+00:00,1,1353.251,1.218,1352.033,9.046,1361.079,2.436,0.3091,238,1355.563,1360.596,2,rejection,newyork,bull,,,0.7085,0.2656,0.0258,0.7344,3.676
2016-07-07 18:30:00+00:00,2016-07-07 18:45:00+00:00,1,1355.563,1.183,1354.38,6.345,1360.725,2.367,0.297,238,1355.563,1360.596,2,rejection,newyork,bull,,,0.8524,0.1389,0.0087,0.8611,2.804
2016-07-07 20:45:00+00:00,2016-07-07 22:00:00+00:00,1,1355.563,0.961,1354.602,6.843,1361.445,1.923,0.4921,238,1355.563,1360.596,2,rejection,newyork,bull,,,0.3463,0.0,0.6537,1.0,1.064
2016-07-07 22:15:00+00:00,2016-07-07 22:30:00+00:00,1,1355.563,0.983,1354.58,6.576,1361.157,1.966,0.4555,238,1355.563,1360.596,2,rejection,off,bull,,,0.8865,0.1135,0.0,0.8865,1.983
2016-07-07 23:45:00+00:00,2016-07-08 00:00:00+00:00,1,1355.563,0.829,1354.734,6.32,1361.055,1.657,0.3521,238,1355.563,1360.596,2,rejection,off,bull,,,0.4626,0.2656,0.2718,0.7344,1.525
2016-07-08 17:45:00+00:00,2016-07-08 18:00:00+00:00,1,1352.975,1.64,1351.335,9.314,1360.649,3.28,0.3339,238,1355.563,1360.596,2,rejection,newyork,bull,,,0.7219,0.2696,0.0084,0.7304,2.491
2016-07-08 18:45:00+00:00,2016-07-08 19:00:00+00:00,1,1355.563,1.481,1354.082,8.699,1362.781,2.962,0.3158,238,1355.563,1360.596,2,rejection,newyork,bull,,,0.8785,0.1049,0.0166,0.8951,2.626
2016-07-12 10:15:00+00:00,2016-07-12 10:30:00+00:00,1,1348.86,0.828,1348.032,5.514,1353.546,1.656,0.2837,246,1348.86,1353.001,2,rejection,london,bull,,,0.8423,0.1214,0.0364,0.8786,1.1
2016-08-04 05:30:00+00:00,2016-08-04 05:45:00+00:00,1,1348.86,0.698,1348.162,4.898,1353.06,1.396,0.305,246,1348.86,1353.001,2,rejection,off,bull,,,0.7397,0.2603,0.0,0.7397,1.385
2016-08-04 10:30:00+00:00,2016-08-04 10:45:00+00:00,1,1348.86,0.653,1348.207,5.003,1353.211,1.305,0.279,246,1348.86,1353.001,2,rejection,london,bull,,,0.6793,0.3207,0.0,0.6793,1.944
2016-08-10 13:30:00+00:00,2016-08-10 13:45:00+00:00,1,1347.788,0.919,1346.869,6.33,1353.199,1.838,0.2771,246,1347.788,1352.405,3,rejection,overlap,bull,,,0.15,0.119,0.7311,0.881,2.951
2016-08-11 14:00:00+00:00,2016-08-11 14:15:00+00:00,1,1343.909,0.996,1342.913,7.76,1350.673,1.992,0.2905,248,1343.935,1348.931,2,rejection,overlap,bull,,,0.7333,0.2667,0.0,0.7333,5.759
2016-09-16 17:15:00+00:00,2016-09-16 17:30:00+00:00,-1,1310.797,0.823,1311.62,4.35,1307.271,1.646,0.2775,260,1307.948,1310.797,2,rejection,newyork,bull,,,0.6477,0.2059,0.1464,0.1464,1.851
2016-09-18 23:00:00+00:00,2016-09-18 23:15:00+00:00,-1,1316.218,0.618,1316.837,4.862,1311.975,1.237,0.3928,258,1312.364,1316.218,2,rejection,off,bull,,,0.3847,0.3738,0.2415,0.2415,0.911
2016-09-27 14:00:00+00:00,2016-09-27 14:15:00+00:00,1,1324.386,0.941,1323.445,4.97,1328.414,1.882,0.2658,259,1324.386,1327.255,2,rejection,overlap,bull,,,0.4722,0.1296,0.3983,0.8704,2.551
2016-11-25 05:45:00+00:00,2016-11-25 06:00:00+00:00,-1,1183.551,0.93,1184.482,5.978,1178.503,1.861,0.2764,298,1178.773,1183.551,2,rejection,off,bear,,,0.0168,0.7542,0.2291,0.2291,0.895
2016-11-28 00:15:00+00:00,2016-11-28 00:30:00+00:00,-1,1195.242,1.043,1196.285,7.743,1188.542,2.086,0.3231,299,1189.03,1195.242,2,rejection,off,bear,,,0.1026,0.5871,0.3103,0.3103,2.091
2016-11-28 13:30:00+00:00,2016-11-28 13:45:00+00:00,-1,1195.242,1.028,1196.27,8.118,1188.151,2.056,0.2411,299,1189.03,1195.242,2,rejection,overlap,bear,,,0.3147,0.5662,0.1191,0.1191,1.734
2016-11-29 15:15:00+00:00,2016-11-29 15:30:00+00:00,-1,1195.242,1.152,1196.394,8.284,1188.11,2.304,0.2576,299,1189.03,1195.242,2,rejection,overlap,bear,,,0.2914,0.5097,0.1989,0.1989,2.144
2016-11-29 15:45:00+00:00,2016-11-29 16:00:00+00:00,-1,1195.242,1.173,1196.415,9.256,1187.159,2.346,0.2581,299,1189.03,1195.242,2,rejection,overlap,bear,,,0.1304,0.7451,0.1245,0.1245,3.257
2016-11-29 17:00:00+00:00,2016-11-29 17:15:00+00:00,-1,1195.242,1.074,1196.315,8.465,1187.85,2.147,0.2709,299,1189.03,1195.242,2,rejection,newyork,bear,,,0.4097,0.4583,0.1319,0.1319,1.44
2016-11-29 18:30:00+00:00,2016-11-29 18:45:00+00:00,-1,1195.242,1.023,1196.264,7.493,1188.771,2.046,0.2773,299,1189.03,1195.242,2,rejection,newyork,bear,,,0.2932,0.6087,0.0981,0.0981,0.963
2016-12-12 18:15:00+00:00,2016-12-12 18:30:00+00:00,-1,1168.435,0.938,1169.373,5.475,1163.899,1.877,0.273,303,1164.122,1168.435,2,rejection,newyork,bear,,,0.4281,0.4392,0.1328,0.1328,2.301
2016-12-12 18:30:00+00:00,2016-12-12 18:45:00+00:00,-1,1168.435,0.929,1169.364,6.555,1162.809,1.859,0.2634,303,1164.122,1168.435,2,rejection,newyork,bear,,,0.6629,0.3008,0.0363,0.0363,1.624
2017-01-10 18:30:00+00:00,2017-01-10 18:45:00+00:00,1,1181.655,0.942,1180.713,6.882,1187.595,1.884,0.2603,319,1181.655,1186.539,2,rejection,newyork,bear,,,0.8059,0.0151,0.179,0.9849,1.986
2017-01-10 19:00:00+00:00,2017-01-10 19:15:00+00:00,1,1181.655,0.906,1180.749,6.426,1187.175,1.813,0.2703,319,1181.655,1186.539,2,rejection,newyork,bear,,,0.2676,0.1983,0.5341,0.8017,1.011
2017-01-11 17:30:00+00:00,2017-01-11 17:45:00+00:00,1,1178.335,1.435,1176.9,9.765,1186.664,2.87,0.2547,319,1181.655,1186.539,2,rejection,newyork,bear,,,0.611,0.1907,0.1983,0.8093,4.082
2017-01-20 19:15:00+00:00,2017-01-20 19:30:00+00:00,1,1203.975,1.087,1202.888,8.012,1210.9,2.174,0.2483,323,1205.703,1210.069,2,rejection,newyork,bear,,,0.8053,0.1292,0.0655,0.8708,4.105
2017-01-20 21:45:00+00:00,2017-01-22 23:00:00+00:00,1,1205.703,1.036,1204.666,5.709,1210.375,2.073,0.6015,323,1205.703,1210.069,2,rejection,newyork,bear,,,0.7032,0.2781,0.0187,0.7219,2.679
2017-01-22 23:00:00+00:00,2017-01-22 23:15:00+00:00,1,1205.703,1.05,1204.653,7.389,1212.042,2.1,0.3141,323,1205.703,1210.069,2,rejection,off,bear,,,0.9794,0.0206,0.0,0.9794,2.452
2017-03-30 00:15:00+00:00,2017-03-30 00:30:00+00:00,1,1249.684,0.437,1249.247,3.365,1252.612,0.874,0.2559,342,1249.684,1252.475,2,rejection,off,bear,,,0.5466,0.0393,0.4141,0.9607,0.891
2017-04-03 17:30:00+00:00,2017-04-03 17:45:00+00:00,1,1249.716,0.556,1249.161,3.929,1253.09,1.111,0.2306,342,1249.716,1252.391,3,rejection,newyork,bear,,,0.9449,0.0289,0.0261,0.9711,0.899
2017-04-03 19:30:00+00:00,2017-04-03 19:45:00+00:00,1,1249.716,0.452,1249.264,3.297,1252.561,0.905,0.2497,342,1249.716,1252.391,3,rejection,newyork,bear,,,0.9261,0.0739,0.0,0.9261,0.541
2017-04-10 01:15:00+00:00,2017-04-10 01:30:00+00:00,1,1249.716,0.645,1249.072,3.853,1252.925,1.289,0.2239,342,1249.716,1252.391,3,rejection,off,bull,,,0.4952,0.2802,0.2246,0.7198,1.089
2017-04-10 02:15:00+00:00,2017-04-10 02:30:00+00:00,1,1249.716,0.584,1249.132,3.666,1252.798,1.168,0.2657,342,1249.716,1252.391,3,rejection,off,bull,,,0.5896,0.1811,0.2293,0.8189,0.539
2017-04-10 17:45:00+00:00,2017-04-10 18:00:00+00:00,1,1249.716,0.699,1249.017,3.851,1252.869,1.398,0.262,342,1249.716,1252.391,3,rejection,newyork,bull,,,0.9687,0.0158,0.0154,0.9842,1.294
2017-04-21 13:00:00+00:00,2017-04-21 13:15:00+00:00,1,1280.22,0.573,1279.647,4.0,1283.647,1.146,0.2362,359,1280.22,1283.221,2,rejection,overlap,bull,,,0.5932,0.0943,0.3125,0.9057,1.957
2017-04-21 14:00:00+00:00,2017-04-21 14:15:00+00:00,1,1280.22,0.577,1279.642,3.728,1283.37,1.155,0.2023,359,1280.22,1283.221,2,rejection,overlap,bull,,,0.2201,0.2928,0.4871,0.7072,1.549
2017-04-21 14:30:00+00:00,2017-04-21 14:45:00+00:00,1,1279.139,0.777,1278.362,5.529,1283.891,1.554,0.2223,359,1280.22,1283.221,2,rejection,overlap,bull,,,0.6875,0.1713,0.1411,0.8287,3.876
2017-04-21 15:45:00+00:00,2017-04-21 16:00:00+00:00,1,1279.139,0.886,1278.253,6.337,1284.59,1.771,0.2287,359,1280.22,1283.221,2,rejection,newyork,bull,,,0.751,0.1331,0.1159,0.8669,2.303
2017-05-31 18:45:00+00:00,2017-05-31 19:00:00+00:00,1,1268.6,0.75,1267.851,4.236,1272.086,1.5,0.2435,377,1268.6,1271.498,2,rejection,newyork,bull,,,0.7454,0.0904,0.1642,0.9096,1.261
2017-06-22 14:00:00+00:00,2017-06-22 14:15:00+00:00,-1,1254.347,0.596,1254.943,4.634,1250.309,1.191,0.2459,355,1250.353,1254.347,5,rejection,overlap,bull,,,0.4605,0.3275,0.2121,0.2121,1.53
2017-06-28 09:00:00+00:00,2017-06-28 09:15:00+00:00,-1,1255.916,0.562,1256.478,4.418,1252.06,1.124,0.2295,388,1252.076,1255.916,2,rejection,london,bull,,,0.5993,0.3355,0.0653,0.0653,1.808
2017-06-29 10:15:00+00:00,2017-06-29 10:30:00+00:00,-1,1249.009,0.595,1249.603,4.018,1245.585,1.189,0.2409,389,1245.703,1249.009,2,rejection,london,bull,,,0.4373,0.4701,0.0926,0.0926,1.62
2017-06-29 11:00:00+00:00,2017-06-29 11:15:00+00:00,-1,1249.009,0.586,1249.595,4.5,1245.095,1.173,0.2276,389,1245.703,1249.009,2,rejection,london,bull,,,0.8587,0.0398,0.1016,0.1016,1.384
2017-06-29 14:30:00+00:00,2017-06-29 14:45:00+00:00,-1,1249.009,0.826,1249.835,5.191,1244.644,1.652,0.2521,389,1245.703,1249.009,2,rejection,overlap,bull,,,0.771,0.0902,0.1388,0.1388,1.409
2017-06-29 17:15:00+00:00,2017-06-29 17:30:00+00:00,-1,1249.009,0.745,1249.754,4.61,1245.144,1.491,0.26,389,1245.703,1249.009,2,rejection,newyork,bull,,,0.3991,0.5158,0.085,0.085,1.17
2017-06-29 18:15:00+00:00,2017-06-29 18:30:00+00:00,-1,1249.009,0.74,1249.749,4.875,1244.874,1.48,0.2605,389,1245.703,1249.009,2,rejection,newyork,bull,,,0.7123,0.2,0.0878,0.0878,2.0
2017-06-29 23:15:00+00:00,2017-06-29 23:30:00+00:00,-1,1249.009,0.523,1249.532,3.959,1245.573,1.046,0.2705,389,1245.703,1249.009,2,rejection,off,bull,,,0.7789,0.0655,0.1556,0.1556,0.611
2017-07-11 16:45:00+00:00,2017-07-11 17:00:00+00:00,-1,1220.241,0.772,1221.013,5.164,1215.849,1.543,0.229,391,1216.488,1220.241,3,rejection,newyork,bull,,,0.5451,0.3834,0.0715,0.0715,1.336
2017-07-11 17:30:00+00:00,2017-07-11 17:45:00+00:00,-1,1220.241,0.767,1221.008,5.888,1215.12,1.534,0.2377,391,1216.488,1220.241,3,rejection,newyork,bull,,,0.0887,0.7882,0.1231,0.1231,2.006
2017-07-11 19:30:00+00:00,2017-07-11 19:45:00+00:00,-1,1220.241,0.587,1220.829,4.489,1216.34,1.174,0.2452,391,1216.488,1220.241,3,rejection,newyork,bull,,,0.7876,0.0074,0.205,0.205,0.539
2017-08-09 15:15:00+00:00,2017-08-09 15:30:00+00:00,1,1269.825,0.861,1268.965,5.227,1274.192,1.722,0.2297,406,1269.825,1274.002,3,rejection,overlap,bull,,,0.7237,0.063,0.2133,0.937,1.826
2017-08-09 17:45:00+00:00,2017-08-09 18:00:00+00:00,1,1269.825,0.741,1269.084,5.46,1274.544,1.482,0.2365,406,1269.825,1274.002,3,rejection,newyork,bull,,,0.7082,0.221,0.0708,0.779,1.602
2017-08-18 14:45:00+00:00,2017-08-18 15:00:00+00:00,1,1288.968,1.016,1287.952,6.649,1294.601,2.031,0.2317,411,1288.968,1293.452,2,rejection,overlap,bull,,,0.7296,0.2495,0.021,0.7505,1.646
2017-08-20 22:15:00+00:00,2017-08-20 22:30:00+00:00,1,1280.245,0.866,1279.379,4.241,1283.62,1.733,0.3185,412,1280.245,1282.793,2,rejection,off,bull,,,0.4899,0.0245,0.4856,0.9755,1.041
2017-08-20 23:45:00+00:00,2017-08-21 00:00:00+00:00,1,1280.245,0.786,1279.46,4.159,1283.619,1.571,0.2679,412,1280.245,1282.793,2,rejection,off,bull,,,1.0,0.0,0.0,1.0,1.165
2017-08-21 01:00:00+00:00,2017-08-21 01:15:00+00:00,1,1280.245,0.788,1279.457,4.433,1283.89,1.577,0.2649,412,1280.245,1282.793,2,rejection,off,bull,,,0.2645,0.2349,0.5006,0.7651,2.541
2017-08-22 14:00:00+00:00,2017-08-22 14:15:00+00:00,1,1279.405,0.915,1278.491,6.644,1285.135,1.829,0.2223,412,1279.405,1282.858,3,rejection,overlap,bull,,,0.3338,0.1705,0.4957,0.8295,3.664
2017-09-05 18:30:00+00:00,2017-09-05 18:45:00+00:00,1,1336.825,0.878,1335.947,5.463,1341.41,1.756,0.2314,423,1337.369,1341.188,2,rejection,newyork,bull,,,0.6867,0.1737,0.1396,0.8263,1.747
2017-09-05 22:00:00+00:00,2017-09-05 22:15:00+00:00,1,1337.369,0.858,1336.512,4.753,1341.265,1.715,0.3357,423,1337.369,1341.188,2,rejection,off,bull,,,0.6643,0.0,0.3357,1.0,2.266
2017-09-05 22:30:00+00:00,2017-09-05 22:45:00+00:00,1,1337.369,0.802,1336.567,5.043,1341.61,1.604,0.3201,423,1337.369,1341.188,2,rejection,off,bull,,,0.2891,0.3206,0.3903,0.6794,0.795
2017-09-07 13:15:00+00:00,2017-09-07 13:30:00+00:00,1,1337.369,0.972,1336.398,5.932,1342.33,1.943,0.2221,423,1337.369,1341.188,2,rejection,overlap,bull,,,0.8073,0.0637,0.129,0.9363,1.883
2017-09-07 13:45:00+00:00,2017-09-07 14:00:00+00:00,1,1337.369,1.015,1336.354,7.171,1343.525,2.031,0.2282,423,1337.369,1341.188,2,rejection,overlap,bull,,,0.5383,0.0883,0.3734,0.9117,3.329
2017-10-27 14:45:00+00:00,2017-10-27 15:00:00+00:00,-1,1273.646,0.928,1274.574,5.074,1269.5,1.855,0.2229,436,1269.662,1273.646,3,rejection,overlap,bull,,,0.7263,0.0938,0.1799,0.1799,2.19
2018-01-11 19:00:00+00:00,2018-01-11 19:15:00+00:00,1,1320.425,0.626,1319.799,3.586,1323.385,1.252,0.2222,470,1320.425,1323.36,2,rejection,newyork,bull,,,0.814,0.0927,0.0933,0.9073,0.97
2018-01-11 19:30:00+00:00,2018-01-11 19:45:00+00:00,1,1320.425,0.598,1319.826,3.798,1323.624,1.197,0.2191,470,1320.425,1323.36,2,rejection,newyork,bull,,,0.8161,0.1452,0.0387,0.8548,0.906
2018-01-12 15:30:00+00:00,2018-01-12 15:45:00+00:00,1,1324.717,0.859,1323.858,6.82,1330.678,1.719,0.2211,472,1324.717,1329.168,2,rejection,overlap,bull,,,0.9132,0.0649,0.022,0.9351,2.026
2018-01-17 20:45:00+00:00,2018-01-17 21:00:00+00:00,1,1324.717,1.023,1323.694,5.501,1329.195,2.047,0.2381,472,1324.717,1329.168,2,rejection,newyork,bull,,,0.5061,0.0639,0.43,0.9361,1.887
2018-01-18 00:00:00+00:00,2018-01-18 00:15:00+00:00,1,1324.717,0.823,1323.895,5.637,1329.532,1.645,0.2451,472,1324.717,1329.168,2,rejection,off,bull,,,0.8971,0.033,0.0699,0.967,1.015
2018-01-18 15:45:00+00:00,2018-01-18 16:00:00+00:00,1,1324.717,0.739,1323.978,5.785,1329.764,1.479,0.2149,472,1324.717,1329.168,2,rejection,overlap,bull,,,0.2235,0.1026,0.6739,0.8974,1.15
2018-01-25 19:45:00+00:00,2018-01-25 20:00:00+00:00,1,1342.568,1.607,1340.961,6.857,1347.818,3.214,0.2356,474,1342.831,1346.009,2,rejection,newyork,bull,,,0.4071,0.0317,0.5611,0.9683,5.422
2018-01-25 20:30:00+00:00,2018-01-25 20:45:00+00:00,1,1342.568,1.678,1340.891,6.201,1347.092,3.356,0.2402,474,1342.831,1346.009,2,rejection,newyork,bull,,,0.3056,0.0996,0.5948,0.9004,3.344
2018-01-25 23:45:00+00:00,2018-01-26 00:00:00+00:00,1,1342.831,1.271,1341.561,5.289,1346.85,2.541,0.2238,474,1342.831,1346.009,2,rejection,off,bull,,,0.2785,0.1552,0.5663,0.8448,2.532
2018-01-29 08:45:00+00:00,2018-01-29 09:00:00+00:00,1,1342.831,0.638,1342.193,4.103,1346.296,1.276,0.2084,474,1342.831,1346.009,2,rejection,london,bull,,,0.3035,0.2412,0.4553,0.7588,1.091
2018-01-29 09:30:00+00:00,2018-01-29 09:45:00+00:00,1,1342.831,0.655,1342.176,4.958,1347.134,1.311,0.1987,474,1342.831,1346.009,2,rejection,london,bull,,,0.4422,0.1573,0.4005,0.8427,1.7
2018-01-29 11:15:00+00:00,2018-01-29 11:30:00+00:00,1,1342.831,0.622,1342.209,4.679,1346.889,1.244,0.1878,474,1342.831,1346.009,2,rejection,london,bull,,,0.262,0.2835,0.4545,0.7165,1.324
2018-01-30 14:00:00+00:00,2018-01-30 14:15:00+00:00,1,1342.388,0.834,1341.554,6.648,1348.202,1.669,0.2115,474,1342.831,1346.009,2,rejection,overlap,bull,,,0.6582,0.2299,0.1119,0.7701,3.321
2018-02-01 00:00:00+00:00,2018-02-01 00:15:00+00:00,1,1342.831,0.95,1341.881,4.834,1346.715,1.9,0.2378,474,1342.831,1346.009,2,rejection,off,bull,,,0.9615,0.0251,0.0134,0.9749,1.415
2018-02-02 14:15:00+00:00,2018-02-02 14:30:00+00:00,1,1329.939,0.962,1328.977,7.508,1336.485,1.925,0.224,475,1329.939,1336.021,4,rejection,overlap,bull,,,0.4105,0.1555,0.434,0.8445,2.842
2018-02-02 15:15:00+00:00,2018-02-02 15:30:00+00:00,1,1324.717,1.07,1323.648,6.372,1330.02,2.14,0.2109,472,1324.717,1329.168,2,rejection,overlap,bull,,,0.0131,0.2603,0.7266,0.7397,2.287
2018-02-02 15:45:00+00:00,2018-02-02 16:00:00+00:00,1,1324.717,1.099,1323.618,6.752,1330.37,2.199,0.212,472,1324.717,1329.168,2,rejection,overlap,bull,,,0.6354,0.0428,0.3218,0.9572,2.324
2018-02-26 14:45:00+00:00,2018-02-26 15:00:00+00:00,1,1330.479,0.764,1329.715,4.305,1334.021,1.527,0.2163,494,1330.638,1333.379,2,rejection,overlap,bull,,,0.5987,0.3241,0.0772,0.6759,2.635
2018-03-05 00:45:00+00:00,2018-03-05 01:00:00+00:00,-1,1328.099,0.644,1328.743,4.557,1324.186,1.289,0.2341,489,1324.229,1328.099,2,rejection,off,bull,,,0.6266,0.1614,0.212,0.212,0.969
2018-03-05 16:30:00+00:00,2018-03-05 16:45:00+00:00,-1,1323.964,0.629,1324.592,3.598,1320.994,1.257,0.2159,487,1321.443,1323.964,2,rejection,newyork,bull,,,0.7551,0.1,0.145,0.145,1.501
2018-03-08 16:30:00+00:00,2018-03-08 16:45:00+00:00,-1,1324.155,0.79,1324.945,4.914,1320.032,1.581,0.2163,487,1321.443,1323.964,2,rejection,newyork,bull,,,0.6644,0.0956,0.2399,0.2399,2.175
2018-03-08 18:00:00+00:00,2018-03-08 18:15:00+00:00,-1,1323.964,0.783,1324.747,3.799,1320.948,1.566,0.2293,487,1321.443,1323.964,2,rejection,newyork,bull,,,0.6076,0.3543,0.0381,0.0381,1.482
2018-03-08 19:00:00+00:00,2018-03-08 19:15:00+00:00,-1,1323.964,0.749,1324.712,3.426,1321.286,1.497,0.2275,487,1321.443,1323.964,2,rejection,newyork,bull,,,0.2077,0.7807,0.0116,0.0116,1.295
2018-03-08 23:15:00+00:00,2018-03-08 23:30:00+00:00,-1,1323.964,0.534,1324.498,3.241,1321.257,1.068,0.2575,487,1321.443,1323.964,2,rejection,off,bull,,,0.3574,0.5124,0.1302,0.1302,0.929
2018-03-09 15:30:00+00:00,2018-03-09 15:45:00+00:00,-1,1324.206,1.035,1325.241,4.257,1320.984,2.071,0.2315,487,1321.443,1323.964,2,rejection,overlap,bull,,,0.3464,0.4043,0.2493,0.2493,2.788
2018-03-09 17:45:00+00:00,2018-03-09 18:00:00+00:00,-1,1328.67,0.937,1329.607,6.544,1323.064,1.874,0.2596,477,1323.152,1328.67,6,rejection,newyork,bull,,,0.6484,0.2664,0.0852,0.0852,0.974
2018-03-09 18:00:00+00:00,2018-03-09 18:15:00+00:00,-1,1328.67,0.909,1329.579,6.564,1323.015,1.817,0.2573,477,1323.152,1328.67,6,rejection,newyork,bull,,,0.1075,0.6752,0.2173,0.2173,1.089
2018-04-18 12:45:00+00:00,2018-04-18 13:00:00+00:00,1,1348.343,0.763,1347.58,5.656,1353.236,1.525,0.2199,503,1349.158,1352.39,2,rejection,overlap,bull,,,0.8763,0.059,0.0646,0.941,1.601
2018-04-18 13:15:00+00:00,2018-04-18 13:30:00+00:00,1,1349.158,0.792,1348.366,5.22,1353.586,1.583,0.2145,503,1349.158,1352.39,2,rejection,overlap,bull,,,0.5251,0.2681,0.2069,0.7319,1.936
2018-04-18 14:00:00+00:00,2018-04-18 14:15:00+00:00,1,1348.34,0.975,1347.365,5.475,1352.84,1.949,0.2277,503,1349.158,1352.39,2,rejection,overlap,bull,,,0.2827,0.1981,0.5192,0.8019,2.482
2018-04-19 08:45:00+00:00,2018-04-19 09:00:00+00:00,1,1349.158,0.581,1348.577,3.848,1352.425,1.162,0.2083,503,1349.158,1352.39,2,rejection,london,bull,,,0.5596,0.146,0.2944,0.854,1.007
2018-04-30 14:15:00+00:00,2018-04-30 14:30:00+00:00,-1,1316.712,0.817,1317.529,3.406,1314.123,1.634,0.2295,513,1314.255,1316.42,2,rejection,overlap,bull,,,0.1112,0.8028,0.086,0.086,2.617
2018-04-30 15:00:00+00:00,2018-04-30 15:15:00+00:00,-1,1316.712,0.823,1317.535,4.362,1313.173,1.647,0.2249,513,1314.255,1316.42,2,rejection,overlap,bull,,,0.3662,0.5405,0.0934,0.0934,1.928
2018-05-01 01:15:00+00:00,2018-05-01 01:30:00+00:00,-1,1316.42,0.428,1316.848,3.296,1313.552,0.857,0.2669,513,1314.255,1316.42,2,rejection,off,bull,,,0.7814,0.0309,0.1877,0.1877,1.004
2018-05-03 14:15:00+00:00,2018-05-03 14:30:00+00:00,-1,1317.33,0.842,1318.172,5.03,1313.142,1.685,0.2295,513,1314.255,1316.42,2,rejection,overlap,bull,,,0.7382,0.0307,0.2311,0.2311,2.657
2018-05-03 18:45:00+00:00,2018-05-03 19:00:00+00:00,-1,1316.42,0.648,1317.067,3.1,1313.967,1.295,0.2416,513,1314.255,1316.42,2,rejection,newyork,bull,,,0.8456,0.041,0.1134,0.1134,0.89
2018-05-04 02:30:00+00:00,2018-05-04 02:45:00+00:00,-1,1316.42,0.44,1316.86,3.177,1313.683,0.88,0.2357,513,1314.255,1316.42,2,rejection,off,bull,,,0.5874,0.4126,0.0,0.0,0.767
2018-05-04 17:30:00+00:00,2018-05-04 17:45:00+00:00,-1,1316.42,0.736,1317.156,3.44,1313.716,1.473,0.2199,513,1314.255,1316.42,2,rejection,newyork,bull,,,0.5674,0.2807,0.1518,0.1518,1.001
2018-05-04 18:30:00+00:00,2018-05-04 18:45:00+00:00,-1,1316.42,0.65,1317.07,2.851,1314.218,1.301,0.2106,513,1314.255,1316.42,2,rejection,newyork,bull,,,0.5721,0.2627,0.1653,0.1653,0.78
2018-05-04 19:15:00+00:00,2018-05-04 19:30:00+00:00,-1,1316.42,0.589,1317.008,3.142,1313.866,1.177,0.2439,513,1314.255,1316.42,2,rejection,newyork,bull,,,0.5951,0.1484,0.2565,0.2565,0.707
2018-05-04 19:45:00+00:00,2018-05-04 20:00:00+00:00,-1,1316.42,0.552,1316.972,2.931,1314.041,1.105,0.2283,513,1314.255,1316.42,2,rejection,newyork,bull,,,0.1854,0.7443,0.0703,0.0703,0.704
2018-05-07 10:15:00+00:00,2018-05-07 10:30:00+00:00,-1,1316.42,0.496,1316.915,2.885,1314.03,0.992,0.2493,513,1314.255,1316.42,2,rejection,london,bull,,,0.6744,0.1325,0.1931,0.1931,1.147
2018-05-07 15:30:00+00:00,2018-05-07 15:45:00+00:00,-1,1316.42,0.667,1317.087,3.345,1313.742,1.334,0.2313,513,1314.255,1316.42,2,rejection,newyork,bull,,,0.6852,0.2911,0.0236,0.0236,1.714
2018-05-07 16:00:00+00:00,2018-05-07 16:15:00+00:00,-1,1316.42,0.62,1317.04,3.446,1313.593,1.241,0.2469,513,1314.255,1316.42,2,rejection,newyork,bull,,,0.5224,0.4651,0.0125,0.0125,0.837
2018-05-07 18:30:00+00:00,2018-05-07 18:45:00+00:00,-1,1316.42,0.495,1316.915,3.244,1313.671,0.991,0.2393,513,1314.255,1316.42,2,rejection,newyork,bull,,,0.9285,0.0409,0.0306,0.0306,0.965
2018-05-07 19:15:00+00:00,2018-05-07 19:30:00+00:00,-1,1316.42,0.477,1316.896,3.218,1313.678,0.953,0.2535,513,1314.255,1316.42,2,rejection,newyork,bull,,,0.4226,0.4616,0.1158,0.1158,0.73
2018-05-07 20:00:00+00:00,2018-05-07 20:15:00+00:00,-1,1316.42,0.436,1316.856,2.937,1313.918,0.873,0.2385,513,1314.255,1316.42,2,rejection,newyork,bull,,,0.8492,0.0399,0.1109,0.1109,0.514
2018-05-07 22:30:00+00:00,2018-05-07 22:45:00+00:00,-1,1316.42,0.368,1316.788,2.619,1314.169,0.736,0.2616,513,1314.255,1316.42,2,rejection,off,bull,,,0.9176,0.001,0.0814,0.0814,0.492
2018-05-08 06:45:00+00:00,2018-05-08 07:00:00+00:00,-1,1316.42,0.478,1316.897,3.711,1313.186,0.956,0.2369,513,1314.255,1316.42,2,rejection,off,bull,,,0.5051,0.4176,0.0773,0.0773,1.236
2018-05-08 07:15:00+00:00,2018-05-08 07:30:00+00:00,-1,1316.42,0.48,1316.899,3.472,1313.427,0.959,0.2344,513,1314.255,1316.42,2,rejection,london,bull,,,0.0761,0.7417,0.1823,0.1823,1.111
2018-05-08 07:45:00+00:00,2018-05-08 08:00:00+00:00,-1,1316.42,0.519,1316.939,2.942,1313.997,1.038,0.2171,513,1314.255,1316.42,2,rejection,london,bull,,,0.2469,0.4854,0.2677,0.2677,1.201
2018-05-08 16:30:00+00:00,2018-05-08 16:45:00+00:00,-1,1316.42,0.878,1317.298,3.722,1313.576,1.756,0.2085,513,1314.255,1316.42,2,rejection,newyork,bull,,,0.6305,0.2899,0.0796,0.0796,1.476
2018-05-08 18:15:00+00:00,2018-05-08 18:30:00+00:00,-1,1320.094,1.033,1321.127,6.868,1314.258,2.065,0.2467,517,1316.027,1320.094,3,rejection,newyork,bull,,,0.4149,0.3635,0.2216,0.2216,4.43
2018-05-08 18:45:00+00:00,2018-05-08 19:00:00+00:00,-1,1322.333,1.098,1323.431,8.504,1314.927,2.196,0.2472,485,1316.532,1322.333,7,rejection,newyork,bull,,,0.7032,0.2121,0.0847,0.0847,2.332
2018-05-08 19:15:00+00:00,2018-05-08 19:30:00+00:00,-1,1320.094,1.023,1321.118,5.401,1315.717,2.047,0.2353,517,1316.027,1320.094,3,rejection,newyork,bull,,,0.1954,0.7969,0.0077,0.0077,0.714
2018-05-08 19:30:00+00:00,2018-05-08 19:45:00+00:00,-1,1320.094,0.987,1321.082,5.935,1315.146,1.975,0.2363,517,1316.027,1320.094,3,rejection,newyork,bull,,,0.5746,0.3771,0.0483,0.0483,1.035
2018-05-09 06:00:00+00:00,2018-05-09 06:15:00+00:00,-1,1311.43,0.504,1311.934,2.725,1309.208,1.008,0.2349,514,1309.21,1311.341,2,rejection,off,bull,,,0.688,0.0564,0.2556,0.2556,2.676
2018-05-09 13:15:00+00:00,2018-05-09 13:30:00+00:00,-1,1316.42,0.788,1317.208,4.161,1313.046,1.576,0.2035,513,1314.255,1316.42,2,rejection,overlap,bull,,,0.3974,0.277,0.3256,0.3256,2.655
2018-05-09 14:15:00+00:00,2018-05-09 14:30:00+00:00,-1,1320.192,0.812,1321.004,5.923,1315.081,1.624,0.1813,517,1315.929,1320.192,4,rejection,overlap,bull,,,0.4436,0.5095,0.0469,0.0469,1.077
2018-05-09 14:45:00+00:00,2018-05-09 15:00:00+00:00,-1,1320.192,0.838,1321.03,5.406,1315.624,1.677,0.2083,517,1315.929,1320.192,4,rejection,overlap,bull,,,0.373,0.4064,0.2206,0.2206,2.396
2018-05-09 15:00:00+00:00,2018-05-09 15:15:00+00:00,-1,1320.192,0.837,1321.029,6.048,1314.981,1.674,0.2289,517,1315.929,1320.192,4,rejection,overlap,bull,,,0.3965,0.3342,0.2693,0.2693,1.639
2018-05-09 15:15:00+00:00,2018-05-09 15:30:00+00:00,-1,1317.492,0.823,1318.315,4.22,1314.095,1.647,0.2239,513,1314.255,1316.42,2,rejection,overlap,bull,,,0.6726,0.1278,0.1996,0.1996,1.295
2018-05-09 15:30:00+00:00,2018-05-09 15:45:00+00:00,-1,1317.492,0.799,1318.29,4.484,1313.806,1.597,0.2331,513,1314.255,1316.42,2,rejection,newyork,bull,,,0.2878,0.6284,0.0838,0.0838,0.948
2018-06-05 07:00:00+00:00,2018-06-05 07:15:00+00:00,-1,1295.432,0.451,1295.883,3.223,1292.66,0.902,0.237,525,1293.314,1295.432,2,rejection,london,bull,,,0.3928,0.5491,0.058,0.058,1.551
2018-06-05 12:30:00+00:00,2018-06-05 12:45:00+00:00,-1,1295.432,0.493,1295.925,3.116,1292.809,0.986,0.2195,525,1293.314,1295.432,2,rejection,overlap,bull,,,0.4918,0.1906,0.3176,0.3176,1.131
2018-07-03 16:30:00+00:00,2018-07-03 16:45:00+00:00,-1,1256.921,0.68,1257.601,4.397,1253.204,1.359,0.2243,541,1253.469,1256.586,2,rejection,newyork,bear,,,0.3958,0.3842,0.2199,0.2199,1.25
2018-07-10 10:45:00+00:00,2018-07-10 11:00:00+00:00,-1,1253.888,0.536,1254.424,4.278,1250.146,1.072,0.2159,544,1250.375,1253.888,2,rejection,london,bear,,,0.9485,0.0218,0.0297,0.0297,2.914
2018-07-10 13:45:00+00:00,2018-07-10 14:00:00+00:00,-1,1256.586,0.686,1257.273,3.989,1253.284,1.373,0.2334,541,1253.469,1256.586,2,rejection,overlap,bear,,,0.5293,0.3832,0.0876,0.0876,1.656
2018-07-11 00:45:00+00:00,2018-07-11 01:00:00+00:00,-1,1256.966,0.505,1257.471,4.012,1253.458,1.01,0.2391,541,1253.469,1256.586,2,rejection,off,bear,,,0.7233,0.1219,0.1548,0.1548,1.641
2018-07-11 12:15:00+00:00,2018-07-11 12:30:00+00:00,-1,1253.888,0.556,1254.444,4.298,1250.146,1.113,0.2373,544,1250.375,1253.888,2,rejection,overlap,bear,,,0.5401,0.1484,0.3115,0.3115,1.365
2018-07-26 12:45:00+00:00,2018-07-26 13:00:00+00:00,-1,1230.825,0.563,1231.388,4.448,1226.94,1.125,0.2268,551,1227.471,1230.683,3,rejection,overlap,bear,,,0.9013,0.044,0.0547,0.0547,2.624
2018-07-26 14:15:00+00:00,2018-07-26 14:30:00+00:00,-1,1230.825,0.709,1231.534,5.48,1226.053,1.418,0.2148,551,1227.471,1230.683,3,rejection,overlap,bear,,,0.8378,0.0225,0.1397,0.1397,2.09
2018-07-26 14:45:00+00:00,2018-07-26 15:00:00+00:00,-1,1230.683,0.71,1231.394,4.842,1226.552,1.421,0.2281,551,1227.471,1230.683,3,rejection,overlap,bear,,,0.7792,0.0103,0.2105,0.2105,1.166
2018-07-26 15:45:00+00:00,2018-07-26 16:00:00+00:00,-1,1230.683,0.663,1231.346,4.98,1226.366,1.326,0.224,551,1227.471,1230.683,3,rejection,newyork,bear,,,0.9278,0.0071,0.0651,0.0651,1.405
2018-08-03 16:30:00+00:00,2018-08-03 16:45:00+00:00,-1,1220.093,0.653,1220.746,4.947,1215.798,1.305,0.2135,554,1216.66,1220.093,3,rejection,newyork,bear,,,0.9906,0.0004,0.009,0.009,1.112
2018-08-09 06:30:00+00:00,2018-08-09 06:45:00+00:00,-1,1217.303,0.442,1217.745,3.459,1214.287,0.884,0.2268,559,1214.772,1217.303,2,rejection,off,bear,,,0.8563,0.0509,0.0928,0.0928,1.218
2018-08-09 09:30:00+00:00,2018-08-09 09:45:00+00:00,-1,1217.303,0.527,1217.83,3.194,1214.637,1.054,0.2151,559,1214.772,1217.303,2,rejection,london,bear,,,0.0756,0.7078,0.2166,0.2166,1.018
2018-08-09 11:00:00+00:00,2018-08-09 11:15:00+00:00,-1,1217.303,0.486,1217.789,3.169,1214.62,0.971,0.2273,559,1214.772,1217.303,2,rejection,london,bear,,,0.3629,0.6159,0.0212,0.0212,0.496
2018-08-09 11:45:00+00:00,2018-08-09 12:00:00+00:00,-1,1217.303,0.457,1217.76,3.155,1214.605,0.914,0.2134,559,1214.772,1217.303,2,rejection,london,bear,,,0.586,0.2419,0.1721,0.1721,0.666
2018-08-09 13:30:00+00:00,2018-08-09 13:45:00+00:00,-1,1217.356,0.554,1217.909,3.724,1214.186,1.108,0.2132,559,1214.772,1217.303,2,rejection,overlap,bear,,,0.5966,0.1953,0.2081,0.2081,1.487
2018-08-09 14:30:00+00:00,2018-08-09 14:45:00+00:00,-1,1217.303,0.554,1217.858,3.503,1214.355,1.108,0.2112,559,1214.772,1217.303,2,rejection,overlap,bear,,,0.7365,0.0667,0.1968,0.1968,1.575
2018-08-10 15:15:00+00:00,2018-08-10 15:30:00+00:00,-1,1218.294,0.807,1219.1,5.104,1213.997,1.613,0.2124,559,1214.912,1218.294,3,rejection,overlap,bear,,,0.5405,0.1863,0.2732,0.2732,1.782
2018-08-10 15:30:00+00:00,2018-08-10 15:45:00+00:00,-1,1217.167,0.81,1217.977,5.457,1212.52,1.62,0.2204,556,1213.044,1216.894,2,rejection,newyork,bear,,,0.8576,0.1344,0.0079,0.0079,1.704
2018-09-07 17:00:00+00:00,2018-09-07 17:15:00+00:00,-1,1198.336,0.777,1199.112,4.549,1194.564,1.554,0.2364,573,1194.712,1197.419,2,rejection,newyork,bear,,,0.8674,0.1323,0.0003,0.0003,1.727
2018-09-10 00:15:00+00:00,2018-09-10 00:30:00+00:00,-1,1197.419,0.464,1197.883,3.18,1194.704,0.929,0.2398,573,1194.712,1197.419,2,rejection,off,bear,,,0.4192,0.3622,0.2186,0.2186,1.396
2018-09-10 01:45:00+00:00,2018-09-10 02:00:00+00:00,-1,1197.419,0.508,1197.927,3.627,1194.3,1.017,0.2204,573,1194.712,1197.419,2,rejection,off,bear,,,0.4579,0.4707,0.0714,0.0714,1.282
2018-09-10 02:45:00+00:00,2018-09-10 03:00:00+00:00,-1,1197.419,0.476,1197.895,3.35,1194.545,0.951,0.2339,573,1194.712,1197.419,2,rejection,off,bear,,,0.5369,0.1759,0.2873,0.2873,0.597
2018-09-10 03:30:00+00:00,2018-09-10 03:45:00+00:00,-1,1197.419,0.461,1197.88,3.296,1194.584,0.921,0.2262,573,1194.712,1197.419,2,rejection,off,bear,,,0.287,0.6797,0.0334,0.0334,0.974
2018-09-10 03:45:00+00:00,2018-09-10 04:00:00+00:00,-1,1197.419,0.446,1197.865,3.399,1194.466,0.892,0.2407,573,1194.712,1197.419,2,rejection,off,bear,,,0.2255,0.5757,0.1988,0.1988,0.505
2018-09-10 08:15:00+00:00,2018-09-10 08:30:00+00:00,-1,1197.419,0.545,1197.964,3.264,1194.7,1.09,0.2156,573,1194.712,1197.419,2,rejection,london,bear,,,0.1084,0.7321,0.1595,0.1595,1.065
2018-09-10 09:30:00+00:00,2018-09-10 09:45:00+00:00,-1,1197.419,0.525,1197.944,3.249,1194.695,1.049,0.2175,573,1194.712,1197.419,2,rejection,london,bear,,,0.8573,0.075,0.0678,0.0678,1.32
2018-09-11 18:00:00+00:00,2018-09-11 18:15:00+00:00,-1,1199.74,0.687,1200.427,3.397,1197.03,1.375,0.2131,562,1197.609,1199.74,2,rejection,newyork,bear,,,0.5039,0.3576,0.1385,0.1385,0.906
2018-09-11 23:45:00+00:00,2018-09-12 00:00:00+00:00,-1,1199.74,0.415,1200.155,3.08,1197.075,0.83,0.2077,562,1197.609,1199.74,2,rejection,off,bear,,,0.9864,0.0,0.0136,0.0136,0.735
2018-09-12 00:30:00+00:00,2018-09-12 00:45:00+00:00,-1,1199.74,0.435,1200.175,2.825,1197.35,0.871,0.2321,562,1197.609,1199.74,2,rejection,off,bear,,,0.6676,0.0,0.3324,0.3324,1.28
2018-09-12 12:30:00+00:00,2018-09-12 12:45:00+00:00,-1,1197.419,0.644,1198.063,4.078,1193.985,1.288,0.2176,573,1194.712,1197.419,2,rejection,overlap,bear,,,0.0278,0.9691,0.0031,0.0031,1.635
2018-09-14 18:00:00+00:00,2018-09-14 18:15:00+00:00,-1,1197.419,0.844,1198.263,3.729,1194.534,1.687,0.2249,573,1194.712,1197.419,2,rejection,newyork,bear,,,0.8995,0.0003,0.1002,0.1002,1.801
2018-09-14 19:00:00+00:00,2018-09-14 19:15:00+00:00,-1,1197.419,0.758,1198.177,3.983,1194.193,1.516,0.2263,573,1194.712,1197.419,2,rejection,newyork,bear,,,0.5116,0.3692,0.1191,0.1191,1.137
2018-09-26 18:15:00+00:00,2018-09-26 18:30:00+00:00,-1,1200.476,0.866,1201.342,5.902,1195.44,1.731,0.2291,562,1197.548,1200.476,3,rejection,newyork,bear,,,0.566,0.1534,0.2806,0.2806,3.851
2018-09-26 19:00:00+00:00,2018-09-26 19:15:00+00:00,-1,1200.476,1.285,1201.761,6.126,1195.635,2.57,0.2476,562,1197.548,1200.476,3,rejection,newyork,bear,,,0.5697,0.2276,0.2027,0.2027,4.591
2018-09-27 02:45:00+00:00,2018-09-27 03:00:00+00:00,-1,1200.476,0.505,1200.981,3.566,1197.415,1.01,0.2877,562,1197.548,1200.476,3,rejection,off,bear,,,0.3797,0.481,0.1392,0.1392,0.395
2018-10-01 14:00:00+00:00,2018-10-01 14:15:00+00:00,-1,1192.15,0.844,1192.994,6.699,1186.295,1.688,0.2147,567,1186.753,1190.677,3,rejection,overlap,bear,,,0.4192,0.5245,0.0562,0.0562,3.566
2018-10-02 14:15:00+00:00,2018-10-02 14:30:00+00:00,-1,1210.128,0.864,1210.992,5.347,1205.645,1.728,0.2041,570,1205.844,1210.128,6,rejection,overlap,bear,,,0.1319,0.6293,0.2389,0.2389,1.145
2018-10-02 14:30:00+00:00,2018-10-02 14:45:00+00:00,-1,1210.128,0.898,1211.026,6.654,1204.372,1.797,0.1997,570,1205.844,1210.128,6,rejection,overlap,bear,,,0.4654,0.2597,0.2748,0.2748,2.681
2018-10-02 15:45:00+00:00,2018-10-02 16:00:00+00:00,-1,1210.128,0.93,1211.058,6.224,1204.834,1.86,0.2134,570,1205.844,1210.128,6,rejection,newyork,bear,,,0.8695,0.0252,0.1053,0.1053,1.192
2018-10-08 14:15:00+00:00,2018-10-08 14:30:00+00:00,-1,1190.677,0.878,1191.555,4.953,1186.601,1.756,0.2218,567,1186.753,1190.677,3,rejection,overlap,bear,,,0.7596,0.1828,0.0577,0.0577,3.494
2018-10-08 14:30:00+00:00,2018-10-08 14:45:00+00:00,-1,1190.677,0.851,1191.527,5.074,1186.454,1.702,0.2312,567,1186.753,1190.677,3,rejection,overlap,bear,,,0.2175,0.5917,0.1909,0.1909,0.995
2018-10-08 16:15:00+00:00,2018-10-08 16:30:00+00:00,-1,1190.677,0.838,1191.515,4.963,1186.552,1.676,0.213,567,1186.753,1190.677,3,rejection,newyork,bear,,,0.0228,0.6776,0.2996,0.2996,1.314
2018-10-26 14:00:00+00:00,2018-10-26 14:15:00+00:00,1,1231.319,0.767,1230.552,4.786,1235.338,1.534,0.2385,582,1231.319,1234.486,2,rejection,overlap,bear,,,0.3818,0.2676,0.3505,0.7324,2.236
2018-10-26 18:00:00+00:00,2018-10-26 18:15:00+00:00,1,1231.319,1.018,1230.301,4.847,1235.148,2.037,0.3104,582,1231.319,1234.486,2,rejection,newyork,bear,,,0.644,0.0422,0.3139,0.9578,1.791
2018-10-26 18:45:00+00:00,2018-10-26 19:00:00+00:00,1,1231.319,0.92,1230.399,4.731,1235.13,1.84,0.2947,582,1231.319,1234.486,2,rejection,newyork,bear,,,0.732,0.0728,0.1952,0.9272,1.263
2018-10-28 22:00:00+00:00,2018-10-28 22:15:00+00:00,1,1231.319,0.71,1230.609,4.31,1234.919,1.419,0.3561,582,1231.319,1234.486,2,rejection,off,bear,,,0.7614,0.0417,0.1969,0.9583,1.305
2018-10-29 01:30:00+00:00,2018-10-29 01:45:00+00:00,1,1231.319,0.516,1230.803,3.991,1234.793,1.032,0.3074,582,1231.319,1234.486,2,rejection,off,bear,,,0.9149,0.0851,0.0,0.9149,1.299
2018-10-29 02:45:00+00:00,2018-10-29 03:00:00+00:00,1,1231.319,0.498,1230.821,3.828,1234.649,0.995,0.2703,582,1231.319,1234.486,2,rejection,off,bear,,,0.5939,0.1243,0.2818,0.8757,0.977
2018-11-01 16:15:00+00:00,2018-11-01 16:30:00+00:00,1,1228.591,0.762,1227.83,4.719,1232.548,1.523,0.2623,584,1228.591,1231.831,4,rejection,overlap,bear,,,0.8581,0.1419,0.0,0.8581,1.304
2018-11-01 17:00:00+00:00,2018-11-01 17:15:00+00:00,1,1229.466,0.751,1228.716,5.936,1234.651,1.501,0.2968,582,1231.319,1234.486,2,rejection,newyork,bear,,,0.4634,0.1341,0.4024,0.8659,1.23
2018-11-01 18:00:00+00:00,2018-11-01 18:15:00+00:00,1,1231.319,0.785,1230.534,4.191,1234.725,1.569,0.3011,582,1231.319,1234.486,2,rejection,newyork,bear,,,0.5316,0.0127,0.4557,0.9873,0.903
2018-11-01 19:00:00+00:00,2018-11-01 19:15:00+00:00,1,1231.319,0.707,1230.612,3.893,1234.505,1.414,0.3041,582,1231.319,1234.486,2,rejection,newyork,bear,,,0.7143,0.197,0.0887,0.803,1.015
2018-11-02 01:45:00+00:00,2018-11-02 02:00:00+00:00,1,1228.591,0.521,1228.071,4.016,1232.086,1.041,0.2492,584,1228.591,1231.831,4,rejection,off,bear,,,0.1266,0.3005,0.5729,0.6995,0.96
2018-11-02 08:00:00+00:00,2018-11-02 08:15:00+00:00,1,1230.992,0.615,1230.377,4.708,1235.085,1.23,0.3052,582,1231.319,1234.486,2,rejection,london,bear,,,0.6422,0.2882,0.0696,0.7118,1.723
2018-11-02 09:15:00+00:00,2018-11-02 09:30:00+00:00,1,1231.319,0.628,1230.691,4.309,1235.0,1.256,0.2784,582,1231.319,1234.486,2,rejection,london,bear,,,0.5831,0.3123,0.1046,0.6877,1.372
2018-11-02 12:15:00+00:00,2018-11-02 12:30:00+00:00,1,1231.319,0.685,1230.634,4.721,1235.355,1.37,0.322,582,1231.319,1234.486,2,rejection,overlap,bear,,,0.6042,0.0233,0.3725,0.9767,3.006
2018-11-02 13:15:00+00:00,2018-11-02 13:30:00+00:00,1,1228.591,0.959,1227.632,5.149,1232.782,1.917,0.3033,584,1228.591,1231.831,4,rejection,overlap,bear,,,0.2729,0.233,0.4941,0.767,2.455
2018-11-02 14:15:00+00:00,2018-11-02 14:30:00+00:00,1,1229.813,0.961,1228.852,6.791,1235.643,1.922,0.2977,582,1231.319,1234.486,2,rejection,overlap,bear,,,0.5691,0.3158,0.115,0.6842,2.622
2018-11-02 16:45:00+00:00,2018-11-02 17:00:00+00:00,1,1228.591,0.931,1227.66,4.891,1232.552,1.862,0.3089,584,1228.591,1231.831,4,rejection,newyork,bear,,,0.4885,0.1894,0.322,0.8106,1.61
2018-11-02 17:30:00+00:00,2018-11-02 17:45:00+00:00,1,1228.591,0.852,1227.739,4.135,1231.873,1.705,0.3027,584,1228.591,1231.831,4,rejection,newyork,bear,,,0.1408,0.2569,0.6023,0.7431,1.09
2018-11-02 17:45:00+00:00,2018-11-02 18:00:00+00:00,1,1228.591,0.831,1227.76,4.414,1232.173,1.662,0.2828,584,1228.591,1231.831,4,rejection,newyork,bear,,,0.2748,0.1847,0.5405,0.8153,1.11
2018-11-28 17:15:00+00:00,2018-11-28 17:30:00+00:00,-1,1227.854,1.111,1228.965,8.589,1220.377,2.222,0.307,587,1224.745,1227.854,2,rejection,newyork,bear,,,0.7065,0.1675,0.126,0.126,5.343
2018-11-28 18:45:00+00:00,2018-11-28 19:00:00+00:00,-1,1226.865,1.129,1227.994,6.717,1221.276,2.258,0.2762,585,1221.937,1224.312,2,rejection,newyork,bear,,,0.5567,0.4374,0.0058,0.0058,1.71
2018-12-13 13:00:00+00:00,2018-12-13 13:15:00+00:00,1,1240.263,0.408,1239.855,3.135,1242.99,0.815,0.2981,603,1240.263,1242.902,3,rejection,overlap,bear,,,0.8257,0.122,0.0524,0.878,0.955
2018-12-13 14:00:00+00:00,2018-12-13 14:15:00+00:00,1,1240.263,0.544,1239.719,3.782,1243.501,1.087,0.2801,603,1240.263,1242.902,3,rejection,overlap,bear,,,0.38,0.3087,0.3113,0.6913,2.473
2018-12-13 18:00:00+00:00,2018-12-13 18:15:00+00:00,1,1240.263,0.53,1239.732,3.874,1243.607,1.06,0.3094,603,1240.263,1242.902,3,rejection,newyork,bear,,,0.8295,0.0729,0.0975,0.9271,1.077
2018-12-13 20:45:00+00:00,2018-12-13 21:00:00+00:00,1,1240.263,0.452,1239.81,3.27,1243.08,0.905,0.3123,603,1240.263,1242.902,3,rejection,newyork,bear,,,0.83,0.135,0.035,0.865,1.0
2018-12-19 21:15:00+00:00,2018-12-19 21:30:00+00:00,1,1239.418,0.956,1238.462,4.551,1243.014,1.913,0.2975,603,1239.418,1242.832,4,rejection,newyork,bear,,,0.8588,0.0222,0.119,0.9778,0.966
2019-01-02 15:00:00+00:00,2019-01-02 15:15:00+00:00,1,1281.164,0.8,1280.364,5.452,1285.816,1.6,0.2927,611,1281.164,1285.172,2,rejection,overlap,bull,,,0.7286,0.0173,0.2541,0.9827,2.898
2019-01-02 16:45:00+00:00,2019-01-02 17:00:00+00:00,1,1281.164,0.884,1280.28,5.065,1285.345,1.768,0.3023,611,1281.164,1285.172,2,rejection,newyork,bull,,,0.7752,0.1496,0.0752,0.8504,1.795
2019-01-04 17:15:00+00:00,2019-01-04 17:30:00+00:00,1,1281.164,0.988,1280.176,5.052,1285.229,1.976,0.2865,611,1281.164,1285.172,2,rejection,newyork,bull,,,0.0585,0.227,0.7146,0.773,1.026
2019-01-04 21:15:00+00:00,2019-01-04 21:30:00+00:00,1,1281.164,0.618,1280.547,4.66,1285.207,1.235,0.3251,611,1281.164,1285.172,2,rejection,newyork,bull,,,0.7382,0.0773,0.1845,0.9227,0.434
2019-02-25 00:00:00+00:00,2019-02-25 00:15:00+00:00,1,1325.514,0.503,1325.011,3.658,1328.668,1.006,0.2892,624,1325.514,1328.551,2,rejection,off,bull,,,0.6914,0.1687,0.1399,0.8313,1.215
2019-02-25 00:30:00+00:00,2019-02-25 00:45:00+00:00,1,1325.514,0.478,1325.036,3.673,1328.709,0.956,0.3107,624,1325.514,1328.551,2,rejection,off,bull,,,0.0351,0.1079,0.857,0.8921,0.57
2019-02-26 19:45:00+00:00,2019-02-26 20:00:00+00:00,1,1325.514,0.599,1324.915,4.49,1329.405,1.197,0.3095,624,1325.514,1328.551,2,rejection,newyork,bull,,,0.3018,0.0878,0.6105,0.9122,1.442
2019-02-26 20:30:00+00:00,2019-02-26 20:45:00+00:00,1,1325.514,0.552,1324.962,4.023,1328.985,1.104,0.3053,624,1325.514,1328.551,2,rejection,newyork,bull,,,0.4783,0.0333,0.4884,0.9667,0.645
2019-02-27 15:30:00+00:00,2019-02-27 15:45:00+00:00,1,1322.133,0.651,1321.483,3.096,1324.579,1.301,0.2875,622,1322.482,1324.568,2,rejection,overlap,bull,,,0.4177,0.0369,0.5453,0.9631,2.111
2019-02-28 13:00:00+00:00,2019-02-28 13:15:00+00:00,1,1322.482,0.515,1321.966,3.577,1325.543,1.03,0.2886,622,1322.482,1324.568,2,rejection,overlap,bull,,,0.6688,0.0261,0.3052,0.9739,1.343
2019-04-11 00:45:00+00:00,2019-04-11 01:00:00+00:00,1,1305.426,0.371,1305.055,2.799,1307.853,0.743,0.2913,643,1305.426,1307.302,2,rejection,off,bull,,,0.6088,0.0,0.3912,1.0,0.728
2019-04-11 13:15:00+00:00,2019-04-11 13:30:00+00:00,1,1293.486,0.745,1292.741,5.092,1297.833,1.49,0.2756,652,1293.486,1295.636,2,rejection,overlap,bull,,,0.8755,0.006,0.1185,0.994,2.49
2019-04-25 14:45:00+00:00,2019-04-25 15:00:00+00:00,-1,1283.426,0.711,1284.137,4.359,1279.778,1.423,0.2962,654,1280.134,1283.426,2,rejection,overlap,bull,,,0.8399,0.1547,0.0054,0.0054,1.562
2019-04-25 15:15:00+00:00,2019-04-25 15:30:00+00:00,-1,1283.426,0.686,1284.112,4.713,1279.399,1.371,0.2875,654,1280.134,1283.426,2,rejection,overlap,bull,,,0.4751,0.3577,0.1672,0.1672,1.336
2019-04-25 16:00:00+00:00,2019-04-25 16:15:00+00:00,-1,1282.271,0.674,1282.945,5.25,1277.695,1.347,0.2783,659,1277.742,1280.738,3,rejection,newyork,bull,,,0.3462,0.4753,0.1785,0.1785,1.213
2019-04-25 17:00:00+00:00,2019-04-25 17:15:00+00:00,-1,1280.738,0.629,1281.367,3.652,1277.715,1.258,0.3005,659,1277.742,1280.738,3,rejection,newyork,bull,,,0.2637,0.6492,0.0871,0.0871,0.631
2019-04-25 17:30:00+00:00,2019-04-25 17:45:00+00:00,-1,1280.738,0.601,1281.339,4.104,1277.235,1.203,0.2959,659,1277.742,1280.738,3,rejection,newyork,bull,,,0.5,0.1948,0.3052,0.3052,0.77
2019-05-16 09:15:00+00:00,2019-05-16 09:30:00+00:00,1,1292.157,0.496,1291.661,3.729,1295.39,0.992,0.2735,669,1292.157,1294.747,2,rejection,london,bull,,,0.2224,0.3121,0.4655,0.6879,1.153
2019-05-16 12:00:00+00:00,2019-05-16 12:15:00+00:00,1,1292.157,0.44,1291.716,3.064,1294.78,0.881,0.2697,669,1292.157,1294.747,2,rejection,overlap,bull,,,0.8883,0.0148,0.0969,0.9852,1.012
2019-05-16 12:45:00+00:00,2019-05-16 13:00:00+00:00,1,1287.365,0.575,1286.79,4.313,1291.102,1.151,0.273,657,1287.365,1291.034,4,rejection,overlap,bull,,,0.2278,0.3205,0.4516,0.6795,1.365
2019-05-29 20:00:00+00:00,2019-05-29 20:15:00+00:00,-1,1283.284,0.575,1283.859,3.739,1280.12,1.15,0.3435,654,1280.155,1283.284,4,rejection,newyork,bull,,,0.7404,0.1283,0.1313,0.1313,0.495
2019-05-29 20:15:00+00:00,2019-05-29 20:30:00+00:00,-1,1283.284,0.539,1283.822,3.757,1280.065,1.077,0.3206,654,1280.155,1283.284,4,rejection,newyork,bull,,,0.3846,0.6154,0.0,0.0,0.13
2019-06-14 19:00:00+00:00,2019-06-14 19:15:00+00:00,1,1337.263,0.978,1336.284,5.359,1341.643,1.956,0.2824,678,1337.263,1341.062,2,rejection,newyork,bull,,,0.6608,0.2044,0.1348,0.7956,0.79
2019-06-14 19:45:00+00:00,2019-06-14 20:00:00+00:00,1,1337.263,0.875,1336.388,4.74,1341.128,1.749,0.3008,678,1337.263,1341.062,2,rejection,newyork,bull,,,0.5311,0.0623,0.4066,0.9377,0.562
2019-06-14 20:00:00+00:00,2019-06-14 20:15:00+00:00,1,1337.263,0.834,1336.428,5.073,1341.501,1.669,0.3202,678,1337.263,1341.062,2,rejection,newyork,bull,,,0.6034,0.0136,0.3831,0.9864,0.627
2019-06-17 01:15:00+00:00,2019-06-17 01:30:00+00:00,1,1336.244,0.705,1335.539,5.536,1341.075,1.409,0.3182,678,1337.263,1341.062,2,rejection,off,bull,,,0.2972,0.2673,0.4355,0.7327,2.339
2019-06-18 14:00:00+00:00,2019-06-18 14:15:00+00:00,1,1337.263,1.32,1335.942,8.031,1343.974,2.641,0.2752,678,1337.263,1341.062,2,rejection,overlap,bull,,,0.4347,0.0258,0.5394,0.9742,4.708
2019-07-10 18:00:00+00:00,2019-07-10 18:15:00+00:00,1,1408.277,1.347,1406.93,9.181,1416.111,2.694,0.323,691,1408.277,1414.128,2,rejection,newyork,bull,,,0.6947,0.2941,0.0112,0.7059,4.148
2019-07-10 18:45:00+00:00,2019-07-10 19:00:00+00:00,1,1408.277,1.268,1407.01,8.229,1415.238,2.535,0.2915,691,1408.277,1414.128,2,rejection,newyork,bull,,,0.557,0.0421,0.4009,0.9579,1.58
2019-07-11 14:00:00+00:00,2019-07-11 14:15:00+00:00,1,1408.277,1.099,1407.179,8.41,1415.588,2.198,0.2858,691,1408.277,1414.128,2,rejection,overlap,bull,,,0.3818,0.0633,0.5549,0.9367,3.501
2019-07-23 15:45:00+00:00,2019-07-23 16:00:00+00:00,1,1416.826,1.124,1415.702,7.248,1422.95,2.248,0.282,695,1416.826,1421.409,2,rejection,newyork,bull,,,0.8727,0.0815,0.0457,0.9185,1.858
2019-08-16 11:00:00+00:00,2019-08-16 11:15:00+00:00,1,1506.46,1.084,1505.376,8.109,1513.485,2.169,0.3015,703,1507.068,1513.027,2,rejection,london,bull,,,0.4723,0.2144,0.3132,0.7856,1.958
2019-08-16 13:00:00+00:00,2019-08-16 13:15:00+00:00,1,1507.068,1.246,1505.822,7.864,1513.687,2.492,0.3076,703,1507.068,1513.027,2,rejection,overlap,bull,,,0.9868,0.0093,0.004,0.9907,3.783
2019-08-16 13:30:00+00:00,2019-08-16 13:45:00+00:00,1,1507.068,1.213,1505.855,8.631,1514.486,2.426,0.3038,703,1507.068,1513.027,2,rejection,overlap,bull,,,0.3259,0.1028,0.5713,0.8972,2.792
2019-08-16 14:15:00+00:00,2019-08-16 14:30:00+00:00,1,1507.068,1.264,1505.804,8.398,1514.202,2.529,0.3067,703,1507.068,1513.027,2,rejection,overlap,bull,,,0.1611,0.1984,0.6405,0.8016,4.177
2019-08-16 17:30:00+00:00,2019-08-16 17:45:00+00:00,1,1507.068,1.299,1505.769,8.851,1514.62,2.597,0.3016,703,1507.068,1513.027,2,rejection,newyork,bull,,,0.596,0.1757,0.2283,0.8243,2.313
2019-08-16 19:45:00+00:00,2019-08-16 20:00:00+00:00,1,1507.068,1.093,1505.975,8.166,1514.142,2.186,0.341,703,1507.068,1513.027,2,rejection,newyork,bull,,,0.7489,0.0552,0.1958,0.9448,2.236
2019-08-16 20:45:00+00:00,2019-08-18 22:00:00+00:00,1,1507.068,1.016,1506.052,7.138,1513.19,2.032,0.5439,703,1507.068,1513.027,2,rejection,newyork,bull,,,0.3244,0.2856,0.39,0.7144,2.317
2019-09-12 13:30:00+00:00,2019-09-12 13:45:00+00:00,1,1504.355,1.764,1502.591,13.248,1515.838,3.529,0.3038,703,1505.851,1512.166,4,rejection,overlap,bull,,,0.5535,0.0051,0.4414,0.9949,3.897
2019-10-15 16:00:00+00:00,2019-10-15 16:15:00+00:00,-1,1488.979,1.202,1490.181,9.381,1480.8,2.405,0.2851,717,1481.34,1488.979,7,rejection,newyork,bull,,,0.5301,0.3426,0.1274,0.1274,1.139
2019-11-18 14:45:00+00:00,2019-11-18 15:00:00+00:00,-1,1476.01,1.04,1477.049,7.783,1469.266,2.079,0.2461,730,1471.7,1476.01,2,rejection,overlap,bull,,,0.9084,0.0764,0.0153,0.0153,2.488
2019-11-20 18:45:00+00:00,2019-11-20 19:00:00+00:00,-1,1476.916,1.229,1478.146,7.706,1470.44,2.459,0.3098,730,1471.655,1476.916,3,rejection,newyork,bull,,,0.8292,0.0,0.1708,0.1708,4.8
2019-11-20 19:15:00+00:00,2019-11-20 19:30:00+00:00,-1,1476.916,1.214,1478.13,6.945,1471.185,2.428,0.2937,730,1471.655,1476.916,3,rejection,newyork,bull,,,0.4948,0.203,0.3023,0.3023,1.963
2019-12-02 15:30:00+00:00,2019-12-02 15:45:00+00:00,-1,1467.379,1.005,1468.384,7.089,1461.295,2.01,0.3049,735,1463.552,1467.379,2,rejection,overlap,bull,,,0.3386,0.5967,0.0647,0.0647,4.534
2019-12-12 15:30:00+00:00,2019-12-12 15:45:00+00:00,1,1464.447,1.458,1462.989,7.091,1470.08,2.917,0.2574,732,1464.447,1467.621,4,rejection,overlap,bull,,,0.9311,0.0024,0.0665,0.9976,4.211
2019-12-12 23:15:00+00:00,2019-12-12 23:30:00+00:00,1,1458.793,1.108,1457.685,6.865,1464.55,2.216,0.3449,729,1458.793,1463.879,5,rejection,off,bull,,,0.0373,0.1222,0.8405,0.8778,2.279
2019-12-16 00:00:00+00:00,2019-12-16 00:15:00+00:00,1,1470.412,0.608,1469.804,4.693,1474.496,1.216,0.2747,741,1470.412,1474.085,2,rejection,off,bull,,,0.4379,0.1436,0.4185,0.8564,0.697
2019-12-16 16:30:00+00:00,2019-12-16 16:45:00+00:00,1,1470.412,0.696,1469.715,5.276,1474.992,1.392,0.2397,741,1470.412,1474.085,2,rejection,newyork,bull,,,0.5147,0.1856,0.2998,0.8144,1.142
2019-12-18 13:45:00+00:00,2019-12-18 14:00:00+00:00,1,1468.312,0.666,1467.646,4.813,1472.459,1.332,0.2548,734,1468.312,1470.641,2,rejection,overlap,bull,,,0.6536,0.1547,0.1917,0.8453,2.295
2019-12-18 16:15:00+00:00,2019-12-18 16:30:00+00:00,1,1470.527,0.772,1469.755,5.974,1475.729,1.545,0.2666,741,1470.527,1475.275,4,rejection,overlap,bull,,,0.181,0.1503,0.6686,0.8497,0.765
2019-12-18 16:30:00+00:00,2019-12-18 16:45:00+00:00,1,1470.527,0.764,1469.764,6.045,1475.809,1.528,0.2614,741,1470.527,1475.275,4,rejection,newyork,bull,,,0.0845,0.0407,0.8748,0.9593,1.302
2020-01-29 09:15:00+00:00,2020-01-29 09:30:00+00:00,1,1566.571,0.619,1565.953,4.362,1570.315,1.238,0.2613,757,1566.571,1570.082,2,rejection,london,bull,,,0.6615,0.2982,0.0404,0.7018,0.867
2020-01-29 14:00:00+00:00,2020-01-29 14:15:00+00:00,1,1566.571,0.746,1565.826,4.354,1570.18,1.492,0.275,757,1566.571,1570.082,2,rejection,overlap,bull,,,0.2619,0.1891,0.549,0.8109,1.208
2020-01-29 14:45:00+00:00,2020-01-29 15:00:00+00:00,1,1566.571,0.911,1565.66,6.465,1572.125,1.823,0.2903,757,1566.571,1570.082,2,rejection,overlap,bull,,,0.8401,0.1416,0.0184,0.8584,4.274
2020-01-29 16:00:00+00:00,2020-01-29 16:15:00+00:00,1,1566.571,0.978,1565.594,5.568,1571.162,1.955,0.2825,757,1566.571,1570.082,2,rejection,overlap,bull,,,0.6344,0.1911,0.1744,0.8089,2.006
2020-01-29 16:30:00+00:00,2020-01-29 16:45:00+00:00,1,1566.571,0.938,1565.633,5.582,1571.215,1.876,0.264,757,1566.571,1570.082,2,rejection,newyork,bull,,,0.8294,0.0076,0.163,0.9924,1.31
2020-01-29 17:30:00+00:00,2020-01-29 17:45:00+00:00,1,1566.571,0.822,1565.75,4.55,1570.3,1.643,0.2767,757,1566.571,1570.082,2,rejection,newyork,bull,,,0.65,0.2732,0.0768,0.7268,1.171
2020-01-29 18:15:00+00:00,2020-01-29 18:30:00+00:00,1,1566.571,0.768,1565.803,5.488,1571.291,1.536,0.2865,757,1566.571,1570.082,2,rejection,newyork,bull,,,0.5214,0.1312,0.3475,0.8688,1.486
2020-01-29 19:00:00+00:00,2020-01-29 19:15:00+00:00,1,1566.571,0.793,1565.778,5.992,1571.77,1.587,0.3109,757,1566.571,1570.082,2,rejection,newyork,bull,,,0.3932,0.1167,0.49,0.8833,3.255
2020-02-07 21:00:00+00:00,2020-02-07 21:15:00+00:00,1,1566.571,0.711,1565.861,4.529,1570.39,1.421,0.3465,757,1566.571,1570.082,2,rejection,newyork,bull,,,0.4986,0.0028,0.4986,0.9972,0.542
2020-02-28 06:15:00+00:00,2020-02-28 06:30:00+00:00,1,1621.576,2.086,1619.49,13.902,1633.392,4.172,0.3226,767,1621.576,1628.453,2,rejection,off,bull,,,0.5671,0.1618,0.2711,0.8382,7.571
2020-04-09 14:45:00+00:00,2020-04-09 15:00:00+00:00,1,1667.588,2.687,1664.902,18.333,1683.235,5.374,0.9562,773,1667.588,1679.352,2,rejection,overlap,bull,,,0.5885,0.0579,0.3536,0.9421,8.81
2020-04-09 15:30:00+00:00,2020-04-09 15:45:00+00:00,1,1667.588,2.617,1664.972,15.333,1680.305,5.234,1.1683,773,1667.588,1679.352,2,rejection,newyork,bull,,,0.6908,0.1615,0.1477,0.8385,3.25
2020-04-09 15:45:00+00:00,2020-04-09 16:00:00+00:00,1,1667.588,2.669,1664.919,19.201,1684.12,5.338,1.0024,773,1667.588,1679.352,2,rejection,newyork,bull,,,0.5609,0.1323,0.3068,0.8677,6.703
2020-04-09 18:30:00+00:00,2020-04-09 18:45:00+00:00,1,1667.588,2.783,1664.805,18.035,1682.84,5.566,1.1363,773,1667.588,1679.352,2,rejection,newyork,bull,,,0.3864,0.068,0.5456,0.932,7.242
2020-04-09 19:00:00+00:00,2020-04-09 19:15:00+00:00,1,1667.588,2.758,1664.83,17.095,1681.925,5.516,1.3751,773,1667.588,1679.352,2,rejection,newyork,bull,,,0.5208,0.0438,0.4354,0.9562,4.685
2020-04-21 10:30:00+00:00,2020-04-21 10:45:00+00:00,1,1667.588,2.427,1665.162,15.788,1680.95,4.854,1.7532,773,1667.588,1679.352,2,rejection,london,bull,,,0.8598,0.1375,0.0027,0.8625,5.529
2020-05-12 14:45:00+00:00,2020-05-12 15:00:00+00:00,1,1699.814,1.529,1698.285,11.575,1709.86,3.058,0.5458,790,1699.814,1708.564,2,rejection,overlap,bull,,,0.9183,0.0376,0.0441,0.9624,3.855
2020-05-12 15:15:00+00:00,2020-05-12 15:30:00+00:00,1,1699.814,1.48,1698.334,11.411,1709.745,2.961,0.5211,790,1699.814,1708.564,2,rejection,overlap,bull,,,0.2487,0.3112,0.44,0.6888,1.864
2020-05-13 13:30:00+00:00,2020-05-13 13:45:00+00:00,1,1699.814,1.657,1698.158,12.537,1710.695,3.313,0.5908,790,1699.814,1708.564,2,rejection,overlap,bull,,,0.1128,0.1703,0.7168,0.8297,4.609
2020-05-13 15:15:00+00:00,2020-05-13 15:30:00+00:00,1,1706.871,1.679,1705.193,11.054,1716.246,3.358,0.5927,795,1708.735,1716.051,3,rejection,overlap,bull,,,0.3373,0.2655,0.3972,0.7345,2.895
2020-05-13 19:30:00+00:00,2020-05-13 19:45:00+00:00,1,1708.735,1.224,1707.511,8.6,1716.111,2.449,0.4433,795,1708.735,1716.051,3,rejection,newyork,bull,,,0.8201,0.079,0.1009,0.921,2.215
2020-05-13 20:45:00+00:00,2020-05-13 22:00:00+00:00,1,1708.735,1.122,1707.613,8.667,1716.28,2.245,0.7071,795,1708.735,1716.051,3,rejection,newyork,bull,,,0.5559,0.228,0.2161,0.772,1.967
2020-05-14 12:30:00+00:00,2020-05-14 12:45:00+00:00,1,1708.735,1.195,1707.54,9.335,1716.875,2.39,0.6686,795,1708.735,1716.051,3,rejection,overlap,bull,,,0.4395,0.1355,0.425,0.8645,3.789
2020-05-15 14:45:00+00:00,2020-05-15 15:00:00+00:00,1,1733.152,1.887,1731.265,11.695,1742.96,3.774,0.4569,788,1733.152,1742.423,3,rejection,overlap,bull,,,0.7804,0.0104,0.2093,0.9896,4.492
2020-05-15 18:15:00+00:00,2020-05-15 18:30:00+00:00,1,1733.152,1.818,1731.334,12.836,1744.17,3.635,0.6647,788,1733.152,1742.423,3,rejection,newyork,bull,,,0.5937,0.1798,0.2266,0.8202,3.024
2020-05-15 18:45:00+00:00,2020-05-15 19:00:00+00:00,1,1733.152,1.817,1731.335,12.64,1743.975,3.633,0.6481,788,1733.152,1742.423,3,rejection,newyork,bull,,,0.7496,0.155,0.0954,0.845,3.023
2020-05-15 20:15:00+00:00,2020-05-15 20:30:00+00:00,1,1733.152,1.476,1731.676,11.379,1743.055,2.951,0.4127,788,1733.152,1742.423,3,rejection,newyork,bull,,,0.4758,0.0747,0.4495,0.9253,1.405
2020-05-18 14:15:00+00:00,2020-05-18 14:30:00+00:00,1,1732.12,2.595,1729.525,13.219,1742.744,5.19,0.4044,788,1733.152,1742.423,3,rejection,overlap,bull,,,0.5474,0.284,0.1685,0.716,4.741
2020-05-18 14:30:00+00:00,2020-05-18 14:45:00+00:00,1,1732.12,2.523,1729.597,13.593,1743.19,5.047,0.363,788,1733.152,1742.423,3,rejection,overlap,bull,,,0.1419,0.0248,0.8333,0.9752,3.183
2020-05-19 17:15:00+00:00,2020-05-19 17:30:00+00:00,1,1733.152,1.402,1731.75,10.82,1742.57,2.803,0.3723,788,1733.152,1742.423,3,rejection,newyork,bull,,,0.6907,0.1751,0.1342,0.8249,1.713
2020-05-29 12:15:00+00:00,2020-05-29 12:30:00+00:00,1,1723.943,1.208,1722.735,8.452,1731.187,2.417,0.3894,798,1723.943,1730.378,2,rejection,overlap,bull,,,0.7647,0.2287,0.0066,0.7713,4.541
2020-05-29 14:15:00+00:00,2020-05-29 14:30:00+00:00,1,1723.943,1.36,1722.583,9.302,1731.885,2.721,0.3141,798,1723.943,1730.378,2,rejection,overlap,bull,,,0.639,0.2019,0.1591,0.7981,3.269
2020-05-29 19:15:00+00:00,2020-05-29 19:30:00+00:00,1,1723.943,1.342,1722.601,8.682,1731.284,2.684,0.4749,798,1723.943,1730.378,2,rejection,newyork,bull,,,0.3264,0.304,0.3696,0.696,2.773
2020-06-08 08:15:00+00:00,2020-06-08 08:30:00+00:00,-1,1701.745,1.081,1702.826,7.969,1694.857,2.162,0.4075,793,1695.774,1701.745,3,rejection,london,bull,,,0.6669,0.2103,0.1228,0.1228,1.315
2020-06-08 10:00:00+00:00,2020-06-08 10:15:00+00:00,-1,1701.745,1.061,1702.806,7.949,1694.856,2.122,0.402,793,1695.774,1701.745,3,rejection,london,bull,,,0.1864,0.7895,0.0241,0.0241,2.28
2020-06-08 11:00:00+00:00,2020-06-08 11:15:00+00:00,-1,1701.745,1.014,1702.759,7.906,1694.853,2.029,0.4146,793,1695.774,1701.745,3,rejection,london,bull,,,0.2414,0.6021,0.1565,0.1565,1.885
2020-06-09 03:30:00+00:00,2020-06-09 03:45:00+00:00,-1,1701.745,0.977,1702.722,7.76,1694.961,1.954,0.4703,793,1695.774,1701.745,3,rejection,off,bull,,,0.7661,0.0,0.2339,0.2339,2.074
2020-06-09 04:00:00+00:00,2020-06-09 04:15:00+00:00,-1,1701.745,0.92,1702.665,7.288,1695.377,1.84,0.4848,793,1695.774,1701.745,3,rejection,off,bull,,,0.1199,0.7162,0.1639,0.1639,1.351
2020-06-09 04:30:00+00:00,2020-06-09 04:45:00+00:00,-1,1701.745,0.915,1702.66,7.123,1695.537,1.83,0.5325,793,1695.774,1701.745,3,rejection,off,bull,,,0.1368,0.7504,0.1128,0.1128,1.268
2020-06-09 09:15:00+00:00,2020-06-09 09:30:00+00:00,-1,1716.051,1.344,1717.395,9.665,1707.73,2.688,0.3262,795,1708.735,1716.051,3,rejection,london,bull,,,0.6358,0.2467,0.1175,0.1175,2.298
2020-06-09 10:30:00+00:00,2020-06-09 10:45:00+00:00,-1,1716.051,1.248,1717.299,8.974,1708.325,2.495,0.3457,795,1708.735,1716.051,3,rejection,london,bull,,,0.3159,0.5397,0.1444,0.1444,2.205
2020-06-09 11:00:00+00:00,2020-06-09 11:15:00+00:00,-1,1716.051,1.309,1717.36,9.791,1707.568,2.618,0.3661,795,1708.735,1716.051,3,rejection,london,bull,,,0.6722,0.1525,0.1752,0.1752,3.835
2020-06-09 11:30:00+00:00,2020-06-09 11:45:00+00:00,-1,1716.051,1.373,1717.424,8.927,1708.496,2.746,0.374,795,1708.735,1716.051,3,rejection,london,bull,,,0.7073,0.1827,0.11,0.11,2.729
2020-06-09 15:30:00+00:00,2020-06-09 15:45:00+00:00,-1,1725.845,1.44,1727.285,10.359,1716.927,2.88,0.2968,794,1717.32,1725.845,5,rejection,newyork,bull,,,0.4054,0.5471,0.0475,0.0475,1.789
2020-06-09 15:45:00+00:00,2020-06-09 16:00:00+00:00,-1,1725.845,1.399,1727.245,11.055,1716.19,2.799,0.3754,794,1717.32,1725.845,5,rejection,newyork,bull,,,0.4175,0.431,0.1514,0.1514,1.74
2020-06-30 18:30:00+00:00,2020-06-30 18:45:00+00:00,1,1774.325,1.252,1773.073,9.712,1782.785,2.505,0.4974,810,1774.325,1781.471,2,rejection,newyork,bull,,,0.7295,0.2343,0.0362,0.7657,2.07
2020-06-30 20:00:00+00:00,2020-06-30 20:15:00+00:00,1,1774.325,1.107,1773.218,8.513,1781.731,2.213,0.4316,810,1774.325,1781.471,2,rejection,newyork,bull,,,0.7394,0.1256,0.135,0.8744,1.752
2020-07-01 11:15:00+00:00,2020-07-01 11:30:00+00:00,1,1774.325,1.173,1773.152,9.088,1782.24,2.346,0.4438,810,1774.325,1781.471,2,rejection,london,bull,,,0.1169,0.0351,0.8481,0.9649,2.995
2020-07-01 11:45:00+00:00,2020-07-01 12:00:00+00:00,1,1774.325,1.361,1772.964,8.701,1781.665,2.723,0.4543,810,1774.325,1781.471,2,rejection,london,bull,,,0.8329,0.1337,0.0335,0.8663,4.526
2020-07-01 14:00:00+00:00,2020-07-01 14:15:00+00:00,1,1762.758,2.144,1760.613,8.127,1768.74,4.288,0.4409,813,1762.758,1767.757,2,rejection,overlap,bull,,,0.2318,0.3023,0.4659,0.6977,6.115
2020-07-01 16:45:00+00:00,2020-07-01 17:00:00+00:00,1,1759.245,1.966,1757.279,13.474,1770.753,3.931,0.5623,813,1762.758,1767.757,2,rejection,newyork,bull,,,0.9922,0.0078,0.0,0.9922,3.208
2020-07-01 18:30:00+00:00,2020-07-01 18:45:00+00:00,1,1762.758,1.588,1761.169,7.029,1768.198,3.176,0.4296,813,1762.758,1767.757,2,rejection,newyork,bull,,,0.5396,0.1051,0.3553,0.8949,1.665
2020-07-01 18:45:00+00:00,2020-07-01 19:00:00+00:00,1,1762.758,1.59,1761.168,9.512,1770.68,3.18,0.4971,813,1762.758,1767.757,2,rejection,newyork,bull,,,0.7685,0.0822,0.1493,0.9178,3.225
2020-07-02 00:30:00+00:00,2020-07-02 00:45:00+00:00,1,1762.758,0.978,1761.78,6.323,1768.104,1.955,0.5073,813,1762.758,1767.757,2,rejection,off,bull,,,0.6149,0.1238,0.2613,0.8762,1.345
2020-07-02 01:15:00+00:00,2020-07-02 01:30:00+00:00,1,1762.758,1.017,1761.74,6.938,1768.678,2.034,0.6553,813,1762.758,1767.757,2,rejection,off,bull,,,0.4864,0.2082,0.3054,0.7918,3.304
2020-07-02 03:00:00+00:00,2020-07-02 03:15:00+00:00,1,1762.758,0.891,1761.866,6.712,1768.579,1.782,0.5066,813,1762.758,1767.757,2,rejection,off,bull,,,0.3024,0.0897,0.6079,0.9103,1.45
2020-07-02 13:15:00+00:00,2020-07-02 13:30:00+00:00,1,1757.86,1.527,1756.333,11.467,1767.8,3.053,0.5444,813,1762.758,1767.757,2,rejection,overlap,bull,,,0.7411,0.0635,0.1954,0.9365,3.805
2020-07-06 14:30:00+00:00,2020-07-06 14:45:00+00:00,1,1774.313,1.286,1773.027,10.18,1783.207,2.573,0.4247,810,1774.313,1781.672,3,rejection,overlap,bull,,,0.7755,0.158,0.0665,0.842,3.735
2020-07-14 01:15:00+00:00,2020-07-14 01:30:00+00:00,1,1792.448,0.921,1791.527,6.678,1798.205,1.842,0.5824,819,1792.448,1797.256,2,rejection,off,bull,,,0.56,0.3031,0.1369,0.6969,2.667
2020-07-14 02:30:00+00:00,2020-07-14 02:45:00+00:00,1,1792.448,0.865,1791.582,6.411,1797.994,1.731,0.5193,819,1792.448,1797.256,2,rejection,off,bull,,,0.1119,0.0839,0.8042,0.9161,1.43
2020-07-14 13:30:00+00:00,2020-07-14 13:45:00+00:00,1,1792.448,1.691,1790.757,10.206,1800.964,3.381,0.4631,819,1792.448,1797.256,2,rejection,overlap,bull,,,0.5487,0.2556,0.1957,0.7444,5.756
2020-08-18 14:30:00+00:00,2020-08-18 14:45:00+00:00,1,1976.131,3.488,1972.643,18.74,1991.383,6.976,0.5117,827,1977.068,1988.89,3,rejection,overlap,bull,,,0.5078,0.0871,0.4051,0.9129,16.707
2020-08-19 07:30:00+00:00,2020-08-19 07:45:00+00:00,1,1977.068,2.049,1975.019,15.141,1990.16,4.098,0.5467,827,1977.068,1988.89,3,rejection,london,bull,,,0.9054,0.0809,0.0137,0.9191,4.016
2020-08-19 08:30:00+00:00,2020-08-19 08:45:00+00:00,1,1977.068,1.939,1975.129,15.285,1990.414,3.878,0.5603,827,1977.068,1988.89,3,rejection,london,bull,,,0.8441,0.0222,0.1337,0.9778,2.928
2020-08-19 10:30:00+00:00,2020-08-19 10:45:00+00:00,1,1977.068,1.972,1975.096,14.183,1989.278,3.944,0.5091,827,1977.068,1988.89,3,rejection,london,bull,,,0.3409,0.0346,0.6244,0.9654,2.455
2020-08-19 12:15:00+00:00,2020-08-19 12:30:00+00:00,1,1977.068,2.034,1975.033,15.278,1990.312,4.069,0.4967,827,1977.068,1988.89,3,rejection,overlap,bull,,,0.3738,0.0386,0.5876,0.9614,5.823
2020-09-09 16:15:00+00:00,2020-09-09 16:30:00+00:00,1,1937.952,1.802,1936.15,9.346,1945.496,3.603,0.4017,844,1937.952,1944.484,2,rejection,newyork,bull,,,0.6671,0.0929,0.24,0.9071,1.292
2020-09-10 02:15:00+00:00,2020-09-10 02:30:00+00:00,1,1937.952,1.151,1936.801,8.572,1945.373,2.301,0.3677,844,1937.952,1944.484,2,rejection,off,bull,,,0.3872,0.1954,0.4174,0.8046,1.817
2020-09-10 16:45:00+00:00,2020-09-10 17:00:00+00:00,1,1945.938,1.943,1943.995,10.062,1954.057,3.885,0.4347,837,1945.938,1953.824,3,rejection,newyork,bull,,,0.2899,0.079,0.6311,0.921,3.208
2020-09-10 17:00:00+00:00,2020-09-10 17:15:00+00:00,1,1945.938,1.896,1944.042,11.513,1955.555,3.791,0.3998,837,1945.938,1953.824,3,rejection,newyork,bull,,,0.5896,0.2,0.2104,0.8,2.567
2020-09-10 20:15:00+00:00,2020-09-10 20:30:00+00:00,1,1937.952,1.813,1936.139,8.419,1944.559,3.625,0.3785,844,1937.952,1944.484,2,rejection,newyork,bull,,,0.7793,0.017,0.2037,0.983,2.062
2020-09-10 20:30:00+00:00,2020-09-10 20:45:00+00:00,1,1937.952,1.745,1936.207,9.331,1945.539,3.49,0.4961,844,1937.952,1944.484,2,rejection,newyork,bull,,,0.5768,0.2328,0.1904,0.7672,1.725
2020-09-10 22:00:00+00:00,2020-09-10 22:15:00+00:00,1,1937.952,1.662,1936.29,10.834,1947.124,3.324,0.5008,844,1937.952,1944.484,2,rejection,off,bull,,,0.527,0.0545,0.4185,0.9455,3.213
2020-09-10 23:30:00+00:00,2020-09-10 23:45:00+00:00,1,1937.952,1.31,1936.642,8.303,1944.945,2.619,0.4,844,1937.952,1944.484,2,rejection,off,bull,,,0.5647,0.3019,0.1334,0.6981,1.611
2020-10-22 13:15:00+00:00,2020-10-22 13:30:00+00:00,1,1896.876,1.36,1895.516,10.484,1906.0,2.72,0.3424,852,1896.876,1904.924,2,rejection,overlap,bull,,,0.244,0.2884,0.4676,0.7116,3.19
2020-10-22 14:00:00+00:00,2020-10-22 14:15:00+00:00,1,1894.921,1.487,1893.435,9.484,1902.919,2.973,0.3356,857,1894.921,1900.06,2,rejection,overlap,bull,,,0.3501,0.1341,0.5158,0.8659,3.48
2020-10-22 14:45:00+00:00,2020-10-22 15:00:00+00:00,1,1887.448,1.799,1885.65,13.54,1899.19,3.598,0.3883,849,1887.448,1896.978,4,rejection,overlap,bull,,,0.6316,0.2111,0.1573,0.7889,5.732
2020-10-22 15:15:00+00:00,2020-10-22 15:30:00+00:00,1,1894.379,1.831,1892.548,8.356,1900.903,3.662,0.3962,857,1894.921,1900.06,2,rejection,overlap,bull,,,0.1925,0.3174,0.4901,0.6826,5.057
2020-11-03 08:30:00+00:00,2020-11-03 08:45:00+00:00,-1,1899.837,1.102,1900.939,6.669,1894.27,2.205,0.3688,857,1895.191,1899.837,3,rejection,london,bull,,,0.6574,0.2119,0.1307,0.1307,2.076
2020-11-10 03:15:00+00:00,2020-11-10 03:30:00+00:00,-1,1889.917,1.812,1891.729,13.35,1878.378,3.623,0.3361,848,1878.562,1889.917,7,rejection,off,bull,,,0.7097,0.2537,0.0366,0.0366,1.642
2020-11-10 12:00:00+00:00,2020-11-10 12:15:00+00:00,-1,1889.917,1.948,1891.865,13.84,1878.025,3.896,0.364,848,1878.562,1889.917,7,rejection,london,bull,,,0.1992,0.7277,0.0731,0.0731,3.03
2020-11-10 13:00:00+00:00,2020-11-10 13:15:00+00:00,-1,1889.917,1.916,1891.833,15.108,1876.725,3.832,0.3871,848,1878.562,1889.917,7,rejection,overlap,bull,,,0.5484,0.4198,0.0317,0.0317,7.09
2020-11-19 10:15:00+00:00,2020-11-19 10:30:00+00:00,-1,1867.309,1.477,1868.787,10.08,1858.707,2.955,0.3791,867,1861.237,1867.309,2,rejection,london,bull,,,0.6555,0.0684,0.2761,0.2761,3.949
2020-11-19 13:00:00+00:00,2020-11-19 13:15:00+00:00,-1,1867.309,1.382,1868.692,7.602,1861.09,2.764,0.4329,867,1861.237,1867.309,2,rejection,overlap,bull,,,0.7739,0.0988,0.1273,0.1273,2.607
2020-11-19 13:15:00+00:00,2020-11-19 13:30:00+00:00,-1,1867.309,1.429,1868.738,9.128,1859.61,2.858,0.4233,867,1861.237,1867.309,2,rejection,overlap,bull,,,0.3664,0.587,0.0466,0.0466,4.075
2020-11-19 14:00:00+00:00,2020-11-19 14:15:00+00:00,-1,1867.309,1.765,1869.075,11.305,1857.77,3.53,0.3809,867,1861.237,1867.309,2,rejection,overlap,bull,,,0.7636,0.2231,0.0133,0.0133,3.843
2020-11-19 15:45:00+00:00,2020-11-19 16:00:00+00:00,-1,1867.309,1.749,1869.058,8.877,1860.181,3.498,0.3711,867,1861.237,1867.309,2,rejection,overlap,bull,,,0.5856,0.2923,0.122,0.122,4.31
2020-11-19 16:00:00+00:00,2020-11-19 16:15:00+00:00,-1,1867.309,1.756,1869.066,9.539,1859.526,3.512,0.3547,867,1861.237,1867.309,2,rejection,overlap,bull,,,0.1811,0.5887,0.2301,0.2301,3.704
2020-11-20 09:30:00+00:00,2020-11-20 09:45:00+00:00,-1,1875.663,1.247,1876.911,9.647,1867.264,2.495,0.4034,854,1867.333,1875.663,3,rejection,london,bull,,,0.5735,0.0961,0.3304,0.3304,2.252
2020-12-01 18:45:00+00:00,2020-12-01 19:00:00+00:00,-1,1820.614,1.55,1822.163,7.682,1814.481,3.1,0.3454,870,1815.488,1820.614,2,rejection,newyork,bull,,,0.7828,0.0903,0.1269,0.1269,2.01
2020-12-01 19:45:00+00:00,2020-12-01 20:00:00+00:00,-1,1820.614,1.341,1821.954,8.264,1813.69,2.681,0.3356,870,1815.488,1820.614,2,rejection,newyork,bull,,,0.4183,0.4383,0.1434,0.1434,2.43
2020-12-02 08:00:00+00:00,2020-12-02 08:15:00+00:00,-1,1821.001,0.976,1821.978,7.799,1814.178,1.953,0.3854,870,1814.675,1821.001,3,rejection,london,bull,,,0.6022,0.3134,0.0844,0.0844,2.649
2020-12-29 16:15:00+00:00,2020-12-29 16:30:00+00:00,1,1871.798,1.581,1870.217,12.604,1882.822,3.163,0.3206,868,1872.876,1882.318,3,rejection,overlap,bull,,,0.8965,0.0557,0.0477,0.9443,2.934
2021-01-15 01:15:00+00:00,2021-01-15 01:30:00+00:00,-1,1861.51,1.337,1862.847,10.26,1852.586,2.674,0.4261,885,1852.729,1861.51,3,rejection,off,bull,,,0.0038,0.8704,0.1258,0.1258,2.265
2021-01-20 14:45:00+00:00,2021-01-20 15:00:00+00:00,-1,1869.128,2.323,1871.451,15.891,1855.56,4.645,0.3932,879,1859.733,1869.128,3,rejection,overlap,bull,,,0.7883,0.0219,0.1898,0.1898,9.748
2021-01-20 15:45:00+00:00,2021-01-20 16:00:00+00:00,-1,1874.237,2.457,1876.695,9.873,1866.822,4.915,0.3937,886,1866.876,1874.237,3,rejection,overlap,bull,,,0.1006,0.64,0.2594,0.2594,5.001
2021-02-24 17:00:00+00:00,2021-02-24 17:15:00+00:00,-1,1810.531,2.348,1812.879,12.569,1800.31,4.696,0.4105,893,1800.809,1810.531,2,rejection,newyork,bear,,,0.3795,0.5109,0.1096,0.1096,4.73
2021-02-25 13:00:00+00:00,2021-02-25 13:15:00+00:00,-1,1794.317,1.828,1796.145,11.062,1785.083,3.657,0.4131,903,1787.076,1794.317,2,rejection,overlap,bear,,,0.4473,0.4617,0.0911,0.0911,5.891
2021-02-25 13:15:00+00:00,2021-02-25 13:30:00+00:00,-1,1794.317,1.923,1796.24,12.864,1783.376,3.846,0.4015,903,1787.076,1794.317,2,rejection,overlap,bear,,,0.2713,0.4194,0.3093,0.3093,6.31
2021-02-25 14:45:00+00:00,2021-02-25 15:00:00+00:00,-1,1794.317,2.306,1796.623,15.155,1781.468,4.613,0.3767,903,1787.076,1794.317,2,rejection,overlap,bear,,,0.7561,0.1853,0.0586,0.0586,7.043
2021-02-25 15:00:00+00:00,2021-02-25 15:15:00+00:00,-1,1789.005,2.411,1791.417,16.287,1775.13,4.823,0.4037,897,1781.004,1787.671,2,rejection,overlap,bear,,,0.831,0.0276,0.1414,0.1414,7.557
2021-02-25 17:15:00+00:00,2021-02-25 17:30:00+00:00,-1,1787.671,2.512,1790.183,15.903,1774.28,5.024,0.4401,897,1781.004,1787.671,2,rejection,newyork,bear,,,0.6774,0.2216,0.101,0.101,7.95
2021-03-04 20:00:00+00:00,2021-03-04 20:15:00+00:00,-1,1710.544,2.696,1713.241,16.32,1696.92,5.392,0.3805,909,1698.748,1710.544,2,rejection,newyork,bear,,,0.6237,0.047,0.3294,0.3294,3.62
2021-03-04 21:45:00+00:00,2021-03-04 23:00:00+00:00,-1,1710.544,2.047,1712.591,15.041,1697.55,4.094,0.4546,909,1698.748,1710.544,2,rejection,newyork,bear,,,0.825,0.0629,0.1122,0.1122,2.14
2021-03-05 14:30:00+00:00,2021-03-05 14:45:00+00:00,-1,1710.544,2.244,1712.789,15.619,1697.17,4.488,0.3754,909,1698.748,1710.544,2,rejection,overlap,bear,,,0.8259,0.0108,0.1632,0.1632,7.662
2021-03-05 15:45:00+00:00,2021-03-05 16:00:00+00:00,-1,1710.544,2.402,1712.946,15.829,1697.117,4.804,0.3693,909,1698.748,1710.544,2,rejection,overlap,bear,,,0.5661,0.2013,0.2326,0.2326,4.343
2021-03-05 16:15:00+00:00,2021-03-05 16:30:00+00:00,-1,1710.544,2.3,1712.845,16.828,1696.016,4.601,0.3507,909,1698.748,1710.544,2,rejection,overlap,bear,,,0.1227,0.861,0.0163,0.0163,3.66
2021-03-10 15:00:00+00:00,2021-03-10 15:15:00+00:00,-1,1726.177,1.701,1727.878,10.686,1717.192,3.403,0.3716,911,1717.811,1726.177,2,rejection,overlap,bear,,,0.3293,0.3985,0.2721,0.2721,4.233
2021-03-10 15:15:00+00:00,2021-03-10 15:30:00+00:00,-1,1726.177,1.728,1727.905,13.37,1714.535,3.456,0.3419,911,1717.811,1726.177,2,rejection,overlap,bear,,,0.647,0.3349,0.0181,0.0181,4.15
2021-03-10 16:30:00+00:00,2021-03-10 16:45:00+00:00,-1,1726.177,1.701,1727.878,11.253,1716.625,3.401,0.3513,911,1717.811,1726.177,2,rejection,newyork,bear,,,0.2653,0.4081,0.3266,0.3266,1.958
2021-04-28 02:15:00+00:00,2021-04-28 02:30:00+00:00,1,1766.499,0.865,1765.633,6.415,1772.048,1.731,0.3563,927,1766.953,1771.877,2,rejection,off,bear,,,0.5716,0.2614,0.1671,0.7386,1.167
2021-04-28 03:30:00+00:00,2021-04-28 03:45:00+00:00,1,1766.953,0.751,1766.202,5.946,1772.149,1.502,0.3457,927,1766.953,1771.877,2,rejection,off,bear,,,0.5142,0.2814,0.2043,0.7186,0.668
2021-04-29 13:30:00+00:00,2021-04-29 13:45:00+00:00,1,1760.907,1.657,1759.25,9.023,1768.274,3.313,0.3571,924,1760.907,1765.501,2,rejection,overlap,bear,,,0.1106,0.2429,0.6465,0.7571,4.932
2021-04-29 14:00:00+00:00,2021-04-29 14:15:00+00:00,1,1753.764,2.026,1751.739,10.285,1762.024,4.051,0.3427,908,1753.764,1761.722,3,rejection,overlap,bear,,,0.6278,0.1147,0.2574,0.8853,6.59
2021-04-29 14:30:00+00:00,2021-04-29 14:45:00+00:00,1,1753.764,1.993,1751.772,14.465,1766.236,3.985,0.3444,908,1753.764,1761.722,3,rejection,overlap,bear,,,0.8472,0.0097,0.1431,0.9903,4.648
2021-04-29 14:45:00+00:00,2021-04-29 15:00:00+00:00,1,1756.19,2.033,1754.157,14.563,1768.72,4.067,0.3339,924,1760.907,1765.501,2,rejection,overlap,bear,,,0.4878,0.278,0.2341,0.722,5.125
2021-05-25 16:15:00+00:00,2021-05-25 16:30:00+00:00,1,1884.854,1.388,1883.466,10.283,1893.749,2.776,0.3041,935,1884.854,1892.396,3,rejection,newyork,bull,,,0.8673,0.014,0.1186,0.986,2.246
2021-05-26 17:45:00+00:00,2021-05-26 18:00:00+00:00,1,1884.854,1.515,1883.339,10.053,1893.392,3.03,0.3532,935,1884.854,1892.396,3,rejection,newyork,bull,,,0.0631,0.2738,0.6631,0.7262,3.629
2021-05-26 18:15:00+00:00,2021-05-26 18:30:00+00:00,1,1884.854,1.434,1883.419,10.786,1894.205,2.868,0.3248,935,1884.854,1892.396,3,rejection,newyork,bull,,,0.6078,0.0353,0.3569,0.9647,1.985
2021-05-27 15:30:00+00:00,2021-05-27 15:45:00+00:00,1,1884.854,1.633,1883.221,10.309,1893.53,3.265,0.3299,935,1884.854,1892.396,3,rejection,newyork,bull,,,0.8,0.0145,0.1856,0.9855,2.177
2021-05-27 17:00:00+00:00,2021-05-27 17:15:00+00:00,1,1884.854,1.386,1883.468,10.679,1894.147,2.772,0.3633,935,1884.854,1892.396,3,rejection,newyork,bull,,,0.9132,0.0705,0.0164,0.9295,2.747
2021-06-29 10:30:00+00:00,2021-06-29 10:45:00+00:00,-1,1775.699,0.893,1776.592,7.123,1769.468,1.787,0.3649,954,1770.403,1775.699,3,rejection,london,bull,,,0.8413,0.0222,0.1365,0.1365,2.48
2021-06-29 12:15:00+00:00,2021-06-29 12:30:00+00:00,-1,1776.01,1.45,1777.46,9.745,1767.715,2.901,0.3609,954,1770.403,1775.699,3,rejection,overlap,bull,,,0.6672,0.2781,0.0547,0.0547,8.775
2021-06-29 16:30:00+00:00,2021-06-29 16:45:00+00:00,-1,1772.667,1.656,1774.323,10.978,1763.345,3.312,0.3773,950,1765.303,1772.667,2,rejection,newyork,bull,,,0.8032,0.184,0.0128,0.0128,2.229
2021-06-30 17:30:00+00:00,2021-06-30 17:45:00+00:00,-1,1775.699,1.356,1777.054,7.739,1769.315,2.711,0.3355,954,1770.403,1775.699,3,rejection,newyork,bull,,,0.5174,0.316,0.1667,0.1667,2.88
2021-06-30 19:45:00+00:00,2021-06-30 20:00:00+00:00,-1,1775.699,1.05,1776.748,6.803,1769.945,2.099,0.352,954,1770.403,1775.699,3,rejection,newyork,bull,,,0.6542,0.166,0.1798,0.1798,2.53
2021-06-30 20:15:00+00:00,2021-06-30 20:30:00+00:00,-1,1775.699,0.963,1776.661,6.811,1769.85,1.926,0.4067,954,1770.403,1775.699,3,rejection,newyork,bull,,,0.6753,0.2662,0.0584,0.0584,0.77
2021-07-01 16:30:00+00:00,2021-07-01 16:45:00+00:00,-1,1775.699,1.39,1777.089,7.599,1769.49,2.78,0.3469,954,1770.403,1775.699,3,rejection,newyork,bull,,,0.6553,0.0401,0.3046,0.3046,2.495
2021-07-16 12:15:00+00:00,2021-07-16 12:30:00+00:00,1,1813.107,1.155,1811.951,9.214,1821.165,2.311,0.3955,957,1813.107,1820.435,3,rejection,overlap,bull,,,0.2095,0.2253,0.5652,0.7747,4.892
2021-07-16 16:00:00+00:00,2021-07-16 16:15:00+00:00,1,1807.883,1.628,1806.255,8.2,1814.455,3.256,0.37,959,1807.883,1814.448,2,rejection,newyork,bull,,,0.8083,0.034,0.1578,0.966,2.06
2021-07-16 16:15:00+00:00,2021-07-16 16:30:00+00:00,1,1807.883,1.613,1806.27,10.53,1816.8,3.226,0.3755,959,1807.883,1814.448,2,rejection,newyork,bull,,,0.8201,0.157,0.0229,0.843,2.835
2021-08-27 12:30:00+00:00,2021-08-27 12:45:00+00:00,1,1791.923,0.907,1791.016,7.174,1798.19,1.814,0.3013,977,1791.923,1797.493,2,rejection,overlap,bear,,,0.7109,0.0087,0.2804,0.9913,4.03
2021-08-30 16:00:00+00:00,2021-08-30 16:15:00+00:00,1,1804.974,0.945,1804.029,6.607,1810.637,1.889,0.3269,964,1804.974,1810.576,3,rejection,newyork,bear,,,0.4567,0.2809,0.2624,0.7191,0.813
2021-08-30 16:45:00+00:00,2021-08-30 17:00:00+00:00,1,1804.974,0.832,1804.142,6.586,1810.728,1.663,0.3272,964,1804.974,1810.576,3,rejection,newyork,bear,,,0.8656,0.1264,0.008,0.8736,0.625
2021-08-31 14:15:00+00:00,2021-08-31 14:30:00+00:00,1,1801.725,1.645,1800.08,11.25,1811.33,3.289,0.3153,964,1804.875,1810.675,4,rejection,overlap,bear,,,0.1232,0.0996,0.7772,0.9004,4.017
2021-08-31 16:15:00+00:00,2021-08-31 16:30:00+00:00,1,1804.182,1.552,1802.63,8.065,1810.695,3.103,0.3715,964,1804.875,1810.675,4,rejection,newyork,bear,,,0.6803,0.0545,0.2652,0.9455,1.22
2021-08-31 16:30:00+00:00,2021-08-31 16:45:00+00:00,1,1804.182,1.557,1802.625,10.075,1812.7,3.113,0.3587,964,1804.875,1810.675,4,rejection,newyork,bear,,,0.6167,0.1912,0.1921,0.8088,3.243
2021-09-01 15:00:00+00:00,2021-09-01 15:15:00+00:00,1,1804.875,1.418,1803.456,7.687,1811.144,2.837,0.2913,964,1804.875,1810.675,4,rejection,overlap,bear,,,0.5086,0.0123,0.4791,0.9877,2.445
2021-09-01 15:15:00+00:00,2021-09-01 15:30:00+00:00,1,1804.884,1.408,1803.476,9.739,1813.215,2.815,0.3207,967,1804.884,1811.241,3,rejection,overlap,bear,,,0.8333,0.16,0.0067,0.84,2.532
2021-09-02 14:30:00+00:00,2021-09-02 14:45:00+00:00,1,1804.946,1.376,1803.57,9.486,1813.056,2.753,0.2832,964,1804.946,1810.604,5,rejection,overlap,bear,,,0.7659,0.089,0.1451,0.911,6.685
2021-09-14 13:30:00+00:00,2021-09-14 13:45:00+00:00,-1,1803.385,1.864,1805.249,12.727,1792.522,3.728,0.3023,960,1796.195,1803.385,4,rejection,overlap,bear,,,0.6677,0.1637,0.1686,0.1686,9.744
2021-09-14 14:45:00+00:00,2021-09-14 15:00:00+00:00,-1,1811.241,2.08,1813.321,8.943,1804.378,4.16,0.3311,967,1804.884,1811.241,3,rejection,overlap,bear,,,0.5188,0.4735,0.0077,0.0077,3.643
2021-09-28 08:00:00+00:00,2021-09-28 08:15:00+00:00,-1,1749.389,1.154,1750.543,9.18,1741.363,2.308,0.3103,985,1742.924,1749.389,3,rejection,london,bear,,,0.6022,0.202,0.1958,0.1958,4.143
2021-09-28 09:15:00+00:00,2021-09-28 09:30:00+00:00,-1,1749.389,1.116,1750.505,8.095,1742.41,2.232,0.296,985,1742.924,1749.389,3,rejection,london,bear,,,0.383,0.2953,0.3216,0.3216,1.71
2021-09-28 13:30:00+00:00,2021-09-28 13:45:00+00:00,-1,1744.261,2.046,1746.307,13.511,1732.796,4.092,0.3187,987,1735.823,1744.261,3,rejection,overlap,bear,,,0.9047,0.0939,0.0014,0.0014,8.517
2021-09-28 14:00:00+00:00,2021-09-28 14:15:00+00:00,-1,1744.261,2.168,1746.429,14.02,1732.409,4.336,0.3095,987,1735.823,1744.261,3,rejection,overlap,bear,,,0.4366,0.4065,0.1569,0.1569,5.285
2021-09-28 14:45:00+00:00,2021-09-28 15:00:00+00:00,-1,1744.261,2.374,1746.635,13.585,1733.05,4.748,0.2886,987,1735.823,1744.261,3,rejection,overlap,bear,,,0.6935,0.1574,0.1491,0.1491,5.02
2021-09-28 17:45:00+00:00,2021-09-28 18:00:00+00:00,-1,1744.261,1.658,1745.919,10.865,1735.053,3.315,0.2918,987,1735.823,1744.261,3,rejection,newyork,bear,,,0.8957,0.0928,0.0116,0.0116,1.725
2021-10-22 16:00:00+00:00,2021-10-22 16:15:00+00:00,1,1779.612,2.203,1777.409,11.355,1788.764,4.407,0.2956,989,1779.612,1786.97,3,rejection,newyork,bear,,,0.518,0.23,0.252,0.77,5.489
2021-10-26 15:00:00+00:00,2021-10-26 15:15:00+00:00,1,1779.612,1.569,1778.043,9.999,1788.042,3.138,0.2991,989,1779.612,1786.97,3,rejection,overlap,bear,,,0.7657,0.0293,0.205,0.9707,2.663
2021-10-26 15:30:00+00:00,2021-10-26 15:45:00+00:00,1,1779.612,1.522,1778.09,12.055,1790.145,3.045,0.2948,989,1779.612,1786.97,3,rejection,newyork,bear,,,0.6023,0.0,0.3977,1.0,3.47
2021-10-27 09:30:00+00:00,2021-10-27 09:45:00+00:00,1,1780.622,0.992,1779.63,7.53,1787.16,1.984,0.3133,1004,1780.622,1784.747,2,rejection,london,bear,,,0.4626,0.0914,0.446,0.9086,3.61
2021-10-27 14:15:00+00:00,2021-10-27 14:30:00+00:00,1,1779.612,1.569,1778.043,10.377,1788.42,3.139,0.2961,989,1779.612,1786.97,3,rejection,overlap,bear,,,0.0631,0.1914,0.7455,0.8086,4.44
2021-11-04 15:15:00+00:00,2021-11-04 15:30:00+00:00,-1,1798.988,1.441,1800.429,6.496,1793.933,2.883,0.3237,997,1794.243,1798.089,3,rejection,overlap,bear,,,0.2883,0.5141,0.1975,0.1975,2.688
2021-12-07 14:15:00+00:00,2021-12-07 14:30:00+00:00,-1,1787.357,1.26,1788.617,9.687,1778.93,2.521,0.3791,1004,1778.958,1787.357,6,rejection,overlap,bull,,,0.0991,0.9009,0.0,0.0,2.524
2021-12-09 14:30:00+00:00,2021-12-09 14:45:00+00:00,-1,1786.781,1.45,1788.231,10.996,1777.235,2.9,0.3641,1004,1777.964,1786.781,7,rejection,overlap,bull,,,0.8894,0.04,0.0706,0.0706,5.88
2021-12-09 16:15:00+00:00,2021-12-09 16:30:00+00:00,-1,1786.781,1.451,1788.232,11.344,1776.889,2.902,0.3127,1004,1777.964,1786.781,7,rejection,overlap,bull,,,0.8003,0.0719,0.1278,0.1278,2.99
2021-12-14 16:15:00+00:00,2021-12-14 16:30:00+00:00,-1,1780.455,1.439,1781.894,8.629,1773.265,2.878,0.3179,1017,1773.914,1780.455,3,rejection,overlap,bear,,,0.6904,0.122,0.1876,0.1876,2.665
2021-12-14 17:15:00+00:00,2021-12-14 17:30:00+00:00,-1,1780.455,1.234,1781.688,8.773,1772.915,2.467,0.3259,1017,1773.914,1780.455,3,rejection,newyork,bear,,,0.567,0.2191,0.2139,0.2139,1.94
2021-12-15 19:15:00+00:00,2021-12-15 19:30:00+00:00,-1,1771.662,1.497,1773.158,10.113,1763.045,2.993,0.3743,1021,1764.691,1771.662,4,rejection,newyork,bear,,,0.608,0.0788,0.3132,0.3132,4.869
2021-12-15 20:30:00+00:00,2021-12-15 20:45:00+00:00,-1,1786.55,2.006,1788.556,10.808,1777.749,4.013,0.3725,1004,1778.195,1786.55,8,rejection,newyork,bear,,,0.2959,0.5777,0.1264,0.1264,3.638
2021-12-15 21:00:00+00:00,2021-12-15 21:15:00+00:00,-1,1786.55,1.931,1788.481,11.011,1777.47,3.862,0.3972,1004,1778.195,1786.55,8,rejection,newyork,bear,,,0.2423,0.4469,0.3108,0.3108,2.264
2021-12-16 00:30:00+00:00,2021-12-16 00:45:00+00:00,-1,1786.55,1.329,1787.879,10.161,1777.718,2.659,0.408,1004,1778.195,1786.55,8,rejection,off,bear,,,0.5979,0.188,0.2141,0.2141,1.401
2022-01-05 19:15:00+00:00,2022-01-05 19:30:00+00:00,1,1811.928,1.292,1810.636,8.919,1819.555,2.584,0.3465,1019,1811.928,1818.426,4,rejection,newyork,bull,,,0.7033,0.1401,0.1566,0.8599,4.597
2022-01-24 16:45:00+00:00,2022-01-24 17:00:00+00:00,1,1826.618,1.351,1825.268,9.777,1835.045,2.701,0.3274,1033,1826.618,1833.462,4,rejection,newyork,bull,,,0.8169,0.0582,0.1249,0.9418,2.026
2022-01-25 17:45:00+00:00,2022-01-25 18:00:00+00:00,1,1842.56,1.355,1841.205,8.645,1849.85,2.709,0.2918,1035,1842.56,1849.78,2,rejection,newyork,bull,,,0.4462,0.1776,0.3762,0.8224,1.143
2022-01-26 14:45:00+00:00,2022-01-26 15:00:00+00:00,1,1826.618,1.448,1825.171,10.966,1836.137,2.895,0.3361,1033,1826.618,1833.462,4,rejection,overlap,bull,,,0.8261,0.1396,0.0343,0.8604,4.714
2022-01-26 15:45:00+00:00,2022-01-26 16:00:00+00:00,1,1826.618,1.44,1825.179,8.998,1834.177,2.879,0.3277,1033,1826.618,1833.462,4,rejection,overlap,bull,,,0.3045,0.162,0.5335,0.838,2.315
2022-01-26 18:30:00+00:00,2022-01-26 18:45:00+00:00,1,1826.788,1.175,1825.613,6.11,1831.723,2.349,0.339,1037,1826.788,1831.515,2,rejection,newyork,bull,,,0.8092,0.0951,0.0957,0.9049,1.567
2022-02-07 00:15:00+00:00,2022-02-07 00:30:00+00:00,1,1806.937,0.907,1806.03,6.444,1812.475,1.813,0.3783,1040,1807.295,1812.36,2,rejection,off,bull,,,0.0745,0.265,0.6605,0.735,1.53
2022-02-07 13:15:00+00:00,2022-02-07 13:30:00+00:00,1,1810.947,0.806,1810.141,6.269,1816.41,1.612,0.3249,1034,1810.947,1816.188,3,rejection,overlap,bull,,,0.5735,0.301,0.1256,0.699,2.708
2022-02-07 16:15:00+00:00,2022-02-07 16:30:00+00:00,1,1810.947,1.121,1809.826,7.236,1817.062,2.242,0.3099,1034,1810.947,1816.188,3,rejection,overlap,bull,,,0.578,0.2247,0.1973,0.7753,3.507
2022-02-09 16:30:00+00:00,2022-02-09 16:45:00+00:00,1,1826.788,1.063,1825.725,7.189,1832.914,2.126,0.2874,1037,1826.788,1831.515,2,rejection,newyork,bull,,,0.9134,0.0794,0.0073,0.9206,2.47
2022-02-10 16:30:00+00:00,2022-02-10 16:45:00+00:00,1,1830.24,1.68,1828.56,11.7,1840.26,3.36,0.317,1036,1833.135,1837.83,2,rejection,newyork,bull,,,0.1942,0.0291,0.7767,0.9709,2.575
2022-02-11 17:00:00+00:00,2022-02-11 17:15:00+00:00,1,1832.787,1.297,1831.49,8.328,1839.818,2.595,0.3105,1036,1833.135,1837.83,2,rejection,newyork,bull,,,0.7784,0.1761,0.0455,0.8239,3.89
2022-02-15 13:30:00+00:00,2022-02-15 13:45:00+00:00,1,1842.56,1.867,1840.693,10.657,1851.35,3.734,0.3511,1035,1842.56,1849.78,2,rejection,overlap,bull,,,0.4222,0.2643,0.3135,0.7357,8.93
2022-02-15 15:00:00+00:00,2022-02-15 15:15:00+00:00,1,1842.56,2.116,1840.444,12.202,1852.646,4.231,0.3603,1035,1842.56,1849.78,2,rejection,overlap,bull,,,0.7944,0.011,0.1947,0.989,4.693
2022-02-15 16:45:00+00:00,2022-02-15 17:00:00+00:00,1,1842.56,1.879,1840.681,11.879,1852.56,3.757,0.3128,1035,1842.56,1849.78,2,rejection,newyork,bull,,,0.8376,0.0332,0.1292,0.9668,3.313
2022-03-24 14:00:00+00:00,2022-03-24 14:15:00+00:00,1,1942.559,2.121,1940.438,15.452,1955.89,4.242,0.352,1055,1946.214,1953.906,2,rejection,overlap,bull,,,0.4308,0.0895,0.4796,0.9105,5.495
2022-03-25 18:00:00+00:00,2022-03-25 18:15:00+00:00,1,1946.214,1.611,1944.603,10.252,1954.855,3.223,0.3697,1055,1946.214,1953.906,2,rejection,newyork,bull,,,0.5861,0.0,0.4139,1.0,2.24
2022-03-25 19:15:00+00:00,2022-03-25 19:30:00+00:00,1,1946.214,1.372,1944.842,10.502,1955.344,2.744,0.3357,1055,1946.214,1953.906,2,rejection,newyork,bull,,,0.9164,0.0338,0.0498,0.9662,2.398
2022-05-09 14:00:00+00:00,2022-05-09 14:15:00+00:00,-1,1875.157,1.926,1877.082,13.92,1863.162,3.852,0.3544,1074,1863.165,1875.157,2,rejection,overlap,bull,,,0.0738,0.6515,0.2747,0.2747,4.613
2022-05-12 08:45:00+00:00,2022-05-12 09:00:00+00:00,-1,1857.232,1.444,1858.676,11.421,1847.255,2.888,0.3823,1076,1847.858,1857.232,3,rejection,london,bull,,,0.6033,0.1274,0.2693,0.2693,1.931
2022-05-12 13:15:00+00:00,2022-05-12 13:30:00+00:00,-1,1857.232,1.816,1859.048,13.908,1845.14,3.631,0.3665,1076,1847.858,1857.232,3,rejection,overlap,bull,,,0.4568,0.5323,0.011,0.011,4.105
2022-05-19 15:30:00+00:00,2022-05-19 15:45:00+00:00,-1,1857.232,1.994,1859.226,15.139,1844.087,3.988,0.342,1076,1847.858,1857.232,3,rejection,newyork,bull,,,0.8816,0.0549,0.0635,0.0635,5.463
2022-05-26 12:15:00+00:00,2022-05-26 12:30:00+00:00,-1,1851.935,1.237,1853.172,8.821,1844.351,2.475,0.3505,1088,1846.758,1851.935,2,rejection,overlap,bull,,,0.4549,0.2968,0.2483,0.2483,4.047
2022-05-26 13:15:00+00:00,2022-05-26 13:30:00+00:00,-1,1851.935,1.305,1853.241,7.501,1845.74,2.611,0.3552,1088,1846.758,1851.935,2,rejection,overlap,bull,,,0.3324,0.5403,0.1273,0.1273,1.768
2022-05-26 14:45:00+00:00,2022-05-26 15:00:00+00:00,-1,1857.232,1.619,1858.851,12.054,1846.798,3.237,0.3797,1076,1847.858,1857.232,3,rejection,overlap,bull,,,0.5133,0.2693,0.2174,0.2174,4.335
2022-05-26 15:30:00+00:00,2022-05-26 15:45:00+00:00,-1,1853.523,1.563,1855.086,9.744,1845.342,3.126,0.3581,1088,1846.758,1851.935,2,rejection,newyork,bull,,,0.5561,0.3888,0.0551,0.0551,2.757
2022-05-26 16:30:00+00:00,2022-05-26 16:45:00+00:00,-1,1851.935,1.336,1853.272,6.984,1846.287,2.673,0.3447,1088,1846.758,1851.935,2,rejection,newyork,bull,,,0.7867,0.1833,0.03,0.03,1.484
2022-06-20 00:15:00+00:00,2022-06-20 00:30:00+00:00,-1,1843.934,0.996,1844.93,7.09,1837.84,1.992,0.3936,1091,1838.423,1843.934,3,rejection,off,bull,,,0.1296,0.859,0.0114,0.0114,1.312
2022-06-20 01:15:00+00:00,2022-06-20 01:30:00+00:00,-1,1843.934,1.115,1845.049,7.549,1837.5,2.229,0.399,1091,1838.423,1843.934,3,rejection,off,bull,,,0.8766,0.109,0.0144,0.0144,4.517
2022-06-20 01:45:00+00:00,2022-06-20 02:00:00+00:00,-1,1843.934,1.207,1845.141,8.246,1836.895,2.414,0.3899,1091,1838.423,1843.934,3,rejection,off,bull,,,0.9014,0.0648,0.0338,0.0338,3.55
2022-06-20 09:15:00+00:00,2022-06-20 09:30:00+00:00,-1,1849.959,1.094,1851.053,8.511,1842.542,2.188,0.3485,1090,1842.944,1849.959,4,rejection,london,bull,,,0.6214,0.3212,0.0574,0.0574,1.377
2022-06-20 11:00:00+00:00,2022-06-20 11:15:00+00:00,-1,1843.934,1.053,1844.988,6.593,1838.395,2.107,0.3827,1091,1838.423,1843.934,3,rejection,london,bull,,,0.5069,0.4364,0.0567,0.0567,1.455
2022-06-20 11:15:00+00:00,2022-06-20 11:30:00+00:00,-1,1843.934,1.026,1844.96,7.07,1837.89,2.052,0.4177,1091,1838.423,1843.934,3,rejection,london,bull,,,0.3895,0.5225,0.088,0.088,1.335
2022-06-20 11:45:00+00:00,2022-06-20 12:00:00+00:00,-1,1843.934,1.006,1844.94,6.825,1838.115,2.012,0.3706,1091,1838.423,1843.934,3,rejection,london,bull,,,0.7328,0.0397,0.2275,0.2275,1.638
2022-06-20 14:15:00+00:00,2022-06-20 14:30:00+00:00,-1,1843.934,1.052,1844.986,7.736,1837.25,2.104,0.3625,1091,1838.423,1843.934,3,rejection,overlap,bull,,,0.3651,0.6171,0.0178,0.0178,1.403
2022-06-20 15:15:00+00:00,2022-06-20 15:30:00+00:00,-1,1843.934,0.988,1844.922,6.979,1837.943,1.975,0.3339,1091,1838.423,1843.934,3,rejection,overlap,bull,,,0.2265,0.6475,0.126,0.126,1.865
2022-06-20 15:45:00+00:00,2022-06-20 16:00:00+00:00,-1,1843.934,0.917,1844.851,6.534,1838.318,1.834,0.3577,1091,1838.423,1843.934,3,rejection,newyork,bull,,,0.0783,0.9162,0.0056,0.0056,0.894
2022-06-21 15:00:00+00:00,2022-06-21 15:15:00+00:00,-1,1843.934,1.457,1845.392,7.287,1838.105,2.915,0.3444,1091,1838.423,1843.934,3,rejection,overlap,bull,,,0.444,0.3371,0.219,0.219,3.62
2022-06-21 15:30:00+00:00,2022-06-21 15:45:00+00:00,-1,1843.934,1.52,1845.454,10.142,1835.312,3.04,0.3205,1091,1838.423,1843.934,3,rejection,newyork,bull,,,0.8108,0.1723,0.0169,0.0169,5.076
2022-06-22 11:15:00+00:00,2022-06-22 11:30:00+00:00,-1,1848.24,1.416,1849.656,10.654,1839.002,2.832,0.3155,1097,1840.01,1848.24,3,rejection,london,bear,,,0.2092,0.5209,0.2698,0.2698,2.483
2022-06-22 11:45:00+00:00,2022-06-22 12:00:00+00:00,-1,1843.934,1.462,1845.396,8.945,1836.452,2.924,0.3129,1091,1838.423,1843.934,3,rejection,london,bear,,,0.7944,0.1603,0.0453,0.0453,4.307
2022-06-22 13:00:00+00:00,2022-06-22 13:15:00+00:00,-1,1849.959,1.587,1851.546,9.171,1842.375,3.175,0.3085,1090,1842.944,1849.959,4,rejection,overlap,bear,,,0.702,0.0418,0.2562,0.2562,3.405
2022-06-22 13:15:00+00:00,2022-06-22 13:30:00+00:00,-1,1849.959,1.604,1851.563,10.746,1840.816,3.208,0.3123,1090,1842.944,1849.959,4,rejection,overlap,bear,,,0.4288,0.2962,0.275,0.275,3.646
2022-06-22 14:00:00+00:00,2022-06-22 14:15:00+00:00,-1,1849.959,1.942,1851.901,10.839,1841.062,3.885,0.3393,1090,1842.944,1849.959,4,rejection,overlap,bear,,,0.8196,0.1746,0.0058,0.0058,4.368
2022-06-22 14:30:00+00:00,2022-06-22 14:45:00+00:00,-1,1849.959,1.968,1851.927,10.731,1841.196,3.937,0.3331,1090,1842.944,1849.959,4,rejection,overlap,bear,,,0.6306,0.0742,0.2952,0.2952,3.606
2022-06-22 15:30:00+00:00,2022-06-22 15:45:00+00:00,-1,1848.24,1.809,1850.05,11.066,1838.984,3.619,0.3073,1097,1840.01,1848.24,3,rejection,newyork,bear,,,0.7145,0.1951,0.0904,0.0904,3.13
2022-06-22 20:45:00+00:00,2022-06-22 22:00:00+00:00,-1,1843.934,0.958,1844.892,7.102,1837.79,1.915,0.3875,1091,1838.423,1843.934,3,rejection,newyork,bear,,,0.0145,0.7645,0.2209,0.2209,0.86
2022-06-23 13:30:00+00:00,2022-06-23 13:45:00+00:00,-1,1843.934,1.263,1845.198,9.44,1835.758,2.527,0.3279,1091,1838.423,1843.934,3,rejection,overlap,bear,,,0.8035,0.0701,0.1264,0.1264,3.145
2022-06-23 15:15:00+00:00,2022-06-23 15:30:00+00:00,-1,1846.36,1.577,1847.937,11.359,1836.577,3.154,0.3114,1091,1838.423,1843.934,3,rejection,overlap,bear,,,0.9421,0.0433,0.0146,0.0146,4.724
2022-07-05 12:30:00+00:00,2022-07-05 12:45:00+00:00,-1,1805.958,1.314,1807.271,6.826,1800.445,2.627,0.3745,1100,1800.839,1805.958,2,rejection,overlap,bear,,,0.0318,0.7363,0.2319,0.2319,5.627
2022-07-12 04:30:00+00:00,2022-07-12 04:45:00+00:00,-1,1735.833,1.194,1737.027,7.902,1729.125,2.388,0.3788,1104,1730.183,1735.19,2,rejection,off,bear,,,0.8732,0.0198,0.107,0.107,1.262
2022-07-12 13:15:00+00:00,2022-07-12 13:30:00+00:00,-1,1738.657,1.403,1740.06,10.545,1729.515,2.807,0.3565,1104,1730.183,1735.19,2,rejection,overlap,bear,,,0.8729,0.0399,0.0872,0.0872,2.432
2022-07-12 13:30:00+00:00,2022-07-12 13:45:00+00:00,-1,1736.937,1.444,1738.381,9.684,1728.697,2.889,0.3409,1104,1730.183,1735.19,2,rejection,overlap,bear,,,0.1912,0.687,0.1218,0.1218,3.957
2022-07-12 16:30:00+00:00,2022-07-12 16:45:00+00:00,-1,1735.19,1.284,1736.474,6.451,1730.023,2.569,0.3267,1104,1730.183,1735.19,2,rejection,newyork,bear,,,0.4597,0.4536,0.0866,0.0866,1.391
2022-07-12 16:45:00+00:00,2022-07-12 17:00:00+00:00,-1,1735.19,1.236,1736.426,6.872,1729.554,2.472,0.3229,1104,1730.183,1735.19,2,rejection,newyork,bear,,,0.3774,0.593,0.0296,0.0296,1.215
2022-07-13 11:15:00+00:00,2022-07-13 11:30:00+00:00,-1,1735.19,0.917,1736.106,5.924,1730.182,1.833,0.3289,1104,1730.183,1735.19,2,rejection,london,bear,,,0.4911,0.4289,0.08,0.08,1.9
2022-07-13 11:30:00+00:00,2022-07-13 11:45:00+00:00,-1,1735.19,0.879,1736.069,6.206,1729.863,1.758,0.3355,1104,1730.183,1735.19,2,rejection,london,bear,,,0.3748,0.3563,0.269,0.269,0.784
2022-07-14 02:45:00+00:00,2022-07-14 03:00:00+00:00,-1,1735.19,1.114,1736.304,6.994,1729.31,2.228,0.3521,1104,1730.183,1735.19,2,rejection,off,bear,,,0.3929,0.5297,0.0773,0.0773,2.354
2022-07-14 04:15:00+00:00,2022-07-14 04:30:00+00:00,-1,1735.19,1.059,1736.248,6.304,1729.945,2.117,0.345,1104,1730.183,1735.19,2,rejection,off,bear,,,0.262,0.495,0.243,0.243,1.101
2022-07-14 04:30:00+00:00,2022-07-14 04:45:00+00:00,-1,1735.19,1.014,1736.203,6.675,1729.528,2.027,0.3529,1104,1730.183,1735.19,2,rejection,off,bear,,,0.5731,0.4094,0.0175,0.0175,0.855
2022-07-14 04:45:00+00:00,2022-07-14 05:00:00+00:00,-1,1735.19,1.054,1736.244,8.141,1728.103,2.108,0.3557,1104,1730.183,1735.19,2,rejection,off,bear,,,0.4523,0.3049,0.2428,0.2428,3.163
2022-07-21 16:00:00+00:00,2022-07-21 16:15:00+00:00,-1,1720.304,2.31,1722.613,11.496,1711.117,4.619,0.3235,1110,1712.726,1720.304,3,rejection,newyork,bear,,,0.8466,0.1374,0.016,0.016,2.562
2022-07-21 16:30:00+00:00,2022-07-21 16:45:00+00:00,-1,1720.304,2.149,1722.453,10.923,1711.53,4.299,0.3105,1110,1712.726,1720.304,3,rejection,newyork,bear,,,0.6576,0.2757,0.0667,0.0667,1.875
2022-08-12 20:45:00+00:00,2022-08-14 22:00:00+00:00,1,1797.449,0.859,1796.59,5.835,1802.425,1.719,0.4543,1123,1797.449,1802.409,2,rejection,newyork,bear,,,0.6452,0.1665,0.1883,0.8335,2.252
2022-08-30 14:15:00+00:00,2022-08-30 14:30:00+00:00,-1,1733.281,1.334,1734.615,8.992,1725.623,2.669,0.2973,1129,1726.1,1732.599,2,rejection,overlap,bear,,,0.649,0.03,0.321,0.321,5.074
2022-08-30 16:00:00+00:00,2022-08-30 16:15:00+00:00,-1,1732.599,1.224,1733.823,8.363,1725.46,2.447,0.3208,1129,1726.1,1732.599,2,rejection,newyork,bear,,,0.3476,0.5708,0.0815,0.0815,1.864
2022-09-06 07:15:00+00:00,2022-09-06 07:30:00+00:00,-1,1720.826,0.987,1721.813,7.8,1714.013,1.973,0.3317,1135,1714.238,1719.634,2,rejection,london,bear,,,0.6327,0.2496,0.1177,0.1177,2.829
2022-09-06 12:00:00+00:00,2022-09-06 12:15:00+00:00,-1,1719.634,0.882,1720.516,6.959,1713.557,1.764,0.3073,1135,1714.238,1719.634,2,rejection,overlap,bear,,,0.4766,0.2225,0.301,0.301,2.178
2022-09-06 14:45:00+00:00,2022-09-06 15:00:00+00:00,-1,1711.868,1.538,1713.406,9.711,1703.695,3.077,0.3147,1136,1706.088,1710.77,2,rejection,overlap,bear,,,0.9464,0.0007,0.0529,0.0529,4.451
2022-09-07 10:00:00+00:00,2022-09-07 10:15:00+00:00,-1,1710.77,1.039,1711.809,6.712,1705.097,2.078,0.3063,1136,1706.088,1710.77,2,rejection,london,bear,,,0.7612,0.0191,0.2198,0.2198,2.543
2022-09-21 19:15:00+00:00,2022-09-21 19:30:00+00:00,-1,1693.47,2.821,1696.291,16.889,1679.402,5.642,0.4052,1134,1686.777,1693.47,2,rejection,newyork,bear,,,0.7902,0.0675,0.1423,0.1423,8.87
2022-09-21 19:30:00+00:00,2022-09-21 19:45:00+00:00,-1,1688.17,2.881,1691.051,18.571,1672.48,5.762,0.3586,1143,1677.4,1682.5,2,rejection,newyork,bear,,,0.9453,0.0,0.0547,0.0547,7.287
2022-09-22 13:30:00+00:00,2022-09-22 13:45:00+00:00,-1,1684.947,2.217,1687.164,14.854,1672.31,4.435,0.3092,1143,1677.4,1682.5,2,rejection,overlap,bear,,,0.7062,0.2598,0.0339,0.0339,8.255
2022-09-22 14:30:00+00:00,2022-09-22 14:45:00+00:00,-1,1684.947,2.26,1687.206,15.041,1672.165,4.52,0.3152,1143,1677.4,1682.5,2,rejection,overlap,bear,,,0.9617,0.0106,0.0276,0.0276,5.967
2022-09-23 10:15:00+00:00,2022-09-23 10:30:00+00:00,-1,1665.056,1.35,1666.406,10.571,1655.835,2.7,0.3235,1144,1657.828,1661.906,2,rejection,london,bear,,,0.3614,0.6278,0.0108,0.0108,2.546
2022-09-23 13:30:00+00:00,2022-09-23 13:45:00+00:00,-1,1657.961,2.193,1660.154,12.316,1647.838,4.386,0.3155,1142,1651.385,1656.726,2,rejection,overlap,bear,,,0.8222,0.1042,0.0736,0.0736,5.926
2022-09-28 14:45:00+00:00,2022-09-28 15:00:00+00:00,-1,1656.726,2.195,1658.921,8.297,1650.624,4.391,0.3166,1142,1651.385,1656.726,2,rejection,overlap,bear,,,0.2306,0.4726,0.2968,0.2968,2.871
2022-09-29 11:15:00+00:00,2022-09-29 11:30:00+00:00,-1,1656.726,1.302,1658.028,8.451,1649.577,2.605,0.3071,1142,1651.385,1656.726,2,rejection,london,bear,,,0.4768,0.4779,0.0452,0.0452,2.222
2022-09-29 12:00:00+00:00,2022-09-29 12:15:00+00:00,-1,1656.726,1.298,1658.023,7.708,1650.315,2.595,0.3324,1142,1651.385,1656.726,2,rejection,overlap,bear,,,0.4497,0.2265,0.3238,0.3238,2.605
2022-09-29 12:30:00+00:00,2022-09-29 12:45:00+00:00,-1,1656.726,1.628,1658.353,8.021,1650.332,3.256,0.3311,1142,1651.385,1656.726,2,rejection,overlap,bear,,,0.6769,0.0177,0.3054,0.3054,8.123
2022-09-29 13:30:00+00:00,2022-09-29 13:45:00+00:00,-1,1661.906,1.873,1663.779,13.062,1650.717,3.746,0.3235,1144,1657.828,1661.906,2,rejection,overlap,bear,,,0.5938,0.377,0.0293,0.0293,7.737
2022-11-15 19:45:00+00:00,2022-11-15 20:00:00+00:00,1,1768.35,2.139,1766.211,12.419,1778.63,4.277,0.4246,1165,1770.423,1777.622,2,rejection,newyork,bear,,,0.7558,0.1628,0.0814,0.8372,3.686
2022-11-15 20:15:00+00:00,2022-11-15 20:30:00+00:00,1,1770.05,2.002,1768.048,10.457,1778.505,4.003,0.4395,1165,1770.423,1777.622,2,rejection,newyork,bear,,,0.0538,0.3082,0.638,0.6918,1.395
2022-11-15 23:00:00+00:00,2022-11-15 23:15:00+00:00,1,1770.423,1.536,1768.888,10.313,1779.2,3.071,0.5348,1165,1770.423,1777.622,2,rejection,off,bear,,,0.4355,0.1117,0.4529,0.8883,2.01
2022-11-16 15:30:00+00:00,2022-11-16 15:45:00+00:00,1,1770.423,1.494,1768.929,8.786,1777.715,2.988,0.4041,1165,1770.423,1777.622,2,rejection,overlap,bear,,,0.6452,0.322,0.0328,0.678,4.44
2022-11-16 15:45:00+00:00,2022-11-16 16:00:00+00:00,1,1770.423,1.478,1768.945,10.7,1779.646,2.957,0.4129,1165,1770.423,1777.622,2,rejection,overlap,bear,,,0.7649,0.0841,0.151,0.9159,2.55
2022-11-18 16:00:00+00:00,2022-11-18 16:15:00+00:00,1,1750.031,1.374,1748.657,9.018,1757.675,2.748,0.4224,1166,1751.042,1756.748,2,rejection,overlap,bear,,,0.1897,0.0307,0.7796,0.9693,1.45
2022-11-29 11:45:00+00:00,2022-11-29 12:00:00+00:00,1,1751.042,0.949,1750.092,7.308,1757.4,1.899,0.3989,1166,1751.042,1756.748,2,rejection,london,bear,,,0.8225,0.0152,0.1624,0.9848,2.341
2022-11-30 14:00:00+00:00,2022-11-30 14:15:00+00:00,1,1751.042,1.359,1749.683,8.217,1757.9,2.717,0.3915,1166,1751.042,1756.748,2,rejection,overlap,bear,,,0.8065,0.0148,0.1787,0.9852,3.385
2022-12-01 04:00:00+00:00,2022-12-01 04:15:00+00:00,1,1770.423,1.102,1769.322,8.358,1777.68,2.204,0.4545,1165,1770.423,1777.622,2,rejection,off,bear,,,0.6296,0.0614,0.309,0.9386,1.62
2022-12-01 08:00:00+00:00,2022-12-01 08:15:00+00:00,1,1770.423,1.175,1769.249,8.461,1777.71,2.349,0.395,1165,1770.423,1777.622,2,rejection,london,bear,,,0.7857,0.0,0.2143,1.0,2.909
2022-12-01 08:30:00+00:00,2022-12-01 08:45:00+00:00,1,1770.423,1.228,1769.196,9.474,1778.67,2.456,0.4035,1165,1770.423,1777.622,2,rejection,london,bear,,,0.7002,0.0534,0.2465,0.9466,3.185
2022-12-01 09:30:00+00:00,2022-12-01 09:45:00+00:00,1,1770.423,1.15,1769.273,8.377,1777.65,2.301,0.3964,1165,1770.423,1777.622,2,rejection,london,bear,,,0.0848,0.3188,0.5964,0.6812,1.945
2022-12-01 09:45:00+00:00,2022-12-01 10:00:00+00:00,1,1770.423,1.135,1769.289,9.006,1778.295,2.27,0.3993,1165,1770.423,1777.622,2,rejection,london,bear,,,0.3351,0.2493,0.4155,0.7507,1.865
2022-12-02 16:00:00+00:00,2022-12-02 16:15:00+00:00,1,1780.985,1.894,1779.091,10.659,1789.75,3.788,0.3915,1167,1782.629,1789.051,2,rejection,overlap,bear,,,0.7255,0.0675,0.207,0.9325,5.485
2022-12-02 16:15:00+00:00,2022-12-02 16:30:00+00:00,1,1780.985,1.864,1779.121,11.52,1790.64,3.728,0.4203,1167,1782.629,1789.051,2,rejection,overlap,bear,,,0.2888,0.0779,0.6333,0.9221,2.945
2022-12-05 15:30:00+00:00,2022-12-05 15:45:00+00:00,1,1770.423,1.618,1768.806,8.874,1777.68,3.236,0.4007,1165,1770.423,1777.622,2,rejection,overlap,bear,,,0.5942,0.1002,0.3056,0.8998,4.84
2022-12-05 15:45:00+00:00,2022-12-05 16:00:00+00:00,1,1770.423,1.566,1768.857,9.138,1777.995,3.132,0.3954,1165,1770.423,1777.622,2,rejection,overlap,bear,,,0.1933,0.1289,0.6779,0.8711,1.785
2022-12-07 16:15:00+00:00,2022-12-07 16:30:00+00:00,1,1770.423,1.682,1768.741,9.379,1778.12,3.365,0.4082,1165,1770.423,1777.622,2,rejection,overlap,bear,,,0.5668,0.164,0.2692,0.836,2.101
2022-12-07 19:30:00+00:00,2022-12-07 19:45:00+00:00,1,1781.611,1.277,1780.333,8.922,1789.255,2.555,0.3949,1167,1782.629,1789.051,2,rejection,newyork,bear,,,0.7682,0.0468,0.1851,0.9532,2.245
2022-12-08 13:45:00+00:00,2022-12-08 14:00:00+00:00,1,1782.629,1.088,1781.541,8.039,1789.58,2.177,0.4054,1167,1782.629,1789.051,2,rejection,overlap,bear,,,0.6019,0.1617,0.2364,0.8383,3.281
2022-12-08 14:15:00+00:00,2022-12-08 14:30:00+00:00,1,1782.629,1.149,1781.48,8.69,1790.17,2.298,0.3873,1167,1782.629,1789.051,2,rejection,overlap,bear,,,0.3787,0.176,0.4453,0.824,3.38
2022-12-08 14:45:00+00:00,2022-12-08 15:00:00+00:00,1,1782.629,1.454,1781.175,11.34,1792.515,2.908,0.4035,1167,1782.629,1789.051,2,rejection,overlap,bear,,,0.9447,0.0241,0.0312,0.9759,6.88
2022-12-08 16:30:00+00:00,2022-12-08 16:45:00+00:00,1,1782.629,1.454,1781.175,8.66,1789.835,2.908,0.3854,1167,1782.629,1789.051,2,rejection,newyork,bear,,,0.6061,0.2776,0.1163,0.7224,3.654
2022-12-08 18:15:00+00:00,2022-12-08 18:30:00+00:00,1,1782.629,1.179,1781.45,7.99,1789.44,2.358,0.3794,1167,1782.629,1789.051,2,rejection,newyork,bear,,,0.6371,0.1105,0.2524,0.8895,2.041
2022-12-08 19:30:00+00:00,2022-12-08 19:45:00+00:00,1,1782.629,1.115,1781.515,8.13,1789.645,2.229,0.3829,1167,1782.629,1789.051,2,rejection,newyork,bear,,,0.5955,0.1096,0.2949,0.8904,1.78
2022-12-12 15:00:00+00:00,2022-12-12 15:15:00+00:00,1,1782.629,1.138,1781.491,7.769,1789.26,2.276,0.4094,1167,1782.629,1789.051,2,rejection,overlap,bear,,,0.2603,0.2592,0.4805,0.7408,3.84
2023-01-05 16:00:00+00:00,2023-01-05 16:15:00+00:00,1,1818.273,1.865,1816.408,14.567,1830.975,3.73,0.3202,1181,1818.273,1826.718,4,rejection,overlap,bull,,,0.7465,0.0295,0.224,0.9705,5.424
2023-01-11 10:15:00+00:00,2023-01-11 10:30:00+00:00,1,1878.77,0.972,1877.798,6.497,1884.295,1.945,0.3399,1191,1878.77,1883.659,2,rejection,london,bull,,,0.0316,0.2483,0.7201,0.7517,1.47
2023-01-11 10:45:00+00:00,2023-01-11 11:00:00+00:00,1,1878.77,0.998,1877.773,7.082,1884.855,1.995,0.3409,1191,1878.77,1883.659,2,rejection,london,bull,,,0.7557,0.1719,0.0724,0.8281,2.21
2023-01-20 09:15:00+00:00,2023-01-20 09:30:00+00:00,1,1923.692,1.312,1922.38,9.265,1931.645,2.623,0.3483,1196,1923.692,1931.34,2,rejection,london,bull,,,0.7226,0.2276,0.0499,0.7724,4.41
2023-01-20 09:30:00+00:00,2023-01-20 09:45:00+00:00,1,1923.692,1.275,1922.417,9.323,1931.74,2.55,0.3427,1196,1923.692,1931.34,2,rejection,london,bull,,,0.066,0.3145,0.6195,0.6855,1.59
2023-01-23 20:30:00+00:00,2023-01-23 20:45:00+00:00,1,1923.692,1.273,1922.419,9.116,1931.535,2.546,0.3404,1196,1923.692,1931.34,2,rejection,newyork,bull,,,0.812,0.0508,0.1372,0.9492,3.317
2023-01-23 21:00:00+00:00,2023-01-23 21:15:00+00:00,1,1923.692,1.177,1922.514,8.887,1931.401,2.355,0.3413,1196,1923.692,1931.34,2,rejection,newyork,bull,,,0.2228,0.0103,0.7669,0.9897,0.822
2023-01-25 08:15:00+00:00,2023-01-25 08:30:00+00:00,1,1923.692,1.162,1922.53,9.015,1931.545,2.323,0.3185,1196,1923.692,1931.34,2,rejection,london,bull,,,0.1821,0.1934,0.6245,0.8066,2.224
2023-01-25 15:30:00+00:00,2023-01-25 15:45:00+00:00,1,1919.871,1.705,1918.166,13.369,1931.535,3.411,0.3187,1196,1923.692,1931.34,2,rejection,overlap,bull,,,0.1047,0.171,0.7243,0.829,3.041
2023-01-25 15:45:00+00:00,2023-01-25 16:00:00+00:00,1,1921.829,1.676,1920.152,12.883,1933.035,3.352,0.3227,1196,1923.692,1931.34,2,rejection,overlap,bull,,,0.573,0.2437,0.1833,0.7563,2.592
2023-01-25 16:15:00+00:00,2023-01-25 16:30:00+00:00,1,1923.692,1.791,1921.901,12.039,1933.94,3.581,0.3196,1196,1923.692,1931.34,2,rejection,overlap,bull,,,0.7972,0.122,0.0807,0.878,5.45
2023-01-26 18:30:00+00:00,2023-01-26 18:45:00+00:00,1,1923.692,1.727,1921.965,10.667,1932.631,3.454,0.3465,1196,1923.692,1931.34,2,rejection,newyork,bull,,,0.8515,0.0818,0.0666,0.9182,3.159
2023-01-27 15:45:00+00:00,2023-01-27 16:00:00+00:00,1,1914.678,1.805,1912.874,11.271,1924.145,3.61,0.3447,1201,1914.678,1923.192,4,rejection,overlap,bull,,,0.0082,0.0621,0.9297,0.9379,7.918
2023-01-27 19:00:00+00:00,2023-01-27 19:15:00+00:00,1,1923.692,1.404,1922.288,9.129,1931.417,2.808,0.3323,1196,1923.692,1931.34,2,rejection,newyork,bull,,,0.856,0.1428,0.0012,0.8572,1.285
2023-02-02 15:15:00+00:00,2023-02-02 15:30:00+00:00,1,1914.238,2.408,1911.83,13.12,1924.95,4.816,0.3461,1201,1914.238,1923.224,7,rejection,overlap,bull,,,0.5261,0.3118,0.1621,0.6882,7.66
2023-02-14 14:00:00+00:00,2023-02-14 14:15:00+00:00,-1,1871.661,2.193,1873.854,14.845,1859.009,4.386,0.3996,1192,1860.554,1871.661,5,rejection,overlap,bull,,,0.3783,0.3799,0.2417,0.2417,9.703
2023-02-14 15:15:00+00:00,2023-02-14 15:30:00+00:00,-1,1871.661,2.975,1874.636,15.826,1858.81,5.95,0.3779,1192,1860.554,1871.661,5,rejection,overlap,bull,,,0.8095,0.1328,0.0577,0.0577,7.277
2023-02-14 15:30:00+00:00,2023-02-14 15:45:00+00:00,-1,1871.661,2.961,1874.621,19.488,1855.133,5.921,0.3727,1192,1860.554,1871.661,5,rejection,overlap,bull,,,0.6739,0.3102,0.016,0.016,5.545
2023-02-14 16:15:00+00:00,2023-02-14 16:30:00+00:00,-1,1865.754,2.925,1868.679,20.839,1847.84,5.851,0.3817,1207,1848.437,1854.829,2,rejection,overlap,bull,,,0.3775,0.5832,0.0393,0.0393,5.507
2023-02-14 17:15:00+00:00,2023-02-14 17:30:00+00:00,-1,1860.59,2.62,1863.21,15.55,1847.66,5.24,0.3409,1207,1848.437,1854.829,2,rejection,newyork,bull,,,0.8718,0.1282,0.0,0.0,2.457
2023-02-14 17:30:00+00:00,2023-02-14 17:45:00+00:00,-1,1856.12,2.535,1858.655,11.33,1847.325,5.07,0.3353,1207,1848.437,1854.829,2,rejection,newyork,bull,,,0.124,0.5656,0.3104,0.3104,2.862
2023-02-22 12:30:00+00:00,2023-02-22 12:45:00+00:00,-1,1849.384,1.21,1850.594,8.714,1841.88,2.419,0.3438,1212,1843.487,1849.384,2,rejection,london,bull,,,0.208,0.7565,0.0354,0.0354,4.333
2023-02-23 03:15:00+00:00,2023-02-23 03:30:00+00:00,-1,1832.367,0.866,1833.233,4.799,1828.434,1.732,0.3314,1211,1828.523,1832.367,2,rejection,off,bull,,,0.9825,0.0175,0.0,0.0,1.428
2023-02-23 03:30:00+00:00,2023-02-23 03:45:00+00:00,-1,1832.367,0.845,1833.212,5.238,1827.974,1.689,0.3394,1211,1828.523,1832.367,2,rejection,off,bull,,,0.4048,0.4561,0.139,0.139,1.14
2023-02-23 05:00:00+00:00,2023-02-23 05:15:00+00:00,-1,1832.367,0.744,1833.112,4.737,1828.375,1.489,0.3431,1211,1828.523,1832.367,2,rejection,off,bull,,,0.9115,0.0,0.0885,0.0885,1.695
2023-02-23 05:15:00+00:00,2023-02-23 05:30:00+00:00,-1,1832.367,0.735,1833.102,4.752,1828.35,1.47,0.337,1211,1828.523,1832.367,2,rejection,off,bull,,,0.0369,0.8238,0.1393,0.1393,1.22
2023-02-23 08:15:00+00:00,2023-02-23 08:30:00+00:00,-1,1833.885,0.927,1834.812,7.14,1827.671,1.854,0.33,1211,1828.523,1832.367,2,rejection,london,bull,,,0.1716,0.5558,0.2725,0.2725,1.859
2023-02-24 13:00:00+00:00,2023-02-24 13:15:00+00:00,-1,1822.66,1.103,1823.763,7.972,1815.791,2.206,0.3564,1213,1815.793,1820.721,2,rejection,overlap,bull,,,0.6557,0.0239,0.3204,0.3204,2.153
2023-02-24 14:00:00+00:00,2023-02-24 14:15:00+00:00,-1,1820.721,1.367,1822.088,9.993,1812.095,2.734,0.4025,1213,1815.793,1820.721,2,rejection,overlap,bull,,,0.8436,0.0766,0.0798,0.0798,4.197
2023-02-27 14:00:00+00:00,2023-02-27 14:15:00+00:00,-1,1820.721,1.046,1821.767,6.539,1815.229,2.093,0.3284,1213,1815.793,1820.721,2,rejection,overlap,bull,,,0.0245,0.6566,0.3189,0.3189,2.505
2023-02-27 14:30:00+00:00,2023-02-27 14:45:00+00:00,-1,1820.721,1.098,1821.819,6.554,1815.265,2.196,0.3254,1213,1815.793,1820.721,2,rejection,overlap,bull,,,0.4124,0.4084,0.1792,0.1792,2.873
2023-02-27 15:30:00+00:00,2023-02-27 15:45:00+00:00,-1,1820.721,1.258,1821.979,6.684,1815.295,2.517,0.3265,1213,1815.793,1820.721,2,rejection,overlap,bull,,,0.666,0.0309,0.3032,0.3032,4.7
2023-02-27 16:00:00+00:00,2023-02-27 16:15:00+00:00,-1,1820.721,1.222,1821.942,7.996,1813.947,2.443,0.3236,1213,1815.793,1820.721,2,rejection,overlap,bull,,,0.6066,0.3126,0.0807,0.0807,2.415
2023-02-28 18:45:00+00:00,2023-02-28 19:00:00+00:00,-1,1832.367,1.251,1833.619,5.469,1828.149,2.503,0.3368,1211,1828.523,1832.367,2,rejection,newyork,bull,,,0.9204,0.0215,0.0581,0.0581,1.859
2023-03-01 02:45:00+00:00,2023-03-01 03:00:00+00:00,-1,1832.367,0.761,1833.128,5.318,1827.81,1.522,0.3358,1211,1828.523,1832.367,2,rejection,off,bull,,,0.6439,0.1171,0.239,0.239,1.025
2023-03-07 18:00:00+00:00,2023-03-07 18:15:00+00:00,-1,1823.211,1.511,1824.722,9.044,1815.678,3.022,0.3248,1213,1815.793,1820.721,2,rejection,newyork,bull,,,0.4223,0.3147,0.263,0.263,3.422
2023-03-07 18:30:00+00:00,2023-03-07 18:45:00+00:00,-1,1823.211,1.471,1824.683,9.896,1814.786,2.942,0.3259,1213,1815.793,1820.721,2,rejection,newyork,bull,,,0.4224,0.4587,0.1189,0.1189,2.423
2023-03-08 17:45:00+00:00,2023-03-08 18:00:00+00:00,-1,1821.939,1.268,1823.206,7.535,1815.671,2.536,0.3399,1213,1815.793,1820.721,2,rejection,newyork,bull,,,0.7889,0.075,0.136,0.136,2.952
2023-03-08 18:30:00+00:00,2023-03-08 18:45:00+00:00,-1,1820.721,1.218,1821.939,7.954,1813.985,2.435,0.328,1213,1815.793,1820.721,2,rejection,newyork,bull,,,0.3288,0.5079,0.1633,0.1633,2.205
2023-03-08 20:00:00+00:00,2023-03-08 20:15:00+00:00,-1,1820.721,1.004,1821.725,6.405,1815.32,2.008,0.316,1213,1815.793,1820.721,2,rejection,newyork,bull,,,0.7955,0.053,0.1515,0.1515,1.32
2023-03-13 02:00:00+00:00,2023-03-13 02:15:00+00:00,1,1868.264,2.077,1866.187,9.577,1875.764,4.153,0.3399,1208,1868.264,1874.656,2,rejection,off,bull,,,0.7386,0.0996,0.1618,0.9004,3.575
2023-03-13 07:30:00+00:00,2023-03-13 07:45:00+00:00,1,1868.264,1.624,1866.64,10.945,1877.585,3.248,0.3273,1208,1868.264,1874.656,2,rejection,off,bull,,,0.881,0.119,0.0,0.881,4.83
2023-03-21 17:45:00+00:00,2023-03-21 18:00:00+00:00,1,1930.499,2.158,1928.341,13.209,1941.55,4.316,0.3406,1224,1930.499,1940.506,2,rejection,newyork,bull,,,0.8666,0.0121,0.1213,0.9879,3.71
2023-04-12 14:00:00+00:00,2023-04-12 14:15:00+00:00,1,1999.826,2.364,1997.463,12.832,2010.295,4.728,0.3669,1229,1999.826,2006.586,2,rejection,overlap,bull,,,0.3894,0.1105,0.5001,0.8895,6.11
2023-04-12 15:15:00+00:00,2023-04-12 15:30:00+00:00,1,1999.826,2.293,1997.533,11.21,2008.744,4.587,0.3791,1229,1999.826,2006.586,2,rejection,overlap,bull,,,0.4782,0.2277,0.2941,0.7723,3.542
2023-04-12 16:00:00+00:00,2023-04-12 16:15:00+00:00,1,1999.826,2.129,1997.698,10.494,2008.191,4.257,0.3825,1229,1999.826,2006.586,2,rejection,newyork,bull,,,0.7174,0.1072,0.1754,0.8928,3.25
2023-04-12 18:00:00+00:00,2023-04-12 18:15:00+00:00,1,2005.29,1.704,2003.586,11.055,2014.642,3.407,0.3773,1226,2005.29,2012.061,2,rejection,newyork,bull,,,0.8339,0.0748,0.0914,0.9252,3.611
2023-04-13 15:00:00+00:00,2023-04-13 15:15:00+00:00,1,2025.936,1.984,2023.952,13.373,2037.325,3.968,0.3399,1235,2025.936,2034.536,2,rejection,overlap,bull,,,0.6624,0.3085,0.0291,0.6915,4.635
2023-04-17 08:00:00+00:00,2023-04-17 08:15:00+00:00,1,2005.29,1.226,2004.064,8.476,2012.54,2.452,0.3307,1226,2005.29,2012.061,2,rejection,london,bull,,,0.4891,0.0855,0.4254,0.9145,3.374
2023-04-18 16:45:00+00:00,2023-04-18 17:00:00+00:00,1,1999.826,1.458,1998.369,8.885,2007.254,2.915,0.3453,1229,1999.826,2006.586,2,rejection,newyork,bull,,,0.7711,0.0156,0.2132,0.9844,2.047
2023-04-20 17:00:00+00:00,2023-04-20 17:15:00+00:00,1,1999.284,1.623,1997.66,9.525,2007.185,3.246,0.3297,1229,1999.826,2006.586,2,rejection,newyork,bull,,,0.7076,0.2083,0.0841,0.7917,1.92
2023-04-20 17:45:00+00:00,2023-04-20 18:00:00+00:00,1,1999.826,1.496,1998.33,8.389,2006.72,2.993,0.3473,1229,1999.826,2006.586,2,rejection,newyork,bull,,,0.7353,0.2358,0.0289,0.7642,1.556
2023-05-10 13:30:00+00:00,2023-05-10 13:45:00+00:00,1,2025.119,1.988,2023.13,12.984,2036.115,3.977,0.3068,1235,2025.898,2034.574,3,rejection,overlap,bull,,,0.3647,0.3103,0.325,0.6897,5.909
2023-05-11 14:00:00+00:00,2023-05-11 14:15:00+00:00,1,2003.794,2.374,2001.42,13.713,2015.133,4.748,0.3731,1226,2003.794,2014.691,6,rejection,overlap,bull,,,0.6103,0.3162,0.0735,0.6838,3.736
2023-05-26 13:45:00+00:00,2023-05-26 14:00:00+00:00,-1,1956.434,1.347,1957.781,10.704,1947.077,2.695,0.3709,1249,1949.856,1956.434,2,rejection,overlap,bull,,,0.8147,0.0036,0.1817,0.1817,3.723
2023-05-26 14:15:00+00:00,2023-05-26 14:30:00+00:00,-1,1956.434,1.457,1957.891,9.846,1948.045,2.914,0.3479,1249,1949.856,1956.434,2,rejection,overlap,bull,,,0.6332,0.3465,0.0203,0.0203,3.964
2023-06-20 15:15:00+00:00,2023-06-20 15:30:00+00:00,-1,1942.275,1.555,1943.83,9.445,1934.385,3.11,0.3185,1252,1934.855,1942.275,5,rejection,overlap,bull,,,0.5909,0.2955,0.1136,0.1136,2.42
2023-06-21 17:15:00+00:00,2023-06-21 17:30:00+00:00,-1,1942.275,1.456,1943.73,9.744,1933.986,2.911,0.3444,1252,1934.855,1942.275,5,rejection,newyork,bull,,,0.0028,0.791,0.2062,0.2062,1.77
2023-06-21 17:45:00+00:00,2023-06-21 18:00:00+00:00,-1,1942.275,1.359,1943.634,9.409,1934.225,2.718,0.3267,1252,1934.855,1942.275,5,rejection,newyork,bull,,,0.267,0.685,0.048,0.048,1.667
2023-06-21 19:00:00+00:00,2023-06-21 19:15:00+00:00,-1,1942.275,1.229,1943.504,9.078,1934.427,2.459,0.3319,1252,1934.855,1942.275,5,rejection,newyork,bull,,,0.7069,0.0572,0.2359,0.2359,2.183
2023-06-22 11:15:00+00:00,2023-06-22 11:30:00+00:00,-1,1934.013,0.987,1935.001,7.356,1927.645,1.975,0.318,1255,1927.927,1934.013,2,rejection,london,bull,,,0.4186,0.3118,0.2696,0.2696,2.951
2023-06-22 12:30:00+00:00,2023-06-22 12:45:00+00:00,-1,1934.013,1.178,1935.191,9.116,1926.075,2.355,0.3395,1255,1927.927,1934.013,2,rejection,overlap,bull,,,0.0399,0.9472,0.0129,0.0129,5.03
2023-07-03 14:00:00+00:00,2023-07-03 14:15:00+00:00,-1,1934.013,1.315,1935.329,9.193,1926.135,2.63,0.3551,1255,1927.927,1934.013,2,rejection,overlap,bull,,,0.009,0.8103,0.1808,0.1808,6.085
2023-07-03 15:00:00+00:00,2023-07-03 15:15:00+00:00,-1,1934.013,1.432,1935.445,8.115,1927.33,2.863,0.3363,1255,1927.927,1934.013,2,rejection,overlap,bull,,,0.733,0.0419,0.2251,0.2251,3.89
2023-07-07 15:00:00+00:00,2023-07-07 15:15:00+00:00,-1,1939.22,1.782,1941.002,11.517,1929.485,3.565,0.3439,1261,1933.535,1939.22,3,rejection,overlap,bull,,,0.5888,0.1643,0.2469,0.2469,7.211
2023-07-07 15:45:00+00:00,2023-07-07 16:00:00+00:00,-1,1934.915,1.702,1936.617,8.927,1927.69,3.405,0.3347,1255,1927.927,1934.013,2,rejection,newyork,bull,,,0.6026,0.0851,0.3123,0.3123,3.619
2023-07-18 13:45:00+00:00,2023-07-18 14:00:00+00:00,1,1960.798,1.835,1958.963,12.45,1971.414,3.67,0.3327,1251,1962.18,1969.618,4,rejection,overlap,bull,,,0.653,0.0322,0.3149,0.9678,4.975
2023-07-20 14:45:00+00:00,2023-07-20 15:00:00+00:00,1,1962.18,1.706,1960.474,10.101,1970.575,3.412,0.3254,1251,1962.18,1969.618,4,rejection,overlap,bull,,,0.8297,0.0717,0.0987,0.9283,4.815
2023-07-20 17:30:00+00:00,2023-07-20 17:45:00+00:00,1,1962.18,1.313,1960.867,9.248,1970.115,2.626,0.3193,1251,1962.18,1969.618,4,rejection,newyork,bull,,,0.8064,0.0849,0.1088,0.9151,1.885
2023-07-21 15:30:00+00:00,2023-07-21 15:45:00+00:00,1,1955.244,1.435,1953.809,8.523,1962.332,2.871,0.3245,1253,1955.244,1961.952,5,rejection,newyork,bull,,,0.6316,0.1786,0.1898,0.8214,2.66
2023-07-21 16:15:00+00:00,2023-07-21 16:30:00+00:00,1,1955.244,1.323,1953.921,8.375,1962.296,2.646,0.3268,1253,1955.244,1961.952,5,rejection,newyork,bull,,,0.9212,0.0788,0.0,0.9212,1.523
2023-07-21 16:30:00+00:00,2023-07-21 16:45:00+00:00,1,1955.244,1.275,1953.969,8.481,1962.45,2.551,0.3313,1253,1955.244,1961.952,5,rejection,newyork,bull,,,0.1214,0.2655,0.6132,0.7345,1.319
2023-07-25 14:00:00+00:00,2023-07-25 14:15:00+00:00,1,1949.432,1.485,1947.947,11.873,1959.82,2.969,0.3479,1249,1949.432,1958.211,8,rejection,overlap,bull,,,0.3721,0.0388,0.5891,0.9612,8.109
2023-07-25 14:30:00+00:00,2023-07-25 14:45:00+00:00,1,1949.432,1.496,1947.936,11.37,1959.306,2.992,0.3361,1249,1949.432,1958.211,8,rejection,overlap,bull,,,0.3167,0.3289,0.3544,0.6711,3.447
2023-07-25 17:15:00+00:00,2023-07-25 17:30:00+00:00,1,1955.244,1.2,1954.044,8.519,1962.563,2.4,0.3079,1253,1955.244,1961.952,5,rejection,newyork,bull,,,0.2805,0.0457,0.6738,0.9543,1.313
2023-08-03 13:00:00+00:00,2023-08-03 13:15:00+00:00,-1,1940.009,1.497,1941.506,10.471,1931.035,2.993,0.3263,1261,1933.4,1940.009,5,rejection,overlap,bull,,,0.4455,0.4128,0.1416,0.1416,4.13
2023-08-03 13:45:00+00:00,2023-08-03 14:00:00+00:00,-1,1940.009,1.62,1941.63,9.176,1932.454,3.24,0.3683,1261,1933.4,1940.009,5,rejection,overlap,bull,,,0.7843,0.0,0.2157,0.2157,3.871
2023-08-03 15:45:00+00:00,2023-08-03 16:00:00+00:00,-1,1940.009,1.554,1941.564,8.395,1933.168,3.109,0.3147,1261,1933.4,1940.009,5,rejection,newyork,bull,,,0.8902,0.0,0.1098,0.1098,2.81
2023-08-04 12:45:00+00:00,2023-08-04 13:00:00+00:00,-1,1947.708,1.339,1949.047,9.928,1939.119,2.677,0.3294,1270,1939.405,1947.708,3,rejection,overlap,bull,,,0.1818,0.7111,0.1071,0.1071,3.631
2023-08-04 14:45:00+00:00,2023-08-04 15:00:00+00:00,-1,1947.708,1.595,1949.302,10.212,1939.09,3.189,0.3177,1270,1939.405,1947.708,3,rejection,overlap,bull,,,0.9411,0.021,0.0379,0.0379,3.564
2023-08-25 16:30:00+00:00,2023-08-25 16:45:00+00:00,-1,1915.381,1.502,1916.883,7.133,1909.75,3.005,0.3086,1281,1910.413,1915.381,2,rejection,newyork,bull,,,0.4309,0.5691,0.0,0.0,0.89
2023-09-14 13:45:00+00:00,2023-09-14 14:00:00+00:00,-1,1910.425,1.278,1911.703,8.503,1903.2,2.556,0.3183,1298,1904.52,1908.832,2,rejection,overlap,bull,,,0.5155,0.2543,0.2302,0.2302,5.111
2023-09-14 15:15:00+00:00,2023-09-14 15:30:00+00:00,-1,1916.571,1.395,1917.966,9.451,1908.515,2.79,0.3107,1281,1910.594,1916.571,5,rejection,overlap,bull,,,0.8987,0.0449,0.0565,0.0565,3.01
2023-09-14 16:45:00+00:00,2023-09-14 17:00:00+00:00,-1,1916.571,1.282,1917.853,7.556,1910.296,2.563,0.32,1281,1910.594,1916.571,5,rejection,newyork,bull,,,0.7449,0.0444,0.2107,0.2107,1.803
2023-09-14 17:30:00+00:00,2023-09-14 17:45:00+00:00,-1,1916.571,1.188,1917.76,8.208,1909.552,2.377,0.3225,1281,1910.594,1916.571,5,rejection,newyork,bull,,,0.7989,0.0924,0.1086,0.1086,2.164
2023-09-15 02:00:00+00:00,2023-09-15 02:15:00+00:00,-1,1917.937,0.632,1918.569,3.565,1915.004,1.263,0.3166,1297,1915.063,1917.937,2,rejection,off,bull,,,0.3648,0.4471,0.188,0.188,1.197
2023-09-15 03:00:00+00:00,2023-09-15 03:15:00+00:00,-1,1917.937,0.578,1918.515,3.742,1914.774,1.157,0.3064,1297,1915.063,1917.937,2,rejection,off,bull,,,0.8768,0.0309,0.0922,0.0922,0.921
2023-10-30 14:00:00+00:00,2023-10-30 14:15:00+00:00,1,1991.201,1.385,1989.816,10.766,2000.582,2.77,0.3205,1317,1991.201,1999.651,2,rejection,overlap,bull,,,0.5433,0.3211,0.1356,0.6789,3.64
2023-10-30 15:15:00+00:00,2023-10-30 15:30:00+00:00,1,1991.201,1.567,1989.634,10.521,2000.155,3.134,0.4085,1317,1991.201,1999.651,2,rejection,overlap,bull,,,0.7604,0.1042,0.1354,0.8958,3.249
2023-11-27 04:30:00+00:00,2023-11-27 04:45:00+00:00,1,2004.497,1.268,2003.228,10.027,2013.255,2.536,0.3204,1323,2004.497,2011.525,4,rejection,off,bull,,,0.9612,0.0,0.0388,1.0,2.96
2023-11-27 05:30:00+00:00,2023-11-27 05:45:00+00:00,1,2004.497,1.163,2003.334,8.826,2012.16,2.326,0.3329,1323,2004.497,2011.525,4,rejection,off,bull,,,0.6184,0.2573,0.1243,0.7427,1.569
2023-11-27 06:00:00+00:00,2023-11-27 06:15:00+00:00,1,2004.497,1.132,2003.365,8.267,2011.631,2.263,0.3313,1323,2004.497,2011.525,4,rejection,off,bull,,,0.4885,0.2254,0.2861,0.7746,1.917
2023-11-27 18:15:00+00:00,2023-11-27 18:30:00+00:00,1,2004.497,1.108,2003.389,8.748,2012.137,2.216,0.3289,1323,2004.497,2011.525,4,rejection,newyork,bull,,,0.7174,0.0429,0.2396,0.9571,1.746
2023-12-08 15:15:00+00:00,2023-12-08 15:30:00+00:00,1,2002.66,2.111,2000.549,13.172,2013.722,4.222,0.3225,1323,2004.497,2011.525,4,rejection,overlap,bull,,,0.5461,0.2644,0.1895,0.7356,4.59
2023-12-14 16:30:00+00:00,2023-12-14 16:45:00+00:00,1,2030.385,1.89,2028.495,11.888,2040.383,3.78,0.3278,1339,2030.385,2038.975,2,rejection,newyork,bull,,,0.5508,0.1013,0.3479,0.8987,2.63
2023-12-15 15:00:00+00:00,2023-12-15 15:15:00+00:00,1,2024.909,1.807,2023.102,13.883,2036.985,3.614,0.3287,1340,2024.909,2034.203,2,rejection,overlap,bull,,,0.716,0.0592,0.2247,0.9408,5.235
2023-12-15 16:00:00+00:00,2023-12-15 16:15:00+00:00,1,2024.909,1.697,2023.212,12.053,2035.265,3.393,0.3293,1340,2024.909,2034.203,2,rejection,overlap,bull,,,0.0278,0.1906,0.7816,0.8094,2.335
2023-12-15 17:15:00+00:00,2023-12-15 17:30:00+00:00,1,2024.909,1.453,2023.456,10.914,2034.37,2.906,0.3085,1340,2024.909,2034.203,2,rejection,newyork,bull,,,0.7327,0.124,0.1433,0.876,1.221
2024-01-19 16:15:00+00:00,2024-01-19 16:30:00+00:00,-1,2033.709,1.456,2035.165,9.965,2025.2,2.912,0.3383,1340,2025.294,2033.709,4,rejection,overlap,bull,,,0.6153,0.2056,0.1791,0.1791,3.015
2024-01-19 16:30:00+00:00,2024-01-19 16:45:00+00:00,-1,2033.709,1.45,2035.159,11.284,2023.875,2.899,0.318,1340,2025.294,2033.709,4,rejection,newyork,bull,,,0.4908,0.4084,0.1007,0.1007,2.73
2024-03-17 22:15:00+00:00,2024-03-17 22:30:00+00:00,1,2148.516,1.056,2147.46,7.99,2155.45,2.112,0.3309,1374,2148.516,2154.968,2,rejection,off,bull,,,0.5427,0.1212,0.3361,0.8788,1.815
2024-03-17 22:45:00+00:00,2024-03-17 23:00:00+00:00,1,2148.516,1.014,2147.501,7.559,2155.06,2.029,0.3494,1374,2148.516,2154.968,2,rejection,off,bull,,,0.3888,0.1588,0.4523,0.8412,1.385
2024-03-19 11:30:00+00:00,2024-03-19 11:45:00+00:00,1,2148.516,1.044,2147.472,8.22,2155.691,2.089,0.3105,1374,2148.516,2154.968,2,rejection,london,bull,,,0.4798,0.0911,0.4291,0.9089,1.41
2024-03-19 16:15:00+00:00,2024-03-19 16:30:00+00:00,1,2148.516,1.303,2147.213,8.362,2155.575,2.606,0.32,1374,2148.516,2154.968,2,rejection,overlap,bull,,,0.7265,0.2551,0.0184,0.7449,1.98
2024-03-19 17:15:00+00:00,2024-03-19 17:30:00+00:00,1,2148.516,1.239,2147.276,9.224,2156.5,2.479,0.3336,1374,2148.516,2154.968,2,rejection,newyork,bull,,,0.3377,0.0855,0.5768,0.9145,2.28
2024-03-20 18:15:00+00:00,2024-03-20 18:30:00+00:00,1,2156.444,1.798,2154.646,14.344,2168.99,3.597,0.354,1371,2161.755,2166.703,2,rejection,newyork,bull,,,0.1903,0.0119,0.7978,0.9881,5.045
2024-06-10 16:30:00+00:00,2024-06-10 16:45:00+00:00,-1,2318.521,1.747,2320.269,9.212,2311.056,3.495,0.3839,1413,2311.979,2318.521,2,rejection,newyork,bull,,,0.4881,0.3276,0.1843,0.1843,3.419
2024-06-10 17:15:00+00:00,2024-06-10 17:30:00+00:00,-1,2318.521,1.671,2320.193,10.706,2309.486,3.343,0.3695,1413,2311.979,2318.521,2,rejection,newyork,bull,,,0.831,0.0962,0.0727,0.0727,3.273
2024-06-10 17:45:00+00:00,2024-06-10 18:00:00+00:00,-1,2318.521,1.609,2320.13,8.163,2311.966,3.217,0.361,1413,2311.979,2318.521,2,rejection,newyork,bull,,,0.2159,0.7807,0.0033,0.0033,1.505
2024-06-10 19:15:00+00:00,2024-06-10 19:30:00+00:00,-1,2318.521,1.291,2319.812,8.513,2311.298,2.581,0.3621,1413,2311.979,2318.521,2,rejection,newyork,bull,,,0.514,0.4008,0.0852,0.0852,0.998
2024-07-08 16:30:00+00:00,2024-07-08 16:45:00+00:00,1,2346.669,2.07,2344.599,12.827,2357.427,4.139,0.3983,1422,2346.669,2356.67,3,rejection,newyork,bull,,,0.8759,0.0199,0.1042,0.9801,3.69
2024-07-08 17:30:00+00:00,2024-07-08 17:45:00+00:00,1,2346.669,1.919,2344.75,14.16,2358.91,3.838,0.3978,1422,2346.669,2356.67,3,rejection,newyork,bull,,,0.7516,0.1951,0.0533,0.8049,3.698
2024-07-08 18:45:00+00:00,2024-07-08 19:00:00+00:00,1,2346.669,1.597,2345.072,11.603,2356.675,3.194,0.3388,1422,2346.669,2356.67,3,rejection,newyork,bull,,,0.354,0.0586,0.5874,0.9414,1.878
2024-07-09 15:30:00+00:00,2024-07-09 15:45:00+00:00,1,2346.483,2.199,2344.284,13.224,2357.508,4.397,0.3787,1422,2346.483,2356.856,4,rejection,newyork,bull,,,0.9087,0.022,0.0693,0.978,4.912
2024-08-14 16:30:00+00:00,2024-08-14 16:45:00+00:00,1,2434.053,2.498,2431.556,11.439,2442.995,4.995,0.3869,1430,2434.053,2442.863,2,rejection,newyork,bull,,,0.3123,0.182,0.5057,0.818,5.908
2024-08-14 16:45:00+00:00,2024-08-14 17:00:00+00:00,1,2434.053,2.412,2431.642,12.642,2444.284,4.823,0.3743,1430,2434.053,2442.863,2,rejection,newyork,bull,,,0.5226,0.3114,0.166,0.6886,2.59
2024-08-14 18:15:00+00:00,2024-08-14 18:30:00+00:00,1,2434.053,1.99,2432.063,11.882,2443.945,3.981,0.3829,1430,2434.053,2442.863,2,rejection,newyork,bull,,,0.839,0.0571,0.1038,0.9429,2.6
2024-08-15 13:15:00+00:00,2024-08-15 13:30:00+00:00,1,2432.235,2.702,2429.533,21.492,2451.025,5.405,0.3703,1430,2434.053,2442.863,2,rejection,overlap,bull,,,0.9393,0.0203,0.0403,0.9797,14.03
2024-08-15 13:45:00+00:00,2024-08-15 14:00:00+00:00,1,2432.235,2.925,2429.31,15.2,2444.51,5.849,0.3933,1430,2434.053,2442.863,2,rejection,overlap,bull,,,0.0825,0.0682,0.8493,0.9318,8.948
2024-08-16 14:45:00+00:00,2024-08-16 15:00:00+00:00,1,2473.991,3.071,2470.921,16.308,2487.229,6.142,0.3837,1431,2473.991,2486.77,4,rejection,overlap,bull,,,0.3829,0.2385,0.3786,0.7615,6.735
2024-08-16 15:00:00+00:00,2024-08-16 15:15:00+00:00,1,2473.991,3.014,2470.977,18.933,2489.91,6.029,0.367,1431,2473.991,2486.77,4,rejection,overlap,bull,,,0.59,0.1816,0.2284,0.8184,4.562
2024-08-16 15:30:00+00:00,2024-08-16 15:45:00+00:00,1,2473.991,2.869,2471.123,18.752,2489.875,5.737,0.3808,1431,2473.991,2486.77,4,rejection,newyork,bull,,,0.5793,0.0535,0.3672,0.9465,4.367
2024-08-22 12:30:00+00:00,2024-08-22 12:45:00+00:00,1,2490.795,1.768,2489.026,13.904,2502.93,3.537,0.3794,1447,2490.795,2500.56,2,rejection,overlap,bull,,,0.5247,0.1463,0.329,0.8537,8.956
2024-08-28 12:45:00+00:00,2024-08-28 13:00:00+00:00,1,2490.795,1.469,2489.326,11.342,2500.668,2.937,0.3779,1447,2490.795,2500.56,2,rejection,overlap,bull,,,0.9377,0.0494,0.0129,0.9506,3.843
2024-08-28 16:30:00+00:00,2024-08-28 16:45:00+00:00,1,2490.795,2.063,2488.731,14.459,2503.19,4.126,0.3749,1447,2490.795,2500.56,2,rejection,newyork,bull,,,0.7621,0.1404,0.0975,0.8596,5.485
2024-10-01 15:00:00+00:00,2024-10-01 15:15:00+00:00,1,2646.736,2.571,2644.165,16.395,2660.56,5.142,0.3815,1462,2646.736,2657.976,2,rejection,overlap,bull,,,0.2002,0.0679,0.7319,0.9321,7.069
2024-10-01 18:15:00+00:00,2024-10-01 18:30:00+00:00,1,2646.736,2.738,2643.998,17.837,2661.835,5.476,0.413,1462,2646.736,2657.976,2,rejection,newyork,bull,,,0.661,0.0041,0.3349,0.9959,4.001
2024-10-03 09:30:00+00:00,2024-10-03 09:45:00+00:00,1,2638.192,1.474,2636.718,10.293,2647.012,2.949,0.3937,1464,2638.192,2646.224,2,rejection,london,bull,,,0.8213,0.1787,0.0,0.8213,3.685
2024-10-03 10:15:00+00:00,2024-10-03 10:30:00+00:00,1,2638.192,1.408,2636.785,10.105,2646.89,2.816,0.3775,1464,2638.192,2646.224,2,rejection,london,bull,,,0.8684,0.0,0.1316,1.0,2.101
2024-10-03 10:30:00+00:00,2024-10-03 10:45:00+00:00,1,2638.192,1.444,2636.748,10.817,2647.565,2.888,0.4033,1464,2638.192,2646.224,2,rejection,london,bull,,,0.1698,0.145,0.6853,0.855,3.828
2024-10-03 13:15:00+00:00,2024-10-03 13:30:00+00:00,1,2638.192,1.821,2636.371,13.114,2649.485,3.642,0.3981,1464,2638.192,2646.224,2,rejection,overlap,bull,,,0.9453,0.0547,0.0,0.9453,3.667
2024-10-03 14:00:00+00:00,2024-10-03 14:15:00+00:00,1,2637.445,2.368,2635.077,16.198,2651.275,4.735,0.4463,1464,2638.192,2646.224,2,rejection,overlap,bull,,,0.2223,0.1906,0.5871,0.8094,17.087
2024-10-03 16:30:00+00:00,2024-10-03 16:45:00+00:00,1,2646.355,2.422,2643.933,15.247,2659.18,4.845,0.4061,1462,2646.736,2657.976,2,rejection,newyork,bull,,,0.6864,0.2314,0.0821,0.7686,8.886
2024-10-03 16:45:00+00:00,2024-10-03 17:00:00+00:00,1,2646.736,2.425,2644.31,15.783,2660.093,4.85,0.3986,1462,2646.736,2657.976,2,rejection,newyork,bull,,,0.2211,0.0538,0.725,0.9462,4.922
2024-10-03 18:00:00+00:00,2024-10-03 18:15:00+00:00,1,2646.736,2.138,2644.597,13.688,2658.285,4.276,0.4005,1462,2646.736,2657.976,2,rejection,newyork,bull,,,0.5,0.0242,0.4758,0.9758,2.89
2024-10-03 19:00:00+00:00,2024-10-03 19:15:00+00:00,1,2646.736,1.799,2644.937,13.508,2658.445,3.598,0.3771,1462,2646.736,2657.976,2,rejection,newyork,bull,,,0.5584,0.0789,0.3627,0.9211,1.54
2024-12-27 12:15:00+00:00,2024-12-27 12:30:00+00:00,-1,2635.861,1.163,2637.024,8.398,2628.627,2.326,0.4699,1491,2629.707,2635.861,2,rejection,london,bull,,,0.5442,0.2983,0.1575,0.1575,3.587
